{"type": "FeatureCollection", "features": [{"type": "Feature", "id": 1, "geometry": {"type": "Polygon", "coordinates": [[[-148.222021879721, 76.2647777185781], [-134.747292617928, 76.2647777185781], [-134.747292617928, 72.6726762942099], [-148.222021879721, 72.6726762942099], [-148.222021879721, 76.2647777185781]]]}, "properties": {"FID": 1, "Shape_Leng": 6000000, "Grid": "A-1", "Shape__Area": 2250000000000, "Shape__Length": 6000000}}, {"type": "Feature", "id": 2, "geometry": {"type": "Polygon", "coordinates": [[[-148.222021879721, 72.6726762942099], [-134.747292617928, 72.6726762942099], [-134.747292617928, 68.1776762364547], [-148.222021879721, 68.1776762364547], [-148.222021879721, 72.6726762942099]]]}, "properties": {"FID": 2, "Shape_Leng": 6000000, "Grid": "A-2", "Shape__Area": 2250000000000, "Shape__Length": 6000000}}, {"type": "Feature", "id": 3, "geometry": {"type": "Polygon", "coordinates": [[[-148.222021879721, 68.1776762364547], [-134.747292617928, 68.1776762364547], [-134.747292617928, 62.5882773287332], [-148.222021879721, 62.5882773287332], [-148.222021879721, 68.1776762364547]]]}, "properties": {"FID": 3, "Shape_Leng": 6000000, "Grid": "A-3", "Shape__Area": 2250000000000, "Shape__Length": 6000000}}, {"type": "Feature", "id": 4, "geometry": {"type": "Polygon", "coordinates": [[[-148.222021879721, 62.5882773287332], [-134.747292617928, 62.5882773287332], [-134.747292617928, 55.7054441737093], [-148.222021879721, 55.7054441737093], [-148.222021879721, 62.5882773287332]]]}, "properties": {"FID": 4, "Shape_Leng": 6000000, "Grid": "A-4", "Shape__Area": 2250000000000, "Shape__Length": 6000000}}, {"type": "Feature", "id": 5, "geometry": {"type": "Polygon", "coordinates": [[[-148.222021879721, 55.7054441737093], [-134.747292617928, 55.7054441737093], [-134.747292617928, 47.3537047024331], [-148.222021879721, 47.3537047024331], [-148.222021879721, 55.7054441737093]]]}, "properties": {"FID": 5, "Shape_Leng": 6000000, "Grid": "A-5", "Shape__Area": 2250000000000, "Shape__Length": 6000000}}, {"type": "Feature", "id": 6, "geometry": {"type": "Polygon", "coordinates": [[[-148.222021879721, 47.3537047024331], [-134.747292617928, 47.3537047024331], [-134.747292617928, 37.4356072027454], [-148.222021879721, 37.4356072027454], [-148.222021879721, 47.3537047024331]]]}, "properties": {"FID": 6, "Shape_Leng": 6000000, "Grid": "A-6", "Shape__Area": 2250000000000, "Shape__Length": 6000000}}, {"type": "Feature", "id": 7, "geometry": {"type": "Polygon", "coordinates": [[[-148.222021879721, 37.4356072027454], [-134.747292617928, 37.4356072027454], [-134.747292617928, 26.0074202319812], [-148.222021879721, 26.0074202319812], [-148.222021879721, 37.4356072027454]]]}, "properties": {"FID": 7, "Shape_Leng": 6000000, "Grid": "A-7", "Shape__Area": 2250000000000, "Shape__Length": 6000000}}, {"type": "Feature", "id": 8, "geometry": {"type": "Polygon", "coordinates": [[[-136.25673605773, 13.3522076267078], [-148.222021879721, 13.3522076267078], [-148.222021879721, 26.0074202319812], [-134.747292617928, 26.0074202319812], [-134.747292617928, 18.8775827226671], [-134.747292617928, 13.3522076267078], [-136.25673605773, 13.3522076267078]]]}, "properties": {"FID": 8, "Shape_Leng": 6000000, "Grid": "A-8", "Shape__Area": 2250000000000, "Shape__Length": 6000000}}, {"type": "Feature", "id": 9, "geometry": {"type": "Polygon", "coordinates": [[[-138.953491476397, 0], [-148.222021879721, 0], [-148.222021879721, 13.3522076267078], [-136.25673605773, 13.3522076267078], [-134.747292617928, 13.3522076267078], [-134.747292617928, 0], [-138.953491476397, 0]]]}, "properties": {"FID": 9, "Shape_Leng": 6000000, "Grid": "A-9", "Shape__Area": 2250000000000, "Shape__Length": 6000000}}, {"type": "Feature", "id": 10, "geometry": {"type": "Polygon", "coordinates": [[[-140.520105846057, -13.3522076267078], [-148.222021879721, -13.3522076267078], [-148.222021879721, 0], [-138.953491476397, 0], [-134.747292617928, 0], [-134.747292617928, -13.3522076267078], [-140.520105846057, -13.3522076267078]]]}, "properties": {"FID": 10, "Shape_Leng": 6000000, "Grid": "A-10", "Shape__Area": 2250000000000, "Shape__Length": 6000000}}, {"type": "Feature", "id": 11, "geometry": {"type": "Polygon", "coordinates": [[[-140.987397717672, -26.0074202319812], [-148.222021879721, -26.0074202319812], [-148.222021879721, -13.3522076267078], [-140.520105846057, -13.3522076267078], [-134.747292617928, -13.3522076267078], [-134.747292617928, -26.0074202319812], [-140.987397717672, -26.0074202319812]]]}, "properties": {"FID": 11, "Shape_Leng": 6000000, "Grid": "A-11", "Shape__Area": 2250000000000, "Shape__Length": 6000000}}, {"type": "Feature", "id": 12, "geometry": {"type": "Polygon", "coordinates": [[[-140.366076701854, -37.4356072027454], [-148.222021879721, -37.4356072027454], [-148.222021879721, -26.0074202319812], [-140.987397717672, -26.0074202319812], [-134.747292617928, -26.0074202319812], [-134.747292617928, -37.4356072027454], [-140.366076701854, -37.4356072027454]]]}, "properties": {"FID": 12, "Shape_Leng": 6000000, "Grid": "A-12", "Shape__Area": 2250000000000, "Shape__Length": 6000000}}, {"type": "Feature", "id": 13, "geometry": {"type": "Polygon", "coordinates": [[[-138.6424631771, -47.3537047024331], [-148.222021879721, -47.3537047024331], [-148.222021879721, -37.4356072027454], [-140.366076701854, -37.4356072027454], [-134.747292617928, -37.4356072027454], [-134.747292617928, -47.3537047024331], [-138.6424631771, -47.3537047024331]]]}, "properties": {"FID": 13, "Shape_Leng": 6000000, "Grid": "A-13", "Shape__Area": 2250000000000, "Shape__Length": 6000000}}, {"type": "Feature", "id": 14, "geometry": {"type": "Polygon", "coordinates": [[[-135.105662064426, -55.7054441737093], [-148.222021879721, -55.7054441737093], [-148.222021879721, -47.3537047024331], [-138.6424631771, -47.3537047024331], [-134.747292617928, -47.3537047024331], [-134.747292617928, -53.7940061324121], [-134.747292617928, -55.7054441737093], [-134.786399743455, -55.7054441737093], [-135.105662064426, -55.7054441737093]]]}, "properties": {"FID": 14, "Shape_Leng": 6000000, "Grid": "A-14", "Shape__Area": 2250000000000, "Shape__Length": 6000000}}, {"type": "Feature", "id": 15, "geometry": {"type": "Polygon", "coordinates": [[[-134.747292617928, -62.5882773287332], [-148.222021879721, -62.5882773287332], [-148.222021879721, -55.7054441737093], [-135.105662064426, -55.7054441737093], [-134.786399743455, -55.7054441737093], [-134.747292617928, -55.7054441737093], [-134.747292617928, -55.7620509591386], [-134.747292617928, -56.2880422312815], [-134.747292617928, -62.5882773287332]]]}, "properties": {"FID": 15, "Shape_Leng": 6000000, "Grid": "A-15", "Shape__Area": 2250000000000, "Shape__Length": 6000000}}, {"type": "Feature", "id": 16, "geometry": {"type": "Polygon", "coordinates": [[[-148.222021879721, -62.5882773287332], [-134.747292617928, -62.5882773287332], [-134.747292617928, -68.1776762364548], [-148.222021879721, -68.1776762364548], [-148.222021879721, -62.5882773287332]]]}, "properties": {"FID": 16, "Shape_Leng": 6000000, "Grid": "A-16", "Shape__Area": 2250000000000, "Shape__Length": 6000000}}, {"type": "Feature", "id": 17, "geometry": {"type": "Polygon", "coordinates": [[[-148.222021879721, -68.1776762364548], [-134.747292617928, -68.1776762364548], [-134.747292617928, -72.6726762942099], [-148.222021879721, -72.6726762942099], [-148.222021879721, -68.1776762364548]]]}, "properties": {"FID": 17, "Shape_Leng": 6000000, "Grid": "A-17", "Shape__Area": 2250000000000, "Shape__Length": 6000000}}, {"type": "Feature", "id": 18, "geometry": {"type": "Polygon", "coordinates": [[[-148.222021879721, -72.6726762942099], [-134.747292617928, -72.6726762942099], [-134.747292617928, -76.2647777185781], [-148.222021879721, -76.2647777185781], [-148.222021879721, -72.6726762942099]]]}, "properties": {"FID": 18, "Shape_Leng": 6000000, "Grid": "A-18", "Shape__Area": 2250000000000, "Shape__Length": 6000000}}, {"type": "Feature", "id": 19, "geometry": {"type": "Polygon", "coordinates": [[[-148.222021879721, -76.2647777185781], [-134.747292617928, -76.2647777185781], [-134.747292617928, -79.1237548350744], [-148.222021879721, -79.1237548350744], [-148.222021879721, -76.2647777185781]]]}, "properties": {"FID": 19, "Shape_Leng": 6000000, "Grid": "A-19", "Shape__Area": 2250000000000, "Shape__Length": 6000000}}, {"type": "Feature", "id": 20, "geometry": {"type": "Polygon", "coordinates": [[[-148.222021879721, -79.1237548350744], [-134.747292617928, -79.1237548350744], [-134.747292617928, -81.3934028410464], [-148.222021879721, -81.3934028410464], [-148.222021879721, -79.1237548350744]]]}, "properties": {"FID": 20, "Shape_Leng": 6000000, "Grid": "A-20", "Shape__Area": 2250000000000, "Shape__Length": 6000000}}, {"type": "Feature", "id": 21, "geometry": {"type": "Polygon", "coordinates": [[[-148.222021879721, -81.3934028410464], [-134.747292617928, -81.3934028410464], [-134.747292617928, -83.1922884414757], [-148.222021879721, -83.1922884414757], [-148.222021879721, -81.3934028410464]]]}, "properties": {"FID": 21, "Shape_Leng": 6000000, "Grid": "A-21", "Shape__Area": 2250000000000, "Shape__Length": 6000000}}, {"type": "Feature", "id": 22, "geometry": {"type": "Polygon", "coordinates": [[[-148.222021879721, -83.1922884414757], [-134.747292617928, -83.1922884414757], [-134.747292617928, -84.6166061457018], [-148.222021879721, -84.6166061457018], [-148.222021879721, -83.1922884414757]]]}, "properties": {"FID": 22, "Shape_Leng": 6000000, "Grid": "A-22", "Shape__Area": 2250000000000, "Shape__Length": 6000000}}, {"type": "Feature", "id": 23, "geometry": {"type": "Polygon", "coordinates": [[[-148.222021879721, -84.6166061457018], [-134.747292617928, -84.6166061457018], [-134.747292617928, -85.7436302342552], [-148.222021879721, -85.7436302342552], [-148.222021879721, -84.6166061457018]]]}, "properties": {"FID": 23, "Shape_Leng": 6000000, "Grid": "A-23", "Shape__Area": 2250000000000, "Shape__Length": 6000000}}, {"type": "Feature", "id": 24, "geometry": {"type": "Polygon", "coordinates": [[[-134.747292617928, 76.2647777185781], [-121.272563356135, 76.2647777185781], [-121.272563356135, 72.6726762942099], [-134.747292617928, 72.6726762942099], [-134.747292617928, 76.2647777185781]]]}, "properties": {"FID": 24, "Shape_Leng": 6000000, "Grid": "B-1", "Shape__Area": 2250000000000, "Shape__Length": 6000000}}, {"type": "Feature", "id": 25, "geometry": {"type": "Polygon", "coordinates": [[[-134.747292617928, 72.6726762942099], [-121.272563356135, 72.6726762942099], [-121.272563356135, 68.1776762364547], [-134.747292617928, 68.1776762364547], [-134.747292617928, 72.6726762942099]]]}, "properties": {"FID": 25, "Shape_Leng": 6000000, "Grid": "B-2", "Shape__Area": 2250000000000, "Shape__Length": 6000000}}, {"type": "Feature", "id": 26, "geometry": {"type": "Polygon", "coordinates": [[[-134.747292617928, 68.1776762364547], [-121.272563356135, 68.1776762364547], [-121.272563356135, 62.5882773287332], [-134.747292617928, 62.5882773287332], [-134.747292617928, 68.1776762364547]]]}, "properties": {"FID": 26, "Shape_Leng": 6000000, "Grid": "B-3", "Shape__Area": 2250000000000, "Shape__Length": 6000000}}, {"type": "Feature", "id": 27, "geometry": {"type": "Polygon", "coordinates": [[[-134.747292617928, 62.5882773287332], [-121.272563356135, 62.5882773287332], [-121.272563356135, 55.7054441737093], [-134.747292617928, 55.7054441737093], [-134.747292617928, 62.5882773287332]]]}, "properties": {"FID": 27, "Shape_Leng": 6000000, "Grid": "B-4", "Shape__Area": 2250000000000, "Shape__Length": 6000000}}, {"type": "Feature", "id": 28, "geometry": {"type": "Polygon", "coordinates": [[[-134.747292617928, 55.7054441737093], [-121.272563356135, 55.7054441737093], [-121.272563356135, 47.3537047024331], [-134.747292617928, 47.3537047024331], [-134.747292617928, 55.7054441737093]]]}, "properties": {"FID": 28, "Shape_Leng": 6000000, "Grid": "B-5", "Shape__Area": 2250000000000, "Shape__Length": 6000000}}, {"type": "Feature", "id": 29, "geometry": {"type": "Polygon", "coordinates": [[[-127.207770695764, 37.4356072027454], [-134.747292617928, 37.4356072027454], [-134.747292617928, 47.3537047024331], [-121.272563356135, 47.3537047024331], [-121.272563356135, 46.5408662127864], [-121.272563356135, 45.8572902537824], [-121.272563356135, 37.4356072027454], [-125.954457242695, 37.4356072027454], [-127.207770695764, 37.4356072027454]]]}, "properties": {"FID": 29, "Shape_Leng": 6000000, "Grid": "B-6", "Shape__Area": 2250000000000, "Shape__Length": 6000000}}, {"type": "Feature", "id": 30, "geometry": {"type": "Polygon", "coordinates": [[[-132.371244964322, 26.0074202319812], [-134.747292617928, 26.0074202319812], [-134.747292617928, 37.4356072027454], [-127.207770695764, 37.4356072027454], [-125.954457242695, 37.4356072027454], [-121.272563356135, 37.4356072027454], [-121.272563356135, 26.0074202319812], [-129.936939775995, 26.0074202319812], [-132.371244964322, 26.0074202319812]]]}, "properties": {"FID": 30, "Shape_Leng": 6000000, "Grid": "B-7", "Shape__Area": 2250000000000, "Shape__Length": 6000000}}, {"type": "Feature", "id": 31, "geometry": {"type": "Polygon", "coordinates": [[[-132.332123635533, 13.3522076267078], [-134.747292617928, 13.3522076267078], [-134.747292617928, 18.8775827226671], [-134.747292617928, 26.0074202319812], [-132.371244964322, 26.0074202319812], [-129.936939775995, 26.0074202319812], [-121.272563356135, 26.0074202319812], [-121.272563356135, 13.3522076267078], [-132.332123635533, 13.3522076267078]]]}, "properties": {"FID": 31, "Shape_Leng": 6000000, "Grid": "B-8", "Shape__Area": 2250000000000, "Shape__Length": 6000000}}, {"type": "Feature", "id": 32, "geometry": {"type": "Polygon", "coordinates": [[[-133.233412053985, 0], [-134.747292617928, 0], [-134.747292617928, 13.3522076267078], [-132.332123635533, 13.3522076267078], [-121.272563356135, 13.3522076267078], [-121.272563356135, 0], [-133.233412053985, 0]]]}, "properties": {"FID": 32, "Shape_Leng": 6000000, "Grid": "B-9", "Shape__Area": 2250000000000, "Shape__Length": 6000000}}, {"type": "Feature", "id": 33, "geometry": {"type": "Polygon", "coordinates": [[[-132.670867751511, -13.3522076267078], [-134.747292617928, -13.3522076267078], [-134.747292617928, 0], [-133.233412053985, 0], [-121.272563356135, 0], [-121.272563356135, -13.3522076267078], [-132.670867751511, -13.3522076267078]]]}, "properties": {"FID": 33, "Shape_Leng": 6000000, "Grid": "B-10", "Shape__Area": 2250000000000, "Shape__Length": 6000000}}, {"type": "Feature", "id": 34, "geometry": {"type": "Polygon", "coordinates": [[[-130.626315041307, -26.0074202319812], [-134.747292617928, -26.0074202319812], [-134.747292617928, -13.3522076267078], [-132.670867751511, -13.3522076267078], [-121.272563356135, -13.3522076267078], [-121.272563356135, -26.0074202319812], [-130.626315041307, -26.0074202319812]]]}, "properties": {"FID": 34, "Shape_Leng": 6000000, "Grid": "B-11", "Shape__Area": 2250000000000, "Shape__Length": 6000000}}, {"type": "Feature", "id": 35, "geometry": {"type": "Polygon", "coordinates": [[[-127.021985818807, -37.4356072027454], [-134.747292617928, -37.4356072027454], [-134.747292617928, -26.0074202319812], [-130.626315041307, -26.0074202319812], [-121.272563356135, -26.0074202319812], [-121.272563356135, -37.4356072027454], [-127.021985818807, -37.4356072027454]]]}, "properties": {"FID": 35, "Shape_Leng": 6000000, "Grid": "B-12", "Shape__Area": 2250000000000, "Shape__Length": 6000000}}, {"type": "Feature", "id": 36, "geometry": {"type": "Polygon", "coordinates": [[[-121.709887796385, -47.3537047024331], [-134.747292617928, -47.3537047024331], [-134.747292617928, -37.4356072027454], [-127.021985818807, -37.4356072027454], [-121.272563356135, -37.4356072027454], [-121.272563356135, -47.3537047024331], [-121.709887796385, -47.3537047024331]]]}, "properties": {"FID": 36, "Shape_Leng": 6000000, "Grid": "B-13", "Shape__Area": 2250000000000, "Shape__Length": 6000000}}, {"type": "Feature", "id": 37, "geometry": {"type": "Polygon", "coordinates": [[[-132.647620301478, -55.7054441737093], [-134.747292617928, -55.7054441737093], [-134.747292617928, -53.7940061324121], [-134.747292617928, -47.3537047024331], [-121.709887796385, -47.3537047024331], [-121.272563356135, -47.3537047024331], [-121.272563356135, -47.9831568586997], [-121.272563356135, -55.7054441737093], [-132.647620301478, -55.7054441737093]]]}, "properties": {"FID": 37, "Shape_Leng": 6000000, "Grid": "B-14", "Shape__Area": 2250000000000, "Shape__Length": 6000000}}, {"type": "Feature", "id": 38, "geometry": {"type": "Polygon", "coordinates": [[[-129.824625063532, -62.5882773287332], [-134.747292617928, -62.5882773287332], [-134.747292617928, -56.2880422312815], [-134.747292617928, -55.7620509591386], [-134.747292617928, -55.7054441737093], [-132.647620301478, -55.7054441737093], [-121.272563356135, -55.7054441737093], [-121.272563356135, -62.5882773287332], [-122.544494107804, -62.5882773287332], [-128.731711276979, -62.5882773287332], [-129.824625063532, -62.5882773287332]]]}, "properties": {"FID": 38, "Shape_Leng": 6000000, "Grid": "B-15", "Shape__Area": 2250000000000, "Shape__Length": 6000000}}, {"type": "Feature", "id": 39, "geometry": {"type": "Polygon", "coordinates": [[[-123.031060242036, -68.1776762364548], [-134.747292617928, -68.1776762364548], [-134.747292617928, -62.5882773287332], [-129.824625063532, -62.5882773287332], [-128.731711276979, -62.5882773287332], [-122.544494107804, -62.5882773287332], [-121.272563356135, -62.5882773287332], [-121.272563356135, -63.2560037995733], [-121.272563356135, -67.8804923896617], [-121.272563356135, -68.1776762364548], [-123.031060242036, -68.1776762364548]]]}, "properties": {"FID": 39, "Shape_Leng": 6000000, "Grid": "B-16", "Shape__Area": 2250000000000, "Shape__Length": 6000000}}, {"type": "Feature", "id": 40, "geometry": {"type": "Polygon", "coordinates": [[[-121.272563356135, -72.6726762942099], [-134.747292617928, -72.6726762942099], [-134.747292617928, -68.1776762364548], [-123.031060242036, -68.1776762364548], [-121.272563356135, -68.1776762364548], [-121.272563356135, -69.2764205239493], [-121.272563356135, -72.6726762942099]]]}, "properties": {"FID": 40, "Shape_Leng": 6000000, "Grid": "B-17", "Shape__Area": 2250000000000, "Shape__Length": 6000000}}, {"type": "Feature", "id": 41, "geometry": {"type": "Polygon", "coordinates": [[[-134.747292617928, -72.6726762942099], [-121.272563356135, -72.6726762942099], [-121.272563356135, -76.2647777185781], [-134.747292617928, -76.2647777185781], [-134.747292617928, -72.6726762942099]]]}, "properties": {"FID": 41, "Shape_Leng": 6000000, "Grid": "B-18", "Shape__Area": 2250000000000, "Shape__Length": 6000000}}, {"type": "Feature", "id": 42, "geometry": {"type": "Polygon", "coordinates": [[[-134.747292617928, -76.2647777185781], [-121.272563356135, -76.2647777185781], [-121.272563356135, -79.1237548350744], [-134.747292617928, -79.1237548350744], [-134.747292617928, -76.2647777185781]]]}, "properties": {"FID": 42, "Shape_Leng": 6000000, "Grid": "B-19", "Shape__Area": 2250000000000, "Shape__Length": 6000000}}, {"type": "Feature", "id": 43, "geometry": {"type": "Polygon", "coordinates": [[[-134.747292617928, -79.1237548350744], [-121.272563356135, -79.1237548350744], [-121.272563356135, -81.3934028410464], [-134.747292617928, -81.3934028410464], [-134.747292617928, -79.1237548350744]]]}, "properties": {"FID": 43, "Shape_Leng": 6000000, "Grid": "B-20", "Shape__Area": 2250000000000, "Shape__Length": 6000000}}, {"type": "Feature", "id": 44, "geometry": {"type": "Polygon", "coordinates": [[[-134.747292617928, -81.3934028410464], [-121.272563356135, -81.3934028410464], [-121.272563356135, -83.1922884414757], [-134.747292617928, -83.1922884414757], [-134.747292617928, -81.3934028410464]]]}, "properties": {"FID": 44, "Shape_Leng": 6000000, "Grid": "B-21", "Shape__Area": 2250000000000, "Shape__Length": 6000000}}, {"type": "Feature", "id": 45, "geometry": {"type": "Polygon", "coordinates": [[[-134.747292617928, -83.1922884414757], [-121.272563356135, -83.1922884414757], [-121.272563356135, -84.6166061457018], [-134.747292617928, -84.6166061457018], [-134.747292617928, -83.1922884414757]]]}, "properties": {"FID": 45, "Shape_Leng": 6000000, "Grid": "B-22", "Shape__Area": 2250000000000, "Shape__Length": 6000000}}, {"type": "Feature", "id": 46, "geometry": {"type": "Polygon", "coordinates": [[[-134.747292617928, -84.6166061457018], [-121.272563356135, -84.6166061457018], [-121.272563356135, -85.7436302342552], [-134.747292617928, -85.7436302342552], [-134.747292617928, -84.6166061457018]]]}, "properties": {"FID": 46, "Shape_Leng": 6000000, "Grid": "B-23", "Shape__Area": 2250000000000, "Shape__Length": 6000000}}, {"type": "Feature", "id": 47, "geometry": {"type": "Polygon", "coordinates": [[[-121.272563356135, 76.2647777185781], [-107.797834094343, 76.2647777185781], [-107.797834094343, 72.6726762942099], [-121.272563356135, 72.6726762942099], [-121.272563356135, 76.2647777185781]]]}, "properties": {"FID": 47, "Shape_Leng": 6000000, "Grid": "C-1", "Shape__Area": 2250000000000, "Shape__Length": 6000000}}, {"type": "Feature", "id": 48, "geometry": {"type": "Polygon", "coordinates": [[[-121.272563356135, 72.6726762942099], [-107.797834094343, 72.6726762942099], [-107.797834094343, 68.1776762364547], [-121.272563356135, 68.1776762364547], [-121.272563356135, 72.6726762942099]]]}, "properties": {"FID": 48, "Shape_Leng": 6000000, "Grid": "C-2", "Shape__Area": 2250000000000, "Shape__Length": 6000000}}, {"type": "Feature", "id": 49, "geometry": {"type": "Polygon", "coordinates": [[[-121.272563356135, 68.1776762364547], [-107.797834094343, 68.1776762364547], [-107.797834094343, 62.5882773287332], [-121.272563356135, 62.5882773287332], [-121.272563356135, 68.1776762364547]]]}, "properties": {"FID": 49, "Shape_Leng": 6000000, "Grid": "C-3", "Shape__Area": 2250000000000, "Shape__Length": 6000000}}, {"type": "Feature", "id": 50, "geometry": {"type": "Polygon", "coordinates": [[[-112.429489654621, 55.7054441737093], [-121.272563356135, 55.7054441737093], [-121.272563356135, 62.5882773287332], [-107.797834094343, 62.5882773287332], [-107.797834094343, 58.1655825459925], [-107.797834094343, 55.7054441737093], [-111.714003479357, 55.7054441737093], [-112.064297172062, 55.7054441737093], [-112.429489654621, 55.7054441737093]]]}, "properties": {"FID": 50, "Shape_Leng": 6000000, "Grid": "C-4", "Shape__Area": 2250000000000, "Shape__Length": 6000000}}, {"type": "Feature", "id": 51, "geometry": {"type": "Polygon", "coordinates": [[[-120.629701964208, 47.3537047024331], [-121.272563356135, 47.3537047024331], [-121.272563356135, 55.7054441737093], [-112.429489654621, 55.7054441737093], [-112.064297172062, 55.7054441737093], [-111.714003479357, 55.7054441737093], [-107.797834094343, 55.7054441737093], [-107.797834094343, 47.3537047024331], [-115.025044260027, 47.3537047024331], [-120.215516357793, 47.3537047024331], [-120.629701964208, 47.3537047024331]]]}, "properties": {"FID": 51, "Shape_Leng": 6000000, "Grid": "C-5", "Shape__Area": 2250000000000, "Shape__Length": 6000000}}, {"type": "Feature", "id": 52, "geometry": {"type": "Polygon", "coordinates": [[[-116.75009812644, 37.4356072027454], [-121.272563356135, 37.4356072027454], [-121.272563356135, 45.8572902537824], [-121.272563356135, 46.5408662127864], [-121.272563356135, 47.3537047024331], [-120.629701964208, 47.3537047024331], [-120.215516357793, 47.3537047024331], [-115.025044260027, 47.3537047024331], [-107.797834094343, 47.3537047024331], [-107.797834094343, 37.4356072027454], [-116.75009812644, 37.4356072027454]]]}, "properties": {"FID": 52, "Shape_Leng": 6000000, "Grid": "C-6", "Shape__Area": 2250000000000, "Shape__Length": 6000000}}, {"type": "Feature", "id": 53, "geometry": {"type": "Polygon", "coordinates": [[[-117.281043048832, 26.0074202319812], [-121.272563356135, 26.0074202319812], [-121.272563356135, 37.4356072027454], [-116.75009812644, 37.4356072027454], [-107.797834094343, 37.4356072027454], [-107.797834094343, 26.0074202319812], [-117.281043048832, 26.0074202319812]]]}, "properties": {"FID": 53, "Shape_Leng": 6000000, "Grid": "C-7", "Shape__Area": 2250000000000, "Shape__Length": 6000000}}, {"type": "Feature", "id": 54, "geometry": {"type": "Polygon", "coordinates": [[[-116.630115612104, 13.3522076267078], [-121.272563356135, 13.3522076267078], [-121.272563356135, 26.0074202319812], [-117.281043048832, 26.0074202319812], [-107.797834094343, 26.0074202319812], [-107.797834094343, 23.1572165812509], [-107.797834094343, 13.3522076267078], [-110.34573771642, 13.3522076267078], [-116.630115612104, 13.3522076267078]]]}, "properties": {"FID": 54, "Shape_Leng": 6000000, "Grid": "C-8", "Shape__Area": 2250000000000, "Shape__Length": 6000000}}, {"type": "Feature", "id": 55, "geometry": {"type": "Polygon", "coordinates": [[[-114.781967839113, 0], [-121.272563356135, 0], [-121.272563356135, 13.3522076267078], [-116.630115612104, 13.3522076267078], [-110.34573771642, 13.3522076267078], [-107.797834094343, 13.3522076267078], [-107.797834094343, 0], [-112.253606452493, 0], [-114.781967839113, 0]]]}, "properties": {"FID": 55, "Shape_Leng": 6000000, "Grid": "C-9", "Shape__Area": 2250000000000, "Shape__Length": 6000000}}, {"type": "Feature", "id": 56, "geometry": {"type": "Polygon", "coordinates": [[[-107.797834094343, -13.3522076267078], [-121.272563356135, -13.3522076267078], [-121.272563356135, 0], [-114.781967839113, 0], [-112.253606452493, 0], [-107.797834094343, 0], [-107.797834094343, -13.3522076267078]]]}, "properties": {"FID": 56, "Shape_Leng": 6000000, "Grid": "C-10", "Shape__Area": 2250000000000, "Shape__Length": 6000000}}, {"type": "Feature", "id": 57, "geometry": {"type": "Polygon", "coordinates": [[[-121.272563356135, -13.3522076267078], [-107.797834094343, -13.3522076267078], [-107.797834094343, -26.0074202319812], [-121.272563356135, -26.0074202319812], [-121.272563356135, -13.3522076267078]]]}, "properties": {"FID": 57, "Shape_Leng": 6000000, "Grid": "C-11", "Shape__Area": 2250000000000, "Shape__Length": 6000000}}, {"type": "Feature", "id": 58, "geometry": {"type": "Polygon", "coordinates": [[[-121.272563356135, -26.0074202319812], [-107.797834094343, -26.0074202319812], [-107.797834094343, -37.4356072027454], [-121.272563356135, -37.4356072027454], [-121.272563356135, -26.0074202319812]]]}, "properties": {"FID": 58, "Shape_Leng": 6000000, "Grid": "C-12", "Shape__Area": 2250000000000, "Shape__Length": 6000000}}, {"type": "Feature", "id": 59, "geometry": {"type": "Polygon", "coordinates": [[[-121.272563356135, -37.4356072027454], [-107.797834094343, -37.4356072027454], [-107.797834094343, -47.3537047024331], [-121.272563356135, -47.3537047024331], [-121.272563356135, -37.4356072027454]]]}, "properties": {"FID": 59, "Shape_Leng": 6000000, "Grid": "C-13", "Shape__Area": 2250000000000, "Shape__Length": 6000000}}, {"type": "Feature", "id": 60, "geometry": {"type": "Polygon", "coordinates": [[[-114.431093327187, -55.7054441737093], [-121.272563356135, -55.7054441737093], [-121.272563356135, -47.9831568586997], [-121.272563356135, -47.3537047024331], [-107.797834094343, -47.3537047024331], [-107.797834094343, -55.7054441737093], [-114.431093327187, -55.7054441737093]]]}, "properties": {"FID": 60, "Shape_Leng": 6000000, "Grid": "C-14", "Shape__Area": 2250000000000, "Shape__Length": 6000000}}, {"type": "Feature", "id": 61, "geometry": {"type": "Polygon", "coordinates": [[[-107.797834094343, -62.5882773287332], [-121.272563356135, -62.5882773287332], [-121.272563356135, -55.7054441737093], [-114.431093327187, -55.7054441737093], [-107.797834094343, -55.7054441737093], [-107.797834094343, -60.7590962210627], [-107.797834094343, -62.5882773287332]]]}, "properties": {"FID": 61, "Shape_Leng": 6000000, "Grid": "C-15", "Shape__Area": 2250000000000, "Shape__Length": 6000000}}, {"type": "Feature", "id": 62, "geometry": {"type": "Polygon", "coordinates": [[[-120.740953665161, -68.1776762364548], [-121.272563356135, -68.1776762364548], [-121.272563356135, -67.8804923896617], [-121.272563356135, -63.2560037995733], [-121.272563356135, -62.5882773287332], [-107.797834094343, -62.5882773287332], [-107.797834094343, -68.1776762364548], [-109.253775950931, -68.1776762364548], [-120.740953665161, -68.1776762364548]]]}, "properties": {"FID": 62, "Shape_Leng": 6000000, "Grid": "C-16", "Shape__Area": 2250000000000, "Shape__Length": 6000000}}, {"type": "Feature", "id": 63, "geometry": {"type": "Polygon", "coordinates": [[[-114.485690753538, -72.6726762942099], [-121.272563356135, -72.6726762942099], [-121.272563356135, -69.2764205239493], [-121.272563356135, -68.1776762364548], [-120.740953665161, -68.1776762364548], [-109.253775950931, -68.1776762364548], [-107.797834094343, -68.1776762364548], [-107.797834094343, -68.641376561332], [-107.797834094343, -72.6726762942099], [-110.355606288331, -72.6726762942099], [-114.485690753538, -72.6726762942099]]]}, "properties": {"FID": 63, "Shape_Leng": 6000000, "Grid": "C-17", "Shape__Area": 2250000000000, "Shape__Length": 6000000}}, {"type": "Feature", "id": 64, "geometry": {"type": "Polygon", "coordinates": [[[-107.797834094343, -76.2647777185781], [-121.272563356135, -76.2647777185781], [-121.272563356135, -72.6726762942099], [-114.485690753538, -72.6726762942099], [-110.355606288331, -72.6726762942099], [-107.797834094343, -72.6726762942099], [-107.797834094343, -73.4976274012781], [-107.797834094343, -75.1062598184866], [-107.797834094343, -76.2647777185781]]]}, "properties": {"FID": 64, "Shape_Leng": 6000000, "Grid": "C-18", "Shape__Area": 2250000000000, "Shape__Length": 6000000}}, {"type": "Feature", "id": 65, "geometry": {"type": "Polygon", "coordinates": [[[-121.272563356135, -76.2647777185781], [-107.797834094343, -76.2647777185781], [-107.797834094343, -79.1237548350744], [-121.272563356135, -79.1237548350744], [-121.272563356135, -76.2647777185781]]]}, "properties": {"FID": 65, "Shape_Leng": 6000000, "Grid": "C-19", "Shape__Area": 2250000000000, "Shape__Length": 6000000}}, {"type": "Feature", "id": 66, "geometry": {"type": "Polygon", "coordinates": [[[-121.272563356135, -79.1237548350744], [-107.797834094343, -79.1237548350744], [-107.797834094343, -81.3934028410464], [-121.272563356135, -81.3934028410464], [-121.272563356135, -79.1237548350744]]]}, "properties": {"FID": 66, "Shape_Leng": 6000000, "Grid": "C-20", "Shape__Area": 2250000000000, "Shape__Length": 6000000}}, {"type": "Feature", "id": 67, "geometry": {"type": "Polygon", "coordinates": [[[-121.272563356135, -81.3934028410464], [-107.797834094343, -81.3934028410464], [-107.797834094343, -83.1922884414757], [-121.272563356135, -83.1922884414757], [-121.272563356135, -81.3934028410464]]]}, "properties": {"FID": 67, "Shape_Leng": 6000000, "Grid": "C-21", "Shape__Area": 2250000000000, "Shape__Length": 6000000}}, {"type": "Feature", "id": 68, "geometry": {"type": "Polygon", "coordinates": [[[-121.272563356135, -83.1922884414757], [-107.797834094343, -83.1922884414757], [-107.797834094343, -84.6166061457018], [-121.272563356135, -84.6166061457018], [-121.272563356135, -83.1922884414757]]]}, "properties": {"FID": 68, "Shape_Leng": 6000000, "Grid": "C-22", "Shape__Area": 2250000000000, "Shape__Length": 6000000}}, {"type": "Feature", "id": 69, "geometry": {"type": "Polygon", "coordinates": [[[-121.272563356135, -84.6166061457018], [-107.797834094343, -84.6166061457018], [-107.797834094343, -85.7436302342552], [-121.272563356135, -85.7436302342552], [-121.272563356135, -84.6166061457018]]]}, "properties": {"FID": 69, "Shape_Leng": 6000000, "Grid": "C-23", "Shape__Area": 2250000000000, "Shape__Length": 6000000}}, {"type": "Feature", "id": 70, "geometry": {"type": "Polygon", "coordinates": [[[-107.797834094343, 76.2647777185781], [-94.3231048325497, 76.2647777185781], [-94.3231048325497, 72.6726762942099], [-107.797834094343, 72.6726762942099], [-107.797834094343, 76.2647777185781]]]}, "properties": {"FID": 70, "Shape_Leng": 6000000, "Grid": "D-1", "Shape__Area": 2250000000000, "Shape__Length": 6000000}}, {"type": "Feature", "id": 71, "geometry": {"type": "Polygon", "coordinates": [[[-107.797834094343, 72.6726762942099], [-94.3231048325497, 72.6726762942099], [-94.3231048325497, 68.1776762364547], [-107.797834094343, 68.1776762364547], [-107.797834094343, 72.6726762942099]]]}, "properties": {"FID": 71, "Shape_Leng": 6000000, "Grid": "D-2", "Shape__Area": 2250000000000, "Shape__Length": 6000000}}, {"type": "Feature", "id": 72, "geometry": {"type": "Polygon", "coordinates": [[[-97.9417974885203, 62.5882773287332], [-107.797834094343, 62.5882773287332], [-107.797834094343, 68.1776762364547], [-94.3231048325497, 68.1776762364547], [-94.3231048325497, 63.849891528271], [-94.3231048325497, 62.5882773287332], [-97.9417974885203, 62.5882773287332]]]}, "properties": {"FID": 72, "Shape_Leng": 6000000, "Grid": "D-3", "Shape__Area": 2250000000000, "Shape__Length": 6000000}}, {"type": "Feature", "id": 73, "geometry": {"type": "Polygon", "coordinates": [[[-94.3231048325497, 55.7054441737093], [-107.797834094343, 55.7054441737093], [-107.797834094343, 58.1655825459925], [-107.797834094343, 62.5882773287332], [-97.9417974885203, 62.5882773287332], [-94.3231048325497, 62.5882773287332], [-94.3231048325497, 55.7054441737093]]]}, "properties": {"FID": 73, "Shape_Leng": 6000000, "Grid": "D-4", "Shape__Area": 2250000000000, "Shape__Length": 6000000}}, {"type": "Feature", "id": 74, "geometry": {"type": "Polygon", "coordinates": [[[-107.797834094343, 55.7054441737093], [-94.3231048325497, 55.7054441737093], [-94.3231048325497, 47.3537047024331], [-107.797834094343, 47.3537047024331], [-107.797834094343, 55.7054441737093]]]}, "properties": {"FID": 74, "Shape_Leng": 6000000, "Grid": "D-5", "Shape__Area": 2250000000000, "Shape__Length": 6000000}}, {"type": "Feature", "id": 75, "geometry": {"type": "Polygon", "coordinates": [[[-101.551110021634, 37.4356072027454], [-107.797834094343, 37.4356072027454], [-107.797834094343, 47.3537047024331], [-94.3231048325497, 47.3537047024331], [-94.3231048325497, 47.2578541107599], [-94.3231048325497, 37.4356072027454], [-101.551110021634, 37.4356072027454]]]}, "properties": {"FID": 75, "Shape_Leng": 6000000, "Grid": "D-6", "Shape__Area": 2250000000000, "Shape__Length": 6000000}}, {"type": "Feature", "id": 76, "geometry": {"type": "Polygon", "coordinates": [[[-106.829706222646, 26.0074202319812], [-107.797834094343, 26.0074202319812], [-107.797834094343, 37.4356072027454], [-101.551110021634, 37.4356072027454], [-94.3231048325497, 37.4356072027454], [-94.3231048325497, 26.0074202319812], [-106.829706222646, 26.0074202319812]]]}, "properties": {"FID": 76, "Shape_Leng": 6000000, "Grid": "D-7", "Shape__Area": 2250000000000, "Shape__Length": 6000000}}, {"type": "Feature", "id": 77, "geometry": {"type": "Polygon", "coordinates": [[[-94.3231048325497, 13.3522076267078], [-107.797834094343, 13.3522076267078], [-107.797834094343, 23.1572165812509], [-107.797834094343, 26.0074202319812], [-106.829706222646, 26.0074202319812], [-94.3231048325497, 26.0074202319812], [-94.3231048325497, 13.3522076267078]]]}, "properties": {"FID": 77, "Shape_Leng": 6000000, "Grid": "D-8", "Shape__Area": 2250000000000, "Shape__Length": 6000000}}, {"type": "Feature", "id": 78, "geometry": {"type": "Polygon", "coordinates": [[[-107.797834094343, 13.3522076267078], [-94.3231048325497, 13.3522076267078], [-94.3231048325497, 0], [-107.797834094343, 0], [-107.797834094343, 13.3522076267078]]]}, "properties": {"FID": 78, "Shape_Leng": 6000000, "Grid": "D-9", "Shape__Area": 2250000000000, "Shape__Length": 6000000}}, {"type": "Feature", "id": 79, "geometry": {"type": "Polygon", "coordinates": [[[-107.797834094343, 0], [-94.3231048325497, 0], [-94.3231048325497, -13.3522076267078], [-107.797834094343, -13.3522076267078], [-107.797834094343, 0]]]}, "properties": {"FID": 79, "Shape_Leng": 6000000, "Grid": "D-10", "Shape__Area": 2250000000000, "Shape__Length": 6000000}}, {"type": "Feature", "id": 80, "geometry": {"type": "Polygon", "coordinates": [[[-107.797834094343, -13.3522076267078], [-94.3231048325497, -13.3522076267078], [-94.3231048325497, -26.0074202319812], [-107.797834094343, -26.0074202319812], [-107.797834094343, -13.3522076267078]]]}, "properties": {"FID": 80, "Shape_Leng": 6000000, "Grid": "D-11", "Shape__Area": 2250000000000, "Shape__Length": 6000000}}, {"type": "Feature", "id": 81, "geometry": {"type": "Polygon", "coordinates": [[[-107.797834094343, -26.0074202319812], [-94.3231048325497, -26.0074202319812], [-94.3231048325497, -37.4356072027454], [-107.797834094343, -37.4356072027454], [-107.797834094343, -26.0074202319812]]]}, "properties": {"FID": 81, "Shape_Leng": 6000000, "Grid": "D-12", "Shape__Area": 2250000000000, "Shape__Length": 6000000}}, {"type": "Feature", "id": 82, "geometry": {"type": "Polygon", "coordinates": [[[-107.797834094343, -37.4356072027454], [-94.3231048325497, -37.4356072027454], [-94.3231048325497, -47.3537047024331], [-107.797834094343, -47.3537047024331], [-107.797834094343, -37.4356072027454]]]}, "properties": {"FID": 82, "Shape_Leng": 6000000, "Grid": "D-13", "Shape__Area": 2250000000000, "Shape__Length": 6000000}}, {"type": "Feature", "id": 83, "geometry": {"type": "Polygon", "coordinates": [[[-107.797834094343, -47.3537047024331], [-94.3231048325497, -47.3537047024331], [-94.3231048325497, -55.7054441737093], [-107.797834094343, -55.7054441737093], [-107.797834094343, -47.3537047024331]]]}, "properties": {"FID": 83, "Shape_Leng": 6000000, "Grid": "D-14", "Shape__Area": 2250000000000, "Shape__Length": 6000000}}, {"type": "Feature", "id": 84, "geometry": {"type": "Polygon", "coordinates": [[[-104.740549981967, -62.5882773287332], [-107.797834094343, -62.5882773287332], [-107.797834094343, -60.7590962210627], [-107.797834094343, -55.7054441737093], [-94.3231048325497, -55.7054441737093], [-94.3231048325497, -62.5882773287332], [-104.740549981967, -62.5882773287332]]]}, "properties": {"FID": 84, "Shape_Leng": 6000000, "Grid": "D-15", "Shape__Area": 2250000000000, "Shape__Length": 6000000}}, {"type": "Feature", "id": 85, "geometry": {"type": "Polygon", "coordinates": [[[-94.3231048325497, -68.1776762364548], [-107.797834094343, -68.1776762364548], [-107.797834094343, -62.5882773287332], [-104.740549981967, -62.5882773287332], [-94.3231048325497, -62.5882773287332], [-94.3231048325497, -67.2973573351157], [-94.3231048325497, -68.1776762364548]]]}, "properties": {"FID": 85, "Shape_Leng": 6000000, "Grid": "D-16", "Shape__Area": 2250000000000, "Shape__Length": 6000000}}, {"type": "Feature", "id": 86, "geometry": {"type": "Polygon", "coordinates": [[[-94.3231048325497, -72.6726762942099], [-107.797834094343, -72.6726762942099], [-107.797834094343, -68.641376561332], [-107.797834094343, -68.1776762364548], [-94.3231048325497, -68.1776762364548], [-94.3231048325497, -72.0276019429739], [-94.3231048325497, -72.6726762942099]]]}, "properties": {"FID": 86, "Shape_Leng": 6000000, "Grid": "D-17", "Shape__Area": 2250000000000, "Shape__Length": 6000000}}, {"type": "Feature", "id": 87, "geometry": {"type": "Polygon", "coordinates": [[[-103.810001582385, -76.2647777185781], [-107.797834094343, -76.2647777185781], [-107.797834094343, -75.1062598184866], [-107.797834094343, -73.4976274012781], [-107.797834094343, -72.6726762942099], [-94.3231048325497, -72.6726762942099], [-94.3231048325497, -76.2647777185781], [-96.7323503625895, -76.2647777185781], [-103.810001582385, -76.2647777185781]]]}, "properties": {"FID": 87, "Shape_Leng": 6000000, "Grid": "D-18", "Shape__Area": 2250000000000, "Shape__Length": 6000000}}, {"type": "Feature", "id": 88, "geometry": {"type": "Polygon", "coordinates": [[[-94.3231048325497, -79.1237548350744], [-107.797834094343, -79.1237548350744], [-107.797834094343, -76.2647777185781], [-103.810001582385, -76.2647777185781], [-96.7323503625895, -76.2647777185781], [-94.3231048325497, -76.2647777185781], [-94.3231048325497, -76.7357195301271], [-94.3231048325497, -78.4146126701478], [-94.3231048325497, -79.1237548350744]]]}, "properties": {"FID": 88, "Shape_Leng": 6000000, "Grid": "D-19", "Shape__Area": 2250000000000, "Shape__Length": 6000000}}, {"type": "Feature", "id": 89, "geometry": {"type": "Polygon", "coordinates": [[[-107.797834094343, -79.1237548350744], [-94.3231048325497, -79.1237548350744], [-94.3231048325497, -81.3934028410464], [-107.797834094343, -81.3934028410464], [-107.797834094343, -79.1237548350744]]]}, "properties": {"FID": 89, "Shape_Leng": 6000000, "Grid": "D-20", "Shape__Area": 2250000000000, "Shape__Length": 6000000}}, {"type": "Feature", "id": 90, "geometry": {"type": "Polygon", "coordinates": [[[-107.797834094343, -81.3934028410464], [-94.3231048325497, -81.3934028410464], [-94.3231048325497, -83.1922884414757], [-107.797834094343, -83.1922884414757], [-107.797834094343, -81.3934028410464]]]}, "properties": {"FID": 90, "Shape_Leng": 6000000, "Grid": "D-21", "Shape__Area": 2250000000000, "Shape__Length": 6000000}}, {"type": "Feature", "id": 91, "geometry": {"type": "Polygon", "coordinates": [[[-107.797834094343, -83.1922884414757], [-94.3231048325497, -83.1922884414757], [-94.3231048325497, -84.6166061457018], [-107.797834094343, -84.6166061457018], [-107.797834094343, -83.1922884414757]]]}, "properties": {"FID": 91, "Shape_Leng": 6000000, "Grid": "D-22", "Shape__Area": 2250000000000, "Shape__Length": 6000000}}, {"type": "Feature", "id": 92, "geometry": {"type": "Polygon", "coordinates": [[[-107.797834094343, -84.6166061457018], [-94.3231048325497, -84.6166061457018], [-94.3231048325497, -85.7436302342552], [-107.797834094343, -85.7436302342552], [-107.797834094343, -84.6166061457018]]]}, "properties": {"FID": 92, "Shape_Leng": 6000000, "Grid": "D-23", "Shape__Area": 2250000000000, "Shape__Length": 6000000}}, {"type": "Feature", "id": 93, "geometry": {"type": "Polygon", "coordinates": [[[-94.3231048325497, 76.2647777185781], [-80.8483755707569, 76.2647777185781], [-80.8483755707569, 72.6726762942099], [-94.3231048325497, 72.6726762942099], [-94.3231048325497, 76.2647777185781]]]}, "properties": {"FID": 93, "Shape_Leng": 6000000, "Grid": "E-1", "Shape__Area": 2250000000000, "Shape__Length": 6000000}}, {"type": "Feature", "id": 94, "geometry": {"type": "Polygon", "coordinates": [[[-94.3231048325497, 72.6726762942099], [-80.8483755707569, 72.6726762942099], [-80.8483755707569, 68.1776762364547], [-94.3231048325497, 68.1776762364547], [-94.3231048325497, 72.6726762942099]]]}, "properties": {"FID": 94, "Shape_Leng": 6000000, "Grid": "E-2", "Shape__Area": 2250000000000, "Shape__Length": 6000000}}, {"type": "Feature", "id": 95, "geometry": {"type": "Polygon", "coordinates": [[[-80.8483755707569, 62.5882773287332], [-94.3231048325497, 62.5882773287332], [-94.3231048325497, 63.849891528271], [-94.3231048325497, 68.1776762364547], [-80.8483755707569, 68.1776762364547], [-80.8483755707569, 67.5559825757157], [-80.8483755707569, 62.5882773287332]]]}, "properties": {"FID": 95, "Shape_Leng": 6000000, "Grid": "E-3", "Shape__Area": 2250000000000, "Shape__Length": 6000000}}, {"type": "Feature", "id": 96, "geometry": {"type": "Polygon", "coordinates": [[[-84.395972733534, 55.7054441737093], [-94.3231048325497, 55.7054441737093], [-94.3231048325497, 62.5882773287332], [-80.8483755707569, 62.5882773287332], [-80.8483755707569, 57.9084304742342], [-80.8483755707569, 55.7054441737093], [-84.395972733534, 55.7054441737093]]]}, "properties": {"FID": 96, "Shape_Leng": 6000000, "Grid": "E-4", "Shape__Area": 2250000000000, "Shape__Length": 6000000}}, {"type": "Feature", "id": 97, "geometry": {"type": "Polygon", "coordinates": [[[-94.2342233066867, 47.3537047024331], [-94.3231048325497, 47.3537047024331], [-94.3231048325497, 55.7054441737093], [-84.395972733534, 55.7054441737093], [-80.8483755707569, 55.7054441737093], [-80.8483755707569, 47.3537047024331], [-94.2342233066867, 47.3537047024331]]]}, "properties": {"FID": 97, "Shape_Leng": 6000000, "Grid": "E-5", "Shape__Area": 2250000000000, "Shape__Length": 6000000}}, {"type": "Feature", "id": 98, "geometry": {"type": "Polygon", "coordinates": [[[-80.8483755707569, 37.4356072027454], [-94.3231048325497, 37.4356072027454], [-94.3231048325497, 47.2578541107599], [-94.3231048325497, 47.3537047024331], [-94.2342233066867, 47.3537047024331], [-80.8483755707569, 47.3537047024331], [-80.8483755707569, 37.4356072027454]]]}, "properties": {"FID": 98, "Shape_Leng": 6000000, "Grid": "E-6", "Shape__Area": 2250000000000, "Shape__Length": 6000000}}, {"type": "Feature", "id": 99, "geometry": {"type": "Polygon", "coordinates": [[[-80.8483755707569, 26.0074202319812], [-91.2097520339494, 26.0074202319812], [-94.3231048325497, 26.0074202319812], [-94.3231048325497, 37.4356072027454], [-80.8483755707569, 37.4356072027454], [-80.8483755707569, 26.0074202319812]]]}, "properties": {"FID": 99, "Shape_Leng": 6000000, "Grid": "E-7", "Shape__Area": 2250000000000, "Shape__Length": 6000000}}, {"type": "Feature", "id": 100, "geometry": {"type": "Polygon", "coordinates": [[[-91.1151156632211, 13.3522076267078], [-94.3231048325497, 13.3522076267078], [-94.3231048325497, 26.0074202319812], [-91.2097520339494, 26.0074202319812], [-80.8483755707569, 26.0074202319812], [-80.8483755707569, 23.3044773163761], [-80.8483755707569, 22.3174389513511], [-80.8483755707569, 16.229319543324], [-80.8483755707569, 13.3536813253964], [-80.8483755707569, 13.3522076267078], [-80.8486423937525, 13.3522076267078], [-85.2526399247008, 13.3522076267078], [-91.1151156632211, 13.3522076267078]]]}, "properties": {"FID": 100, "Shape_Leng": 6000000, "Grid": "E-8", "Shape__Area": 2250000000000, "Shape__Length": 6000000}}, {"type": "Feature", "id": 101, "geometry": {"type": "Polygon", "coordinates": [[[-80.8483755707569, 0], [-94.3231048325497, 0], [-94.3231048325497, 13.3522076267078], [-91.1151156632211, 13.3522076267078], [-85.2526399247008, 13.3522076267078], [-80.8486423937525, 13.3522076267078], [-80.8483755707569, 13.3522076267078], [-80.8483755707569, 11.3103752613244], [-80.8483755707569, 10.3930763210576], [-80.8483755707569, 8.12715219684097], [-80.8483755707569, 0]]]}, "properties": {"FID": 101, "Shape_Leng": 6000000, "Grid": "E-9", "Shape__Area": 2250000000000, "Shape__Length": 6000000}}, {"type": "Feature", "id": 102, "geometry": {"type": "Polygon", "coordinates": [[[-94.3231048325497, 0], [-80.8483755707569, 0], [-80.8483755707569, -13.3522076267078], [-94.3231048325497, -13.3522076267078], [-94.3231048325497, 0]]]}, "properties": {"FID": 102, "Shape_Leng": 6000000, "Grid": "E-10", "Shape__Area": 2250000000000, "Shape__Length": 6000000}}, {"type": "Feature", "id": 103, "geometry": {"type": "Polygon", "coordinates": [[[-94.3231048325497, -13.3522076267078], [-80.8483755707569, -13.3522076267078], [-80.8483755707569, -26.0074202319812], [-94.3231048325497, -26.0074202319812], [-94.3231048325497, -13.3522076267078]]]}, "properties": {"FID": 103, "Shape_Leng": 6000000, "Grid": "E-11", "Shape__Area": 2250000000000, "Shape__Length": 6000000}}, {"type": "Feature", "id": 104, "geometry": {"type": "Polygon", "coordinates": [[[-94.3231048325497, -26.0074202319812], [-80.8483755707569, -26.0074202319812], [-80.8483755707569, -37.4356072027454], [-94.3231048325497, -37.4356072027454], [-94.3231048325497, -26.0074202319812]]]}, "properties": {"FID": 104, "Shape_Leng": 6000000, "Grid": "E-12", "Shape__Area": 2250000000000, "Shape__Length": 6000000}}, {"type": "Feature", "id": 105, "geometry": {"type": "Polygon", "coordinates": [[[-94.3231048325497, -37.4356072027454], [-80.8483755707569, -37.4356072027454], [-80.8483755707569, -47.3537047024331], [-94.3231048325497, -47.3537047024331], [-94.3231048325497, -37.4356072027454]]]}, "properties": {"FID": 105, "Shape_Leng": 6000000, "Grid": "E-13", "Shape__Area": 2250000000000, "Shape__Length": 6000000}}, {"type": "Feature", "id": 106, "geometry": {"type": "Polygon", "coordinates": [[[-94.3231048325497, -47.3537047024331], [-80.8483755707569, -47.3537047024331], [-80.8483755707569, -55.7054441737093], [-94.3231048325497, -55.7054441737093], [-94.3231048325497, -47.3537047024331]]]}, "properties": {"FID": 106, "Shape_Leng": 6000000, "Grid": "E-14", "Shape__Area": 2250000000000, "Shape__Length": 6000000}}, {"type": "Feature", "id": 107, "geometry": {"type": "Polygon", "coordinates": [[[-94.3231048325497, -55.7054441737093], [-80.8483755707569, -55.7054441737093], [-80.8483755707569, -62.5882773287332], [-94.3231048325497, -62.5882773287332], [-94.3231048325497, -55.7054441737093]]]}, "properties": {"FID": 107, "Shape_Leng": 6000000, "Grid": "E-15", "Shape__Area": 2250000000000, "Shape__Length": 6000000}}, {"type": "Feature", "id": 108, "geometry": {"type": "Polygon", "coordinates": [[[-91.7986269698017, -68.1776762364548], [-94.3231048325497, -68.1776762364548], [-94.3231048325497, -67.2973573351157], [-94.3231048325497, -62.5882773287332], [-80.8483755707569, -62.5882773287332], [-80.8483755707569, -68.1776762364548], [-91.7986269698017, -68.1776762364548]]]}, "properties": {"FID": 108, "Shape_Leng": 6000000, "Grid": "E-16", "Shape__Area": 2250000000000, "Shape__Length": 6000000}}, {"type": "Feature", "id": 109, "geometry": {"type": "Polygon", "coordinates": [[[-90.9592898929415, -72.6726762942099], [-94.3231048325497, -72.6726762942099], [-94.3231048325497, -72.0276019429739], [-94.3231048325497, -68.1776762364548], [-91.7986269698017, -68.1776762364548], [-80.8483755707569, -68.1776762364548], [-80.8483755707569, -69.5704539035048], [-80.8483755707569, -69.5704539659036], [-80.8483755707569, -71.2089383523828], [-80.8483755707569, -72.6726762942099], [-82.941714749183, -72.6726762942099], [-82.9417147932005, -72.6726762942099], [-90.9592898929415, -72.6726762942099]]]}, "properties": {"FID": 109, "Shape_Leng": 6000000, "Grid": "E-17", "Shape__Area": 2250000000000, "Shape__Length": 6000000}}, {"type": "Feature", "id": 110, "geometry": {"type": "Polygon", "coordinates": [[[-83.997481228732, -76.2647777185781], [-94.3231048325497, -76.2647777185781], [-94.3231048325497, -72.6726762942099], [-90.9592898929415, -72.6726762942099], [-82.9417147932005, -72.6726762942099], [-82.941714749183, -72.6726762942099], [-80.8483755707569, -72.6726762942099], [-80.8483755707569, -74.1814927841008], [-80.8483755707569, -76.2647777185781], [-83.997481228732, -76.2647777185781]]]}, "properties": {"FID": 110, "Shape_Leng": 6000000, "Grid": "E-18", "Shape__Area": 2250000000000, "Shape__Length": 6000000}}, {"type": "Feature", "id": 111, "geometry": {"type": "Polygon", "coordinates": [[[-90.3581101882635, -79.1237548350744], [-94.3231048325497, -79.1237548350744], [-94.3231048325497, -78.4146126701478], [-94.3231048325497, -76.7357195301271], [-94.3231048325497, -76.2647777185781], [-83.997481228732, -76.2647777185781], [-80.8483755707569, -76.2647777185781], [-80.8483755707569, -78.7866494550833], [-80.8483755707569, -79.1237548350744], [-82.9184327310788, -79.1237548350744], [-82.9184327813845, -79.1237548350744], [-90.3581101882635, -79.1237548350744]]]}, "properties": {"FID": 111, "Shape_Leng": 6000000, "Grid": "E-19", "Shape__Area": 2250000000000, "Shape__Length": 6000000}}, {"type": "Feature", "id": 112, "geometry": {"type": "Polygon", "coordinates": [[[-80.8483755707569, -81.3934028410464], [-94.3231048325497, -81.3934028410464], [-94.3231048325497, -79.1237548350744], [-90.3581101882635, -79.1237548350744], [-82.9184327813845, -79.1237548350744], [-82.9184327310788, -79.1237548350744], [-80.8483755707569, -79.1237548350744], [-80.8483755707569, -80.5016219577595], [-80.8483755707569, -81.3934028410464]]]}, "properties": {"FID": 112, "Shape_Leng": 6000000, "Grid": "E-20", "Shape__Area": 2250000000000, "Shape__Length": 6000000}}, {"type": "Feature", "id": 113, "geometry": {"type": "Polygon", "coordinates": [[[-94.3231048325497, -81.3934028410464], [-80.8483755707569, -81.3934028410464], [-80.8483755707569, -83.1922884414757], [-94.3231048325497, -83.1922884414757], [-94.3231048325497, -81.3934028410464]]]}, "properties": {"FID": 113, "Shape_Leng": 6000000, "Grid": "E-21", "Shape__Area": 2250000000000, "Shape__Length": 6000000}}, {"type": "Feature", "id": 114, "geometry": {"type": "Polygon", "coordinates": [[[-94.3231048325497, -83.1922884414757], [-80.8483755707569, -83.1922884414757], [-80.8483755707569, -84.6166061457018], [-94.3231048325497, -84.6166061457018], [-94.3231048325497, -83.1922884414757]]]}, "properties": {"FID": 114, "Shape_Leng": 6000000, "Grid": "E-22", "Shape__Area": 2250000000000, "Shape__Length": 6000000}}, {"type": "Feature", "id": 115, "geometry": {"type": "Polygon", "coordinates": [[[-94.3231048325497, -84.6166061457018], [-80.8483755707569, -84.6166061457018], [-80.8483755707569, -85.7436302342552], [-94.3231048325497, -85.7436302342552], [-94.3231048325497, -84.6166061457018]]]}, "properties": {"FID": 115, "Shape_Leng": 6000000, "Grid": "E-23", "Shape__Area": 2250000000000, "Shape__Length": 6000000}}, {"type": "Feature", "id": 116, "geometry": {"type": "Polygon", "coordinates": [[[-80.8483755707569, 76.2647777185781], [-67.3736463089641, 76.2647777185781], [-67.3736463089641, 72.6726762942099], [-80.8483755707569, 72.6726762942099], [-80.8483755707569, 76.2647777185781]]]}, "properties": {"FID": 116, "Shape_Leng": 6000000, "Grid": "F-1", "Shape__Area": 2250000000000, "Shape__Length": 6000000}}, {"type": "Feature", "id": 117, "geometry": {"type": "Polygon", "coordinates": [[[-78.0026251029589, 68.1776762364547], [-80.8483755707569, 68.1776762364547], [-80.8483755707569, 72.6726762942099], [-67.3736463089641, 72.6726762942099], [-67.3736463089641, 70.1230759702995], [-67.3736463089641, 68.1776762364547], [-78.0026251029589, 68.1776762364547]]]}, "properties": {"FID": 117, "Shape_Leng": 6000000, "Grid": "F-2", "Shape__Area": 2250000000000, "Shape__Length": 6000000}}, {"type": "Feature", "id": 118, "geometry": {"type": "Polygon", "coordinates": [[[-71.0961913255376, 62.5882773287332], [-80.8483755707569, 62.5882773287332], [-80.8483755707569, 67.5559825757157], [-80.8483755707569, 68.1776762364547], [-78.0026251029589, 68.1776762364547], [-67.3736463089641, 68.1776762364547], [-67.3736463089641, 63.9772761211863], [-67.3736463089641, 62.5882773287332], [-71.0961913255376, 62.5882773287332]]]}, "properties": {"FID": 118, "Shape_Leng": 6000000, "Grid": "F-3", "Shape__Area": 2250000000000, "Shape__Length": 6000000}}, {"type": "Feature", "id": 119, "geometry": {"type": "Polygon", "coordinates": [[[-67.3736463089641, 55.7054441737093], [-80.8483755707569, 55.7054441737093], [-80.8483755707569, 57.9084304742342], [-80.8483755707569, 62.5882773287332], [-71.0961913255376, 62.5882773287332], [-67.3736463089641, 62.5882773287332], [-67.3736463089641, 55.7054441737093]]]}, "properties": {"FID": 119, "Shape_Leng": 6000000, "Grid": "F-4", "Shape__Area": 2250000000000, "Shape__Length": 6000000}}, {"type": "Feature", "id": 120, "geometry": {"type": "Polygon", "coordinates": [[[-80.8483755707569, 55.7054441737093], [-67.3736463089641, 55.7054441737093], [-67.3736463089641, 47.3537047024331], [-80.8483755707569, 47.3537047024331], [-80.8483755707569, 55.7054441737093]]]}, "properties": {"FID": 120, "Shape_Leng": 6000000, "Grid": "F-5", "Shape__Area": 2250000000000, "Shape__Length": 6000000}}, {"type": "Feature", "id": 121, "geometry": {"type": "Polygon", "coordinates": [[[-80.8483755707569, 47.3537047024331], [-67.3736463089641, 47.3537047024331], [-67.3736463089641, 37.4356072027454], [-80.8483755707569, 37.4356072027454], [-80.8483755707569, 47.3537047024331]]]}, "properties": {"FID": 121, "Shape_Leng": 6000000, "Grid": "F-6", "Shape__Area": 2250000000000, "Shape__Length": 6000000}}, {"type": "Feature", "id": 122, "geometry": {"type": "Polygon", "coordinates": [[[-80.8483755707569, 37.4356072027454], [-67.3736463089641, 37.4356072027454], [-67.3736463089641, 26.0074202319812], [-80.8483755707569, 26.0074202319812], [-80.8483755707569, 37.4356072027454]]]}, "properties": {"FID": 122, "Shape_Leng": 6000000, "Grid": "F-7", "Shape__Area": 2250000000000, "Shape__Length": 6000000}}, {"type": "Feature", "id": 123, "geometry": {"type": "Polygon", "coordinates": [[[-76.5656653948242, 13.3522076267078], [-80.8483755707569, 13.3522076267078], [-80.8483755707569, 13.3536813253964], [-80.8483755707569, 16.229319543324], [-80.8483755707569, 22.3174389513511], [-80.8483755707569, 23.3044773163761], [-80.8483755707569, 26.0074202319812], [-67.3736463089641, 26.0074202319812], [-67.3736463089641, 23.3457812748966], [-67.3736463089641, 18.7631380492314], [-67.3736463089641, 13.3522076267078], [-67.9025775390696, 13.3522076267078], [-74.9526819206773, 13.3522076267078], [-76.5656653948242, 13.3522076267078]]]}, "properties": {"FID": 123, "Shape_Leng": 6000000, "Grid": "F-8", "Shape__Area": 2250000000000, "Shape__Length": 6000000}}, {"type": "Feature", "id": 124, "geometry": {"type": "Polygon", "coordinates": [[[-67.3736463089641, 0], [-80.8483755707569, 0], [-80.8483755707569, 8.12715219684097], [-80.8483755707569, 10.3930763210576], [-80.8483755707569, 11.3103752613244], [-80.8483755707569, 13.3522076267078], [-76.5656653948242, 13.3522076267078], [-74.9526819206773, 13.3522076267078], [-67.9025775390696, 13.3522076267078], [-67.3736463089641, 13.3522076267078], [-67.3736463089641, 13.1118753843376], [-67.3736463089641, 0]]]}, "properties": {"FID": 124, "Shape_Leng": 6000000, "Grid": "F-9", "Shape__Area": 2250000000000, "Shape__Length": 6000000}}, {"type": "Feature", "id": 125, "geometry": {"type": "Polygon", "coordinates": [[[-80.8483755707569, 0], [-67.3736463089641, 0], [-67.3736463089641, -13.3522076267078], [-80.8483755707569, -13.3522076267078], [-80.8483755707569, 0]]]}, "properties": {"FID": 125, "Shape_Leng": 6000000, "Grid": "F-10", "Shape__Area": 2250000000000, "Shape__Length": 6000000}}, {"type": "Feature", "id": 126, "geometry": {"type": "Polygon", "coordinates": [[[-80.8483755707569, -13.3522076267078], [-67.3736463089641, -13.3522076267078], [-67.3736463089641, -26.0074202319812], [-80.8483755707569, -26.0074202319812], [-80.8483755707569, -13.3522076267078]]]}, "properties": {"FID": 126, "Shape_Leng": 6000000, "Grid": "F-11", "Shape__Area": 2250000000000, "Shape__Length": 6000000}}, {"type": "Feature", "id": 127, "geometry": {"type": "Polygon", "coordinates": [[[-80.8483755707569, -26.0074202319812], [-67.3736463089641, -26.0074202319812], [-67.3736463089641, -37.4356072027454], [-80.8483755707569, -37.4356072027454], [-80.8483755707569, -26.0074202319812]]]}, "properties": {"FID": 127, "Shape_Leng": 6000000, "Grid": "F-12", "Shape__Area": 2250000000000, "Shape__Length": 6000000}}, {"type": "Feature", "id": 128, "geometry": {"type": "Polygon", "coordinates": [[[-80.8483755707569, -37.4356072027454], [-67.3736463089641, -37.4356072027454], [-67.3736463089641, -47.3537047024331], [-80.8483755707569, -47.3537047024331], [-80.8483755707569, -37.4356072027454]]]}, "properties": {"FID": 128, "Shape_Leng": 6000000, "Grid": "F-13", "Shape__Area": 2250000000000, "Shape__Length": 6000000}}, {"type": "Feature", "id": 129, "geometry": {"type": "Polygon", "coordinates": [[[-80.8483755707569, -47.3537047024331], [-67.3736463089641, -47.3537047024331], [-67.3736463089641, -55.7054441737093], [-80.8483755707569, -55.7054441737093], [-80.8483755707569, -47.3537047024331]]]}, "properties": {"FID": 129, "Shape_Leng": 6000000, "Grid": "F-14", "Shape__Area": 2250000000000, "Shape__Length": 6000000}}, {"type": "Feature", "id": 130, "geometry": {"type": "Polygon", "coordinates": [[[-72.5587815362884, -62.5882773287332], [-80.8483755707569, -62.5882773287332], [-80.8483755707569, -55.7054441737093], [-67.3736463089641, -55.7054441737093], [-67.3736463089641, -58.8717788504931], [-67.3736463089641, -58.8863906994179], [-67.3736463089641, -62.5882773287332], [-72.5587813179977, -62.5882773287332], [-72.5587815362884, -62.5882773287332]]]}, "properties": {"FID": 130, "Shape_Leng": 6000000, "Grid": "F-15", "Shape__Area": 2250000000000, "Shape__Length": 6000000}}, {"type": "Feature", "id": 131, "geometry": {"type": "Polygon", "coordinates": [[[-79.6709258827826, -68.1776762364548], [-80.8483755707569, -68.1776762364548], [-80.8483755707569, -62.5882773287332], [-72.5587815362884, -62.5882773287332], [-72.5587813179977, -62.5882773287332], [-67.3736463089641, -62.5882773287332], [-67.3736463089641, -68.1776762364548], [-79.6709256779667, -68.1776762364548], [-79.6709258827826, -68.1776762364548]]]}, "properties": {"FID": 131, "Shape_Leng": 6000000, "Grid": "F-16", "Shape__Area": 2250000000000, "Shape__Length": 6000000}}, {"type": "Feature", "id": 132, "geometry": {"type": "Polygon", "coordinates": [[[-73.6918167244768, -72.6726762942099], [-80.8483755707569, -72.6726762942099], [-80.8483755707569, -71.2089383523828], [-80.8483755707569, -69.5704539659036], [-80.8483755707569, -69.5704539035048], [-80.8483755707569, -68.1776762364548], [-79.6709258827826, -68.1776762364548], [-79.6709256779667, -68.1776762364548], [-67.3736463089641, -68.1776762364548], [-67.3736463089641, -72.6726762942099], [-73.6918167244768, -72.6726762942099]]]}, "properties": {"FID": 132, "Shape_Leng": 6000000, "Grid": "F-17", "Shape__Area": 2250000000000, "Shape__Length": 6000000}}, {"type": "Feature", "id": 133, "geometry": {"type": "Polygon", "coordinates": [[[-67.3736463089641, -76.2647777185781], [-80.8483755707569, -76.2647777185781], [-80.8483755707569, -74.1814927841008], [-80.8483755707569, -72.6726762942099], [-73.6918167244768, -72.6726762942099], [-67.3736463089641, -72.6726762942099], [-67.3736463089641, -73.717784822931], [-67.3736463089641, -75.4322465239824], [-67.3736463089641, -76.2647777185781]]]}, "properties": {"FID": 133, "Shape_Leng": 6000000, "Grid": "F-18", "Shape__Area": 2250000000000, "Shape__Length": 6000000}}, {"type": "Feature", "id": 134, "geometry": {"type": "Polygon", "coordinates": [[[-77.9745053893517, -79.1237548350744], [-80.8483755707569, -79.1237548350744], [-80.8483755707569, -78.7866494550833], [-80.8483755707569, -76.2647777185781], [-67.3736463089641, -76.2647777185781], [-67.3736463089641, -79.1237548350744], [-77.9745053893517, -79.1237548350744]]]}, "properties": {"FID": 134, "Shape_Leng": 6000000, "Grid": "F-19", "Shape__Area": 2250000000000, "Shape__Length": 6000000}}, {"type": "Feature", "id": 135, "geometry": {"type": "Polygon", "coordinates": [[[-72.8572411578986, -81.3934028410464], [-80.8483755707569, -81.3934028410464], [-80.8483755707569, -80.5016219577595], [-80.8483755707569, -79.1237548350744], [-77.9745053893517, -79.1237548350744], [-67.3736463089641, -79.1237548350744], [-67.3736463089641, -80.146422420212], [-67.3736463089641, -81.3934028410464], [-72.8572411578986, -81.3934028410464]]]}, "properties": {"FID": 135, "Shape_Leng": 6000000, "Grid": "F-20", "Shape__Area": 2250000000000, "Shape__Length": 6000000}}, {"type": "Feature", "id": 136, "geometry": {"type": "Polygon", "coordinates": [[[-67.3736463089641, -83.1922884414757], [-80.8483755707569, -83.1922884414757], [-80.8483755707569, -81.3934028410464], [-72.8572411578986, -81.3934028410464], [-67.3736463089641, -81.3934028410464], [-67.3736463089641, -81.8991846809115], [-67.3736463089641, -83.1922884414757]]]}, "properties": {"FID": 136, "Shape_Leng": 6000000, "Grid": "F-21", "Shape__Area": 2250000000000, "Shape__Length": 6000000}}, {"type": "Feature", "id": 137, "geometry": {"type": "Polygon", "coordinates": [[[-80.8483755707569, -83.1922884414757], [-67.3736463089641, -83.1922884414757], [-67.3736463089641, -84.6166061457018], [-80.8483755707569, -84.6166061457018], [-80.8483755707569, -83.1922884414757]]]}, "properties": {"FID": 137, "Shape_Leng": 6000000, "Grid": "F-22", "Shape__Area": 2250000000000, "Shape__Length": 6000000}}, {"type": "Feature", "id": 138, "geometry": {"type": "Polygon", "coordinates": [[[-80.8483755707569, -84.6166061457018], [-67.3736463089641, -84.6166061457018], [-67.3736463089641, -85.7436302342552], [-80.8483755707569, -85.7436302342552], [-80.8483755707569, -84.6166061457018]]]}, "properties": {"FID": 138, "Shape_Leng": 6000000, "Grid": "F-23", "Shape__Area": 2250000000000, "Shape__Length": 6000000}}, {"type": "Feature", "id": 139, "geometry": {"type": "Polygon", "coordinates": [[[-67.3736463089641, 76.2647777185781], [-53.8989170471713, 76.2647777185781], [-53.8989170471713, 72.6726762942099], [-67.3736463089641, 72.6726762942099], [-67.3736463089641, 76.2647777185781]]]}, "properties": {"FID": 139, "Shape_Leng": 6000000, "Grid": "G-1", "Shape__Area": 2250000000000, "Shape__Length": 6000000}}, {"type": "Feature", "id": 140, "geometry": {"type": "Polygon", "coordinates": [[[-53.8989170471713, 68.1776762364547], [-67.3736463089641, 68.1776762364547], [-67.3736463089641, 70.1230759702995], [-67.3736463089641, 72.6726762942099], [-53.8989170471713, 72.6726762942099], [-53.8989170471713, 71.9115665056267], [-53.8989170471713, 68.1776762364547]]]}, "properties": {"FID": 140, "Shape_Leng": 6000000, "Grid": "G-2", "Shape__Area": 2250000000000, "Shape__Length": 6000000}}, {"type": "Feature", "id": 141, "geometry": {"type": "Polygon", "coordinates": [[[-53.8989170471713, 62.5882773287332], [-67.3736463089641, 62.5882773287332], [-67.3736463089641, 63.9772761211863], [-67.3736463089641, 68.1776762364547], [-53.8989170471713, 68.1776762364547], [-53.8989170471713, 67.7753539705638], [-53.8989170471713, 62.5882773287332]]]}, "properties": {"FID": 141, "Shape_Leng": 6000000, "Grid": "G-3", "Shape__Area": 2250000000000, "Shape__Length": 6000000}}, {"type": "Feature", "id": 142, "geometry": {"type": "Polygon", "coordinates": [[[-67.3736463089641, 62.5882773287332], [-53.8989170471713, 62.5882773287332], [-53.8989170471713, 55.7054441737093], [-67.3736463089641, 55.7054441737093], [-67.3736463089641, 62.5882773287332]]]}, "properties": {"FID": 142, "Shape_Leng": 6000000, "Grid": "G-4", "Shape__Area": 2250000000000, "Shape__Length": 6000000}}, {"type": "Feature", "id": 143, "geometry": {"type": "Polygon", "coordinates": [[[-67.3736463089641, 55.7054441737093], [-53.8989170471713, 55.7054441737093], [-53.8989170471713, 47.3537047024331], [-67.3736463089641, 47.3537047024331], [-67.3736463089641, 55.7054441737093]]]}, "properties": {"FID": 143, "Shape_Leng": 6000000, "Grid": "G-5", "Shape__Area": 2250000000000, "Shape__Length": 6000000}}, {"type": "Feature", "id": 144, "geometry": {"type": "Polygon", "coordinates": [[[-67.3736463089641, 47.3537047024331], [-53.8989170471713, 47.3537047024331], [-53.8989170471713, 37.4356072027454], [-67.3736463089641, 37.4356072027454], [-67.3736463089641, 47.3537047024331]]]}, "properties": {"FID": 144, "Shape_Leng": 6000000, "Grid": "G-6", "Shape__Area": 2250000000000, "Shape__Length": 6000000}}, {"type": "Feature", "id": 145, "geometry": {"type": "Polygon", "coordinates": [[[-67.3736463089641, 37.4356072027454], [-53.8989170471713, 37.4356072027454], [-53.8989170471713, 26.0074202319812], [-67.3736463089641, 26.0074202319812], [-67.3736463089641, 37.4356072027454]]]}, "properties": {"FID": 145, "Shape_Leng": 6000000, "Grid": "G-7", "Shape__Area": 2250000000000, "Shape__Length": 6000000}}, {"type": "Feature", "id": 146, "geometry": {"type": "Polygon", "coordinates": [[[-53.8989170471713, 13.3522076267078], [-67.3736463089641, 13.3522076267078], [-67.3736463089641, 18.7631380492314], [-67.3736463089641, 23.3457812748966], [-67.3736463089641, 26.0074202319812], [-53.8989170471713, 26.0074202319812], [-53.8989170471713, 24.8522670217428], [-53.8989170471713, 13.3522076267078]]]}, "properties": {"FID": 146, "Shape_Leng": 6000000, "Grid": "G-8", "Shape__Area": 2250000000000, "Shape__Length": 6000000}}, {"type": "Feature", "id": 147, "geometry": {"type": "Polygon", "coordinates": [[[-53.8989170471713, 0], [-67.3736463089641, 0], [-67.3736463089641, 13.1118753843376], [-67.3736463089641, 13.3522076267078], [-53.8989170471713, 13.3522076267078], [-53.8989170471713, 0]]]}, "properties": {"FID": 147, "Shape_Leng": 6000000, "Grid": "G-9", "Shape__Area": 2250000000000, "Shape__Length": 6000000}}, {"type": "Feature", "id": 148, "geometry": {"type": "Polygon", "coordinates": [[[-67.3736463089641, 0], [-53.8989170471713, 0], [-53.8989170471713, -13.3522076267078], [-67.3736463089641, -13.3522076267078], [-67.3736463089641, 0]]]}, "properties": {"FID": 148, "Shape_Leng": 6000000, "Grid": "G-10", "Shape__Area": 2250000000000, "Shape__Length": 6000000}}, {"type": "Feature", "id": 149, "geometry": {"type": "Polygon", "coordinates": [[[-67.3736463089641, -13.3522076267078], [-53.8989170471713, -13.3522076267078], [-53.8989170471713, -26.0074202319812], [-67.3736463089641, -26.0074202319812], [-67.3736463089641, -13.3522076267078]]]}, "properties": {"FID": 149, "Shape_Leng": 6000000, "Grid": "G-11", "Shape__Area": 2250000000000, "Shape__Length": 6000000}}, {"type": "Feature", "id": 150, "geometry": {"type": "Polygon", "coordinates": [[[-67.3736463089641, -26.0074202319812], [-53.8989170471713, -26.0074202319812], [-53.8989170471713, -37.4356072027454], [-67.3736463089641, -37.4356072027454], [-67.3736463089641, -26.0074202319812]]]}, "properties": {"FID": 150, "Shape_Leng": 6000000, "Grid": "G-12", "Shape__Area": 2250000000000, "Shape__Length": 6000000}}, {"type": "Feature", "id": 151, "geometry": {"type": "Polygon", "coordinates": [[[-67.3736463089641, -37.4356072027454], [-53.8989170471713, -37.4356072027454], [-53.8989170471713, -47.3537047024331], [-67.3736463089641, -47.3537047024331], [-67.3736463089641, -37.4356072027454]]]}, "properties": {"FID": 151, "Shape_Leng": 6000000, "Grid": "G-13", "Shape__Area": 2250000000000, "Shape__Length": 6000000}}, {"type": "Feature", "id": 152, "geometry": {"type": "Polygon", "coordinates": [[[-60.8710803850483, -55.7054441737093], [-67.3736463089641, -55.7054441737093], [-67.3736463089641, -47.3537047024331], [-53.8989170471713, -47.3537047024331], [-53.8989170471713, -50.0255671533628], [-53.8989170471713, -50.0255674257629], [-53.8989170471713, -55.7054441737093], [-60.8710801290284, -55.7054441737093], [-60.8710803850483, -55.7054441737093]]]}, "properties": {"FID": 152, "Shape_Leng": 6000000, "Grid": "G-14", "Shape__Area": 2250000000000, "Shape__Length": 6000000}}, {"type": "Feature", "id": 153, "geometry": {"type": "Polygon", "coordinates": [[[-55.7070663933967, -62.5882773287332], [-67.3736463089641, -62.5882773287332], [-67.3736463089641, -58.8863906994179], [-67.3736463089641, -58.8717788504931], [-67.3736463089641, -55.7054441737093], [-60.8710803850483, -55.7054441737093], [-60.8710801290284, -55.7054441737093], [-53.8989170471713, -55.7054441737093], [-53.8989170471713, -60.0727777980963], [-53.8989170471713, -60.0727950517058], [-53.8989170471713, -62.5835581432218], [-53.8989170471713, -62.5835582449756], [-53.8989170471713, -62.5882773287332], [-55.7070493002534, -62.5882773287332], [-55.707050552505, -62.5882773287332], [-55.7070663933967, -62.5882773287332]]]}, "properties": {"FID": 153, "Shape_Leng": 6000000, "Grid": "G-15", "Shape__Area": 2250000000000, "Shape__Length": 6000000}}, {"type": "Feature", "id": 154, "geometry": {"type": "Polygon", "coordinates": [[[-53.8989170471713, -68.1776762364548], [-67.3736463089641, -68.1776762364548], [-67.3736463089641, -62.5882773287332], [-55.7070663933967, -62.5882773287332], [-55.707050552505, -62.5882773287332], [-55.7070493002534, -62.5882773287332], [-53.8989170471713, -62.5882773287332], [-53.8989170471713, -65.6599836665663], [-53.8989170471713, -67.5120628357881], [-53.8989170471713, -67.5348406585929], [-53.8989170471713, -67.5348458762301], [-53.8989170471713, -67.5348461525589], [-53.8989170471713, -68.1776762364548]]]}, "properties": {"FID": 154, "Shape_Leng": 6000000, "Grid": "G-16", "Shape__Area": 2250000000000, "Shape__Length": 6000000}}, {"type": "Feature", "id": 155, "geometry": {"type": "Polygon", "coordinates": [[[-67.3736463089641, -68.1776762364548], [-53.8989170471713, -68.1776762364548], [-53.8989170471713, -72.6726762942099], [-67.3736463089641, -72.6726762942099], [-67.3736463089641, -68.1776762364548]]]}, "properties": {"FID": 155, "Shape_Leng": 6000000, "Grid": "G-17", "Shape__Area": 2250000000000, "Shape__Length": 6000000}}, {"type": "Feature", "id": 156, "geometry": {"type": "Polygon", "coordinates": [[[-53.8989170471713, -76.2647777185781], [-67.3736463089641, -76.2647777185781], [-67.3736463089641, -75.4322465239824], [-67.3736463089641, -73.717784822931], [-67.3736463089641, -72.6726762942099], [-53.8989170471713, -72.6726762942099], [-53.8989170471713, -75.3677890036699], [-53.8989170471713, -76.0573827186919], [-53.8989170471713, -76.2647777185781]]]}, "properties": {"FID": 156, "Shape_Leng": 6000000, "Grid": "G-18", "Shape__Area": 2250000000000, "Shape__Length": 6000000}}, {"type": "Feature", "id": 157, "geometry": {"type": "Polygon", "coordinates": [[[-67.3736463089641, -76.2647777185781], [-53.8989170471713, -76.2647777185781], [-53.8989170471713, -79.1237548350744], [-67.3736463089641, -79.1237548350744], [-67.3736463089641, -76.2647777185781]]]}, "properties": {"FID": 157, "Shape_Leng": 6000000, "Grid": "G-19", "Shape__Area": 2250000000000, "Shape__Length": 6000000}}, {"type": "Feature", "id": 158, "geometry": {"type": "Polygon", "coordinates": [[[-53.8989170471713, -81.3934028410464], [-67.3736463089641, -81.3934028410464], [-67.3736463089641, -80.146422420212], [-67.3736463089641, -79.1237548350744], [-53.8989170471713, -79.1237548350744], [-53.8989170471713, -81.0595879932279], [-53.8989170471713, -81.3934028410464]]]}, "properties": {"FID": 158, "Shape_Leng": 6000000, "Grid": "G-20", "Shape__Area": 2250000000000, "Shape__Length": 6000000}}, {"type": "Feature", "id": 159, "geometry": {"type": "Polygon", "coordinates": [[[-53.8989170471713, -83.1922884414757], [-67.3736463089641, -83.1922884414757], [-67.3736463089641, -81.8991846809115], [-67.3736463089641, -81.3934028410464], [-53.8989170471713, -81.3934028410464], [-53.8989170471713, -82.8660589981054], [-53.8989170471713, -83.1922884414757]]]}, "properties": {"FID": 159, "Shape_Leng": 6000000, "Grid": "G-21", "Shape__Area": 2250000000000, "Shape__Length": 6000000}}, {"type": "Feature", "id": 160, "geometry": {"type": "Polygon", "coordinates": [[[-67.3736463089641, -83.1922884414757], [-53.8989170471713, -83.1922884414757], [-53.8989170471713, -84.6166061457018], [-67.3736463089641, -84.6166061457018], [-67.3736463089641, -83.1922884414757]]]}, "properties": {"FID": 160, "Shape_Leng": 6000000, "Grid": "G-22", "Shape__Area": 2250000000000, "Shape__Length": 6000000}}, {"type": "Feature", "id": 161, "geometry": {"type": "Polygon", "coordinates": [[[-67.3736463089641, -84.6166061457018], [-53.8989170471713, -84.6166061457018], [-53.8989170471713, -85.7436302342552], [-67.3736463089641, -85.7436302342552], [-67.3736463089641, -84.6166061457018]]]}, "properties": {"FID": 161, "Shape_Leng": 6000000, "Grid": "G-23", "Shape__Area": 2250000000000, "Shape__Length": 6000000}}, {"type": "Feature", "id": 162, "geometry": {"type": "Polygon", "coordinates": [[[-46.1571434803084, 72.6726762942099], [-53.8989170471713, 72.6726762942099], [-53.8989170471713, 76.2647777185781], [-40.4241877853785, 76.2647777185781], [-40.4241877853785, 73.1321994900748], [-40.4241877853785, 72.6726762942099], [-46.1571434803084, 72.6726762942099]]]}, "properties": {"FID": 162, "Shape_Leng": 6000000, "Grid": "H-1", "Shape__Area": 2250000000000, "Shape__Length": 6000000}}, {"type": "Feature", "id": 163, "geometry": {"type": "Polygon", "coordinates": [[[-52.0571375722656, 68.1776762364547], [-53.8989170471713, 68.1776762364547], [-53.8989170471713, 71.9115665056267], [-53.8989170471713, 72.6726762942099], [-46.1571434803084, 72.6726762942099], [-40.4241877853785, 72.6726762942099], [-40.4241877853785, 70.2454612628633], [-40.4241877853785, 68.1776762364547], [-52.0571375722656, 68.1776762364547]]]}, "properties": {"FID": 163, "Shape_Leng": 6000000, "Grid": "H-2", "Shape__Area": 2250000000000, "Shape__Length": 6000000}}, {"type": "Feature", "id": 164, "geometry": {"type": "Polygon", "coordinates": [[[-40.7108044557624, 62.5882773287332], [-53.8989170471713, 62.5882773287332], [-53.8989170471713, 67.7753539705638], [-53.8989170471713, 68.1776762364547], [-52.0571375722656, 68.1776762364547], [-40.4241877853785, 68.1776762364547], [-40.4241877853785, 63.7697787589762], [-40.4241877853785, 62.5882773287332], [-40.7108044027618, 62.5882773287332], [-40.7108044557624, 62.5882773287332]]]}, "properties": {"FID": 164, "Shape_Leng": 6000000, "Grid": "H-3", "Shape__Area": 2250000000000, "Shape__Length": 6000000}}, {"type": "Feature", "id": 165, "geometry": {"type": "Polygon", "coordinates": [[[-41.1696226208117, 55.7054441737093], [-53.8989170471713, 55.7054441737093], [-53.8989170471713, 62.5882773287332], [-40.7108044557624, 62.5882773287332], [-40.7108044027618, 62.5882773287332], [-40.4241877853785, 62.5882773287332], [-40.4241877853785, 55.7054441737093], [-41.1696223144862, 55.7054441737093], [-41.1696226208117, 55.7054441737093]]]}, "properties": {"FID": 165, "Shape_Leng": 6000000, "Grid": "H-4", "Shape__Area": 2250000000000, "Shape__Length": 6000000}}, {"type": "Feature", "id": 166, "geometry": {"type": "Polygon", "coordinates": [[[-42.2865409889607, 47.3537047024331], [-53.8989170471713, 47.3537047024331], [-53.8989170471713, 55.7054441737093], [-41.1696226208117, 55.7054441737093], [-41.1696223144862, 55.7054441737093], [-40.4241877853785, 55.7054441737093], [-40.4241877853785, 47.3537047024331], [-42.2865409889607, 47.3537047024331]]]}, "properties": {"FID": 166, "Shape_Leng": 6000000, "Grid": "H-5", "Shape__Area": 2250000000000, "Shape__Length": 6000000}}, {"type": "Feature", "id": 167, "geometry": {"type": "Polygon", "coordinates": [[[-42.9073491377182, 37.4356072027454], [-53.8989170471713, 37.4356072027454], [-53.8989170471713, 47.3537047024331], [-42.2865409889607, 47.3537047024331], [-40.4241877853785, 47.3537047024331], [-40.4241877853785, 37.4356072027454], [-42.907349082921, 37.4356072027454], [-42.9073491377182, 37.4356072027454]]]}, "properties": {"FID": 167, "Shape_Leng": 6000000, "Grid": "H-6", "Shape__Area": 2250000000000, "Shape__Length": 6000000}}, {"type": "Feature", "id": 168, "geometry": {"type": "Polygon", "coordinates": [[[-47.4868042786575, 26.0074202319812], [-53.8989170471713, 26.0074202319812], [-53.8989170471713, 37.4356072027454], [-42.9073491377182, 37.4356072027454], [-42.907349082921, 37.4356072027454], [-40.4241877853785, 37.4356072027454], [-40.4241877853785, 30.7670683865607], [-40.4241877853785, 26.0074202319812], [-43.1228673935873, 26.0074202319812], [-47.4868042786575, 26.0074202319812]]]}, "properties": {"FID": 168, "Shape_Leng": 6000000, "Grid": "H-7", "Shape__Area": 2250000000000, "Shape__Length": 6000000}}, {"type": "Feature", "id": 169, "geometry": {"type": "Polygon", "coordinates": [[[-47.8961765437951, 13.3522076267078], [-53.8989170471713, 13.3522076267078], [-53.8989170471713, 24.8522670217428], [-53.8989170471713, 26.0074202319812], [-47.4868042786575, 26.0074202319812], [-43.1228673935873, 26.0074202319812], [-40.4241877853785, 26.0074202319812], [-40.4241877853785, 15.1498958324313], [-40.4241877853785, 13.3522076267078], [-40.9096008510953, 13.3522076267078], [-47.8961762518426, 13.3522076267078], [-47.8961765437951, 13.3522076267078]]]}, "properties": {"FID": 169, "Shape_Leng": 6000000, "Grid": "H-8", "Shape__Area": 2250000000000, "Shape__Length": 6000000}}, {"type": "Feature", "id": 170, "geometry": {"type": "Polygon", "coordinates": [[[-50.3379984804835, 0], [-53.8989170471713, 0], [-53.8989170471713, 13.3522076267078], [-47.8961765437951, 13.3522076267078], [-47.8961762518426, 13.3522076267078], [-40.9096008510953, 13.3522076267078], [-40.4241877853785, 13.3522076267078], [-40.4241877853785, 0], [-43.9861539637573, 0], [-50.337998339448, 0], [-50.3379984804835, 0]]]}, "properties": {"FID": 170, "Shape_Leng": 6000000, "Grid": "H-9", "Shape__Area": 2250000000000, "Shape__Length": 6000000}}, {"type": "Feature", "id": 171, "geometry": {"type": "Polygon", "coordinates": [[[-51.6920929164698, -13.3522076267078], [-53.8989170471713, -13.3522076267078], [-53.8989170471713, 0], [-50.3379984804835, 0], [-50.337998339448, 0], [-43.9861539637573, 0], [-40.4241877853785, 0], [-40.4241877853785, -10.696454349184], [-40.4241877853785, -13.3522076267078], [-40.7369295608924, -13.3522076267078], [-46.2038486544244, -13.3522076267078], [-51.692092871554, -13.3522076267078], [-51.6920929164698, -13.3522076267078]]]}, "properties": {"FID": 171, "Shape_Leng": 6000000, "Grid": "H-10", "Shape__Area": 2250000000000, "Shape__Length": 6000000}}, {"type": "Feature", "id": 172, "geometry": {"type": "Polygon", "coordinates": [[[-52.3390935143593, -26.0074202319812], [-53.8989170471713, -26.0074202319812], [-53.8989170471713, -13.3522076267078], [-51.6920929164698, -13.3522076267078], [-51.692092871554, -13.3522076267078], [-46.2038486544244, -13.3522076267078], [-40.7369295608924, -13.3522076267078], [-40.4241877853785, -13.3522076267078], [-40.4241877853785, -26.0074202319812], [-41.2156939472565, -26.0074202319812], [-47.2996736804886, -26.0074202319812], [-52.3390930130993, -26.0074202319812], [-52.3390935143593, -26.0074202319812]]]}, "properties": {"FID": 172, "Shape_Leng": 6000000, "Grid": "H-11", "Shape__Area": 2250000000000, "Shape__Length": 6000000}}, {"type": "Feature", "id": 173, "geometry": {"type": "Polygon", "coordinates": [[[-52.3271517421635, -37.4356072027454], [-53.8989170471713, -37.4356072027454], [-53.8989170471713, -26.0074202319812], [-52.3390935143593, -26.0074202319812], [-52.3390930130993, -26.0074202319812], [-47.2996736804886, -26.0074202319812], [-41.2156939472565, -26.0074202319812], [-40.4241877853785, -26.0074202319812], [-40.4241877853785, -37.4356072027454], [-40.8417437368903, -37.4356072027454], [-46.5207052053181, -37.4356072027454], [-52.3271516074162, -37.4356072027454], [-52.3271517421635, -37.4356072027454]]]}, "properties": {"FID": 173, "Shape_Leng": 6000000, "Grid": "H-12", "Shape__Area": 2250000000000, "Shape__Length": 6000000}}, {"type": "Feature", "id": 174, "geometry": {"type": "Polygon", "coordinates": [[[-52.3116124822579, -47.3537047024331], [-53.8989170471713, -47.3537047024331], [-53.8989170471713, -37.4356072027454], [-52.3271517421635, -37.4356072027454], [-52.3271516074162, -37.4356072027454], [-46.5207052053181, -37.4356072027454], [-40.8417437368903, -37.4356072027454], [-40.4241877853785, -37.4356072027454], [-40.4241877853785, -41.9070187617496], [-40.4241877853785, -47.3537047024331], [-44.5620732088342, -47.3537047024331], [-51.9754733611269, -47.3537047024331], [-51.9754739261672, -47.3537047024331], [-52.3116123376291, -47.3537047024331], [-52.3116124822579, -47.3537047024331]]]}, "properties": {"FID": 174, "Shape_Leng": 6000000, "Grid": "H-13", "Shape__Area": 2250000000000, "Shape__Length": 6000000}}, {"type": "Feature", "id": 175, "geometry": {"type": "Polygon", "coordinates": [[[-50.7331222165566, -55.7054441737093], [-53.8989170471713, -55.7054441737093], [-53.8989170471713, -50.0255674257629], [-53.8989170471713, -50.0255671533628], [-53.8989170471713, -47.3537047024331], [-52.3116124822579, -47.3537047024331], [-52.3116123376291, -47.3537047024331], [-51.9754739261672, -47.3537047024331], [-51.9754733611269, -47.3537047024331], [-44.5620732088342, -47.3537047024331], [-40.4241877853785, -47.3537047024331], [-40.4241877853785, -53.6052189956835], [-40.4241877853785, -55.7054441737093], [-50.7331215131758, -55.7054441737093], [-50.7331222165566, -55.7054441737093]]]}, "properties": {"FID": 175, "Shape_Leng": 6000000, "Grid": "H-14", "Shape__Area": 2250000000000, "Shape__Length": 6000000}}, {"type": "Feature", "id": 176, "geometry": {"type": "Polygon", "coordinates": [[[-53.8833626281952, -62.5882773287332], [-53.8989170471713, -62.5882773287332], [-53.8989170471713, -62.5835582449756], [-53.8989170471713, -62.5835581432218], [-53.8989170471713, -60.0727950517058], [-53.8989170471713, -60.0727777980963], [-53.8989170471713, -55.7054441737093], [-50.7331222165566, -55.7054441737093], [-50.7331215131758, -55.7054441737093], [-40.4241877853785, -55.7054441737093], [-40.4241877853785, -62.5882773287332], [-47.7032083272957, -62.5882773287332], [-47.703210698848, -62.5882773287332], [-53.8833623074967, -62.5882773287332], [-53.8833626281952, -62.5882773287332]]]}, "properties": {"FID": 176, "Shape_Leng": 6000000, "Grid": "H-15", "Shape__Area": 2250000000000, "Shape__Length": 6000000}}, {"type": "Feature", "id": 177, "geometry": {"type": "Polygon", "coordinates": [[[-48.4279599258259, -68.1776762364548], [-53.8989170471713, -68.1776762364548], [-53.8989170471713, -67.5348461525589], [-53.8989170471713, -67.5348458762301], [-53.8989170471713, -67.5348406585929], [-53.8989170471713, -67.5120628357881], [-53.8989170471713, -65.6599836665663], [-53.8989170471713, -62.5882773287332], [-53.8833626281952, -62.5882773287332], [-53.8833623074967, -62.5882773287332], [-47.703210698848, -62.5882773287332], [-47.7032083272957, -62.5882773287332], [-40.4241877853785, -62.5882773287332], [-40.4241877853785, -65.4918133320525], [-40.4241877853785, -66.0900283248948], [-40.4241877853785, -66.5236097086002], [-40.4241877853785, -66.5236104729953], [-40.4241877853785, -66.5236110115789], [-40.4241877853785, -68.1776762364548], [-42.3829177575171, -68.1776762364548], [-44.518892778653, -68.1776762364548], [-48.4279539619108, -68.1776762364548], [-48.4279593401244, -68.1776762364548], [-48.4279599258259, -68.1776762364548]]]}, "properties": {"FID": 177, "Shape_Leng": 6000000, "Grid": "H-16", "Shape__Area": 2250000000000, "Shape__Length": 6000000}}, {"type": "Feature", "id": 178, "geometry": {"type": "Polygon", "coordinates": [[[-40.4241877853785, -72.6726762942099], [-53.8989170471713, -72.6726762942099], [-53.8989170471713, -68.1776762364548], [-48.4279599258259, -68.1776762364548], [-48.4279593401244, -68.1776762364548], [-48.4279539619108, -68.1776762364548], [-44.518892778653, -68.1776762364548], [-42.3829177575171, -68.1776762364548], [-40.4241877853785, -68.1776762364548], [-40.4241877853785, -70.0847034444128], [-40.4241877853785, -70.1697188055465], [-40.4241877853785, -70.1697199711774], [-40.4241877853785, -70.1697200519335], [-40.4241877853785, -72.6726762942099]]]}, "properties": {"FID": 178, "Shape_Leng": 6000000, "Grid": "H-17", "Shape__Area": 2250000000000, "Shape__Length": 6000000}}, {"type": "Feature", "id": 179, "geometry": {"type": "Polygon", "coordinates": [[[-40.4241877853785, -76.2647777185781], [-53.8989170471713, -76.2647777185781], [-53.8989170471713, -76.0573827186919], [-53.8989170471713, -75.3677890036699], [-53.8989170471713, -72.6726762942099], [-40.4241877853785, -72.6726762942099], [-40.4241877853785, -76.2647777185781]]]}, "properties": {"FID": 179, "Shape_Leng": 6000000, "Grid": "H-18", "Shape__Area": 2250000000000, "Shape__Length": 6000000}}, {"type": "Feature", "id": 180, "geometry": {"type": "Polygon", "coordinates": [[[-43.62984971625, -79.1237548350744], [-53.8989170471713, -79.1237548350744], [-53.8989170471713, -76.2647777185781], [-40.4241877853785, -76.2647777185781], [-40.4241877853785, -76.7240853979676], [-40.4241877853785, -76.7240909620117], [-40.4241877853785, -76.7240910870232], [-40.4241877853785, -79.1237548350744], [-43.6298431387855, -79.1237548350744], [-43.629843177413, -79.1237548350744], [-43.62984971625, -79.1237548350744]]]}, "properties": {"FID": 180, "Shape_Leng": 6000000, "Grid": "H-19", "Shape__Area": 2250000000000, "Shape__Length": 6000000}}, {"type": "Feature", "id": 181, "geometry": {"type": "Polygon", "coordinates": [[[-47.1408278703435, -81.3934028410464], [-53.8989170471713, -81.3934028410464], [-53.8989170471713, -81.0595879932279], [-53.8989170471713, -79.1237548350744], [-43.62984971625, -79.1237548350744], [-43.629843177413, -79.1237548350744], [-43.6298431387855, -79.1237548350744], [-40.4241877853785, -79.1237548350744], [-40.4241877853785, -79.8328813312405], [-40.4241877853785, -79.8328842094536], [-40.4241877853785, -81.3934028410464], [-47.1408278703435, -81.3934028410464]]]}, "properties": {"FID": 181, "Shape_Leng": 6000000, "Grid": "H-20", "Shape__Area": 2250000000000, "Shape__Length": 6000000}}, {"type": "Feature", "id": 182, "geometry": {"type": "Polygon", "coordinates": [[[-48.0026007505137, -83.1922884414757], [-53.8989170471713, -83.1922884414757], [-53.8989170471713, -82.8660589981054], [-53.8989170471713, -81.3934028410464], [-47.1408278703435, -81.3934028410464], [-40.4241877853785, -81.3934028410464], [-40.4241877853785, -81.6578132037351], [-40.4241877853785, -83.1922884414757], [-48.0026007505137, -83.1922884414757]]]}, "properties": {"FID": 182, "Shape_Leng": 6000000, "Grid": "H-21", "Shape__Area": 2250000000000, "Shape__Length": 6000000}}, {"type": "Feature", "id": 183, "geometry": {"type": "Polygon", "coordinates": [[[-40.4241877853785, -84.6166061457018], [-53.8989170471713, -84.6166061457018], [-53.8989170471713, -83.1922884414757], [-48.0026007505137, -83.1922884414757], [-40.4241877853785, -83.1922884414757], [-40.4241877853785, -83.5433961038982], [-40.4241877853785, -84.6166061457018]]]}, "properties": {"FID": 183, "Shape_Leng": 6000000, "Grid": "H-22", "Shape__Area": 2250000000000, "Shape__Length": 6000000}}, {"type": "Feature", "id": 184, "geometry": {"type": "Polygon", "coordinates": [[[-53.8989170471713, -84.6166061457018], [-40.4241877853785, -84.6166061457018], [-40.4241877853785, -85.7436302342552], [-53.8989170471713, -85.7436302342552], [-53.8989170471713, -84.6166061457018]]]}, "properties": {"FID": 184, "Shape_Leng": 6000000, "Grid": "H-23", "Shape__Area": 2250000000000, "Shape__Length": 6000000}}, {"type": "Feature", "id": 185, "geometry": {"type": "Polygon", "coordinates": [[[-34.140355265887, 72.6726762942099], [-40.4241877853785, 72.6726762942099], [-40.4241877853785, 73.1321994900748], [-40.4241877853785, 76.2647777185781], [-26.9494585235856, 76.2647777185781], [-26.9494585235856, 73.9128685528103], [-26.9494585235856, 72.6726762942099], [-34.1403550781391, 72.6726762942099], [-34.140355265887, 72.6726762942099]]]}, "properties": {"FID": 185, "Shape_Leng": 6000000, "Grid": "I-1", "Shape__Area": 2250000000000, "Shape__Length": 6000000}}, {"type": "Feature", "id": 186, "geometry": {"type": "Polygon", "coordinates": [[[-38.4531040098744, 68.1776762364547], [-40.4241877853785, 68.1776762364547], [-40.4241877853785, 70.2454612628633], [-40.4241877853785, 72.6726762942099], [-34.140355265887, 72.6726762942099], [-34.1403550781391, 72.6726762942099], [-26.9494585235856, 72.6726762942099], [-26.9494585235856, 71.8461647086578], [-26.9494585235856, 68.1776762364547], [-38.4531037304983, 68.1776762364547], [-38.4531040098744, 68.1776762364547]]]}, "properties": {"FID": 186, "Shape_Leng": 6000000, "Grid": "I-2", "Shape__Area": 2250000000000, "Shape__Length": 6000000}}, {"type": "Feature", "id": 187, "geometry": {"type": "Polygon", "coordinates": [[[-26.9494585235856, 62.5882773287332], [-40.4241877853785, 62.5882773287332], [-40.4241877853785, 63.7697787589762], [-40.4241877853785, 68.1776762364547], [-38.4531040098744, 68.1776762364547], [-38.4531037304983, 68.1776762364547], [-26.9494585235856, 68.1776762364547], [-26.9494585235856, 62.5882773287332]]]}, "properties": {"FID": 187, "Shape_Leng": 6000000, "Grid": "I-3", "Shape__Area": 2250000000000, "Shape__Length": 6000000}}, {"type": "Feature", "id": 188, "geometry": {"type": "Polygon", "coordinates": [[[-40.4241877853785, 62.5882773287332], [-26.9494585235856, 62.5882773287332], [-26.9494585235856, 55.7054441737093], [-40.4241877853785, 55.7054441737093], [-40.4241877853785, 62.5882773287332]]]}, "properties": {"FID": 188, "Shape_Leng": 6000000, "Grid": "I-4", "Shape__Area": 2250000000000, "Shape__Length": 6000000}}, {"type": "Feature", "id": 189, "geometry": {"type": "Polygon", "coordinates": [[[-40.4241877853785, 55.7054441737093], [-26.9494585235856, 55.7054441737093], [-26.9494585235856, 47.3537047024331], [-40.4241877853785, 47.3537047024331], [-40.4241877853785, 55.7054441737093]]]}, "properties": {"FID": 189, "Shape_Leng": 6000000, "Grid": "I-5", "Shape__Area": 2250000000000, "Shape__Length": 6000000}}, {"type": "Feature", "id": 190, "geometry": {"type": "Polygon", "coordinates": [[[-34.5356485535802, 37.4356072027454], [-40.4241877853785, 37.4356072027454], [-40.4241877853785, 47.3537047024331], [-26.9494585235856, 47.3537047024331], [-26.9494585235856, 41.1324917522635], [-26.9494585235856, 41.1324742289324], [-26.9494585235856, 41.1324738689798], [-26.9494585235856, 40.6825988589373], [-26.9494585235856, 40.6825872229912], [-26.9494585235856, 40.6825865949049], [-26.9494585235856, 37.9465899797437], [-26.9494585235856, 37.4356072027454], [-27.8437843041885, 37.4356072027454], [-27.8533804610913, 37.4356072027454], [-31.3049523049972, 37.4356072027454], [-31.3049525349659, 37.4356072027454], [-34.5356485535802, 37.4356072027454]]]}, "properties": {"FID": 190, "Shape_Leng": 6000000, "Grid": "I-6", "Shape__Area": 2250000000000, "Shape__Length": 6000000}}, {"type": "Feature", "id": 191, "geometry": {"type": "Polygon", "coordinates": [[[-39.2331849775574, 26.0074202319812], [-40.4241877853785, 26.0074202319812], [-40.4241877853785, 30.7670683865607], [-40.4241877853785, 37.4356072027454], [-34.5356485535802, 37.4356072027454], [-31.3049525349659, 37.4356072027454], [-31.3049523049972, 37.4356072027454], [-27.8533804610913, 37.4356072027454], [-27.8437843041885, 37.4356072027454], [-26.9494585235856, 37.4356072027454], [-26.9494585235856, 35.1123379655592], [-26.9494585235856, 33.7258145470363], [-26.9494585235856, 31.4517817946182], [-26.9494585235856, 29.0115198286707], [-26.9494585235856, 29.0115193046777], [-26.9494585235856, 26.0074202319812], [-27.2316634966423, 26.0074202319812], [-29.4852583614075, 26.0074202319812], [-29.4852587081573, 26.0074202319812], [-36.1590610163231, 26.0074202319812], [-39.2331849775574, 26.0074202319812]]]}, "properties": {"FID": 191, "Shape_Leng": 6000000, "Grid": "I-7", "Shape__Area": 2250000000000, "Shape__Length": 6000000}}, {"type": "Feature", "id": 192, "geometry": {"type": "Polygon", "coordinates": [[[-31.185652305461, 13.3522076267078], [-40.4241877853785, 13.3522076267078], [-40.4241877853785, 15.1498958324313], [-40.4241877853785, 26.0074202319812], [-39.2331849775574, 26.0074202319812], [-36.1590610163231, 26.0074202319812], [-29.4852587081573, 26.0074202319812], [-29.4852583614075, 26.0074202319812], [-27.2316634966423, 26.0074202319812], [-26.9494585235856, 26.0074202319812], [-26.9494585235856, 25.8414172647988], [-26.9494585235856, 21.7483250100948], [-26.9494585235856, 21.7483241098057], [-26.9494585235856, 18.1860184961687], [-26.9494585235856, 13.3522076267078], [-31.185652305461, 13.3522076267078]]]}, "properties": {"FID": 192, "Shape_Leng": 6000000, "Grid": "I-8", "Shape__Area": 2250000000000, "Shape__Length": 6000000}}, {"type": "Feature", "id": 193, "geometry": {"type": "Polygon", "coordinates": [[[-38.0464141662775, 0], [-40.4241877853785, 0], [-40.4241877853785, 13.3522076267078], [-31.185652305461, 13.3522076267078], [-26.9494585235856, 13.3522076267078], [-26.9494585235856, 5.43482750932121], [-26.9494585235856, 5.43482702998873], [-26.9494585235856, 0], [-30.743616228496, 0], [-30.7436167585021, 0], [-38.0464141662775, 0]]]}, "properties": {"FID": 193, "Shape_Leng": 6000000, "Grid": "I-9", "Shape__Area": 2250000000000, "Shape__Length": 6000000}}, {"type": "Feature", "id": 194, "geometry": {"type": "Polygon", "coordinates": [[[-34.873756927341, -13.3522076267078], [-40.4241877853785, -13.3522076267078], [-40.4241877853785, -10.696454349184], [-40.4241877853785, 0], [-38.0464141662775, 0], [-30.7436167585021, 0], [-30.743616228496, 0], [-26.9494585235856, 0], [-26.9494585235856, -13.3522076267078], [-34.8737565051328, -13.3522076267078], [-34.873756927341, -13.3522076267078]]]}, "properties": {"FID": 194, "Shape_Leng": 6000000, "Grid": "I-10", "Shape__Area": 2250000000000, "Shape__Length": 6000000}}, {"type": "Feature", "id": 195, "geometry": {"type": "Polygon", "coordinates": [[[-34.3542308803939, -26.0074202319812], [-40.4241877853785, -26.0074202319812], [-40.4241877853785, -13.3522076267078], [-34.873756927341, -13.3522076267078], [-34.8737565051328, -13.3522076267078], [-26.9494585235856, -13.3522076267078], [-26.9494585235856, -14.0461252258049], [-26.9494585235856, -23.189722562802], [-26.9494585235856, -26.0074202319812], [-34.3542307905623, -26.0074202319812], [-34.3542308803939, -26.0074202319812]]]}, "properties": {"FID": 195, "Shape_Leng": 6000000, "Grid": "I-11", "Shape__Area": 2250000000000, "Shape__Length": 6000000}}, {"type": "Feature", "id": 196, "geometry": {"type": "Polygon", "coordinates": [[[-29.0393860047672, -37.4356072027454], [-40.4241877853785, -37.4356072027454], [-40.4241877853785, -26.0074202319812], [-34.3542308803939, -26.0074202319812], [-34.3542307905623, -26.0074202319812], [-26.9494585235856, -26.0074202319812], [-26.9494585235856, -37.4356072027454], [-29.0393856418478, -37.4356072027454], [-29.0393860047672, -37.4356072027454]]]}, "properties": {"FID": 196, "Shape_Leng": 6000000, "Grid": "I-12", "Shape__Area": 2250000000000, "Shape__Length": 6000000}}, {"type": "Feature", "id": 197, "geometry": {"type": "Polygon", "coordinates": [[[-38.0062992837158, -47.3537047024331], [-40.4241877853785, -47.3537047024331], [-40.4241877853785, -41.9070187617496], [-40.4241877853785, -37.4356072027454], [-29.0393860047672, -37.4356072027454], [-29.0393856418478, -37.4356072027454], [-26.9494585235856, -37.4356072027454], [-26.9494585235856, -39.4843423730556], [-26.9494585235856, -39.4843424950796], [-26.9494585235856, -47.3537047024331], [-38.0062992837158, -47.3537047024331]]]}, "properties": {"FID": 197, "Shape_Leng": 6000000, "Grid": "I-13", "Shape__Area": 2250000000000, "Shape__Length": 6000000}}, {"type": "Feature", "id": 198, "geometry": {"type": "Polygon", "coordinates": [[[-36.7807082014375, -55.7054441737093], [-40.4241877853785, -55.7054441737093], [-40.4241877853785, -53.6052189956835], [-40.4241877853785, -47.3537047024331], [-38.0062992837158, -47.3537047024331], [-26.9494585235856, -47.3537047024331], [-26.9494585235856, -53.395302105593], [-26.9494585235856, -55.7054441737093], [-36.7807082014375, -55.7054441737093]]]}, "properties": {"FID": 198, "Shape_Leng": 6000000, "Grid": "I-14", "Shape__Area": 2250000000000, "Shape__Length": 6000000}}, {"type": "Feature", "id": 199, "geometry": {"type": "Polygon", "coordinates": [[[-32.1789857218467, -62.5882773287332], [-40.4241877853785, -62.5882773287332], [-40.4241877853785, -55.7054441737093], [-36.7807082014375, -55.7054441737093], [-26.9494585235856, -55.7054441737093], [-26.9494585235856, -56.2697255519911], [-26.9494585235856, -56.2697256801878], [-26.9494585235856, -58.8395540280027], [-26.9494585235856, -58.8395544254247], [-26.9494585235856, -62.5366301550528], [-26.9494585235856, -62.536630329053], [-26.9494585235856, -62.5882773287332], [-32.1789852762824, -62.5882773287332], [-32.1789857218467, -62.5882773287332]]]}, "properties": {"FID": 199, "Shape_Leng": 6000000, "Grid": "I-15", "Shape__Area": 2250000000000, "Shape__Length": 6000000}}, {"type": "Feature", "id": 200, "geometry": {"type": "Polygon", "coordinates": [[[-37.0181959164064, -68.1776762364548], [-40.4241877853785, -68.1776762364548], [-40.4241877853785, -66.5236110115789], [-40.4241877853785, -66.5236104729953], [-40.4241877853785, -66.5236097086002], [-40.4241877853785, -66.0900283248948], [-40.4241877853785, -65.4918133320525], [-40.4241877853785, -62.5882773287332], [-32.1789857218467, -62.5882773287332], [-32.1789852762824, -62.5882773287332], [-26.9494585235856, -62.5882773287332], [-26.9494585235856, -64.3933792747325], [-26.9494585235856, -64.6978498251463], [-26.9494585235856, -67.2407639004954], [-26.9494585235856, -67.6217725702513], [-26.9494585235856, -67.9307492848419], [-26.9494585235856, -68.1776762364548], [-34.588869032382, -68.1776762364548], [-37.0181945788149, -68.1776762364548], [-37.0181959164064, -68.1776762364548]]]}, "properties": {"FID": 200, "Shape_Leng": 6000000, "Grid": "I-16", "Shape__Area": 2250000000000, "Shape__Length": 6000000}}, {"type": "Feature", "id": 201, "geometry": {"type": "Polygon", "coordinates": [[[-38.129154423481, -72.6726762942099], [-40.4241877853785, -72.6726762942099], [-40.4241877853785, -70.1697200519335], [-40.4241877853785, -70.1697199711774], [-40.4241877853785, -70.1697188055465], [-40.4241877853785, -70.0847034444128], [-40.4241877853785, -68.1776762364548], [-37.0181959164064, -68.1776762364548], [-37.0181945788149, -68.1776762364548], [-34.588869032382, -68.1776762364548], [-26.9494585235856, -68.1776762364548], [-26.9494585235856, -69.6751151578041], [-26.9494585235856, -70.5722690310794], [-26.9494585235856, -71.5459868543814], [-26.9494585235856, -71.5459889404154], [-26.9494585235856, -71.5459890842994], [-26.9494585235856, -72.6726762942099], [-28.4085248608691, -72.6726762942099], [-35.2609941118881, -72.6726762942099], [-36.5351579783345, -72.6726762942099], [-38.1291423815646, -72.6726762942099], [-38.1291425773973, -72.6726762942099], [-38.129154423481, -72.6726762942099]]]}, "properties": {"FID": 201, "Shape_Leng": 6000000, "Grid": "I-17", "Shape__Area": 2250000000000, "Shape__Length": 6000000}}, {"type": "Feature", "id": 202, "geometry": {"type": "Polygon", "coordinates": [[[-39.1776228270667, -76.2647777185781], [-40.4241877853785, -76.2647777185781], [-40.4241877853785, -72.6726762942099], [-38.129154423481, -72.6726762942099], [-38.1291425773973, -72.6726762942099], [-38.1291423815646, -72.6726762942099], [-36.5351579783345, -72.6726762942099], [-35.2609941118881, -72.6726762942099], [-28.4085248608691, -72.6726762942099], [-26.9494585235856, -72.6726762942099], [-26.9494585235856, -72.8517699600501], [-26.9494585235856, -73.5970803097509], [-26.9494585235856, -76.0257027805186], [-26.9494585235856, -76.2147190292478], [-26.9494585235856, -76.2647777185781], [-39.1776115487184, -76.2647777185781], [-39.1776228270667, -76.2647777185781]]]}, "properties": {"FID": 202, "Shape_Leng": 6000000, "Grid": "I-18", "Shape__Area": 2250000000000, "Shape__Length": 6000000}}, {"type": "Feature", "id": 203, "geometry": {"type": "Polygon", "coordinates": [[[-35.491781746802, -79.1237548350744], [-40.4241877853785, -79.1237548350744], [-40.4241877853785, -76.7240910870232], [-40.4241877853785, -76.7240909620117], [-40.4241877853785, -76.7240853979676], [-40.4241877853785, -76.2647777185781], [-39.1776228270667, -76.2647777185781], [-39.1776115487184, -76.2647777185781], [-26.9494585235856, -76.2647777185781], [-26.9494585235856, -78.9034984388222], [-26.9494585235856, -79.0531636985472], [-26.9494585235856, -79.0531638293884], [-26.9494585235856, -79.1237548350744], [-35.4917528174566, -79.1237548350744], [-35.491753163308, -79.1237548350744], [-35.491781746802, -79.1237548350744]]]}, "properties": {"FID": 203, "Shape_Leng": 6000000, "Grid": "I-19", "Shape__Area": 2250000000000, "Shape__Length": 6000000}}, {"type": "Feature", "id": 204, "geometry": {"type": "Polygon", "coordinates": [[[-26.9494585235856, -81.3934028410464], [-40.4241877853785, -81.3934028410464], [-40.4241877853785, -79.8328842094536], [-40.4241877853785, -79.8328813312405], [-40.4241877853785, -79.1237548350744], [-35.491781746802, -79.1237548350744], [-35.491753163308, -79.1237548350744], [-35.4917528174566, -79.1237548350744], [-26.9494585235856, -79.1237548350744], [-26.9494585235856, -81.3934028410464]]]}, "properties": {"FID": 204, "Shape_Leng": 6000000, "Grid": "I-20", "Shape__Area": 2250000000000, "Shape__Length": 6000000}}, {"type": "Feature", "id": 205, "geometry": {"type": "Polygon", "coordinates": [[[-26.9494585235856, -83.1922884414757], [-40.4241877853785, -83.1922884414757], [-40.4241877853785, -81.6578132037351], [-40.4241877853785, -81.3934028410464], [-26.9494585235856, -81.3934028410464], [-26.9494585235856, -82.0145679343965], [-26.9494585235856, -83.1922884414757]]]}, "properties": {"FID": 205, "Shape_Leng": 6000000, "Grid": "I-21", "Shape__Area": 2250000000000, "Shape__Length": 6000000}}, {"type": "Feature", "id": 206, "geometry": {"type": "Polygon", "coordinates": [[[-26.9494585235856, -84.6166061457018], [-40.4241877853785, -84.6166061457018], [-40.4241877853785, -83.5433961038982], [-40.4241877853785, -83.1922884414757], [-26.9494585235856, -83.1922884414757], [-26.9494585235856, -84.0124748741636], [-26.9494585235856, -84.6166061457018]]]}, "properties": {"FID": 206, "Shape_Leng": 6000000, "Grid": "I-22", "Shape__Area": 2250000000000, "Shape__Length": 6000000}}, {"type": "Feature", "id": 207, "geometry": {"type": "Polygon", "coordinates": [[[-40.4241877853785, -84.6166061457018], [-26.9494585235856, -84.6166061457018], [-26.9494585235856, -85.7436302342552], [-40.4241877853785, -85.7436302342552], [-40.4241877853785, -84.6166061457018]]]}, "properties": {"FID": 207, "Shape_Leng": 6000000, "Grid": "I-23", "Shape__Area": 2250000000000, "Shape__Length": 6000000}}, {"type": "Feature", "id": 208, "geometry": {"type": "Polygon", "coordinates": [[[-16.0753247661112, 72.6726762942099], [-26.9494585235856, 72.6726762942099], [-26.9494585235856, 73.9128685528103], [-26.9494585235856, 76.2647777185781], [-13.4747292617928, 76.2647777185781], [-13.4747292617928, 74.4007482384519], [-13.4747292617928, 72.8184073351468], [-13.4747292617928, 72.6726762942099], [-16.0753247661112, 72.6726762942099]]]}, "properties": {"FID": 208, "Shape_Leng": 6000000, "Grid": "J-1", "Shape__Area": 2250000000000, "Shape__Length": 6000000}}, {"type": "Feature", "id": 209, "geometry": {"type": "Polygon", "coordinates": [[[-13.4747292617928, 68.1776762364547], [-26.9494585235856, 68.1776762364547], [-26.9494585235856, 71.8461647086578], [-26.9494585235856, 72.6726762942099], [-16.0753247661112, 72.6726762942099], [-13.4747292617928, 72.6726762942099], [-13.4747292617928, 68.1776762364547]]]}, "properties": {"FID": 209, "Shape_Leng": 6000000, "Grid": "J-2", "Shape__Area": 2250000000000, "Shape__Length": 6000000}}, {"type": "Feature", "id": 210, "geometry": {"type": "Polygon", "coordinates": [[[-19.668712000004, 62.5882773287332], [-26.9494585235856, 62.5882773287332], [-26.9494585235856, 68.1776762364547], [-13.4747292617928, 68.1776762364547], [-13.4747292617928, 66.0431120302604], [-13.4747292617928, 66.0431027688163], [-13.4747292617928, 65.7721810165455], [-13.4747292617928, 63.9993094972573], [-13.4747292617928, 62.7326055214507], [-13.4747292617928, 62.5882773287332], [-13.5663812306196, 62.5882773287332], [-19.6686908680353, 62.5882773287332], [-19.6686910144607, 62.5882773287332], [-19.668712000004, 62.5882773287332]]]}, "properties": {"FID": 210, "Shape_Leng": 6000000, "Grid": "J-3", "Shape__Area": 2250000000000, "Shape__Length": 6000000}}, {"type": "Feature", "id": 211, "geometry": {"type": "Polygon", "coordinates": [[[-22.9697046148769, 55.7054441737093], [-26.9494585235856, 55.7054441737093], [-26.9494585235856, 62.5882773287332], [-19.668712000004, 62.5882773287332], [-19.6686910144607, 62.5882773287332], [-19.6686908680353, 62.5882773287332], [-13.5663812306196, 62.5882773287332], [-13.4747292617928, 62.5882773287332], [-13.4747292617928, 62.4858210398933], [-13.4747292617928, 61.3469580120887], [-13.4747292617928, 59.5471906720855], [-13.4747292617928, 58.8011934486102], [-13.4747292617928, 57.6777893438251], [-13.4747292617928, 57.176092457252], [-13.4747292617928, 55.7054441737093], [-18.6995833664538, 55.7054441737093], [-22.9696991773745, 55.7054441737093], [-22.9696993920718, 55.7054441737093], [-22.9697046148769, 55.7054441737093]]]}, "properties": {"FID": 211, "Shape_Leng": 6000000, "Grid": "J-4", "Shape__Area": 2250000000000, "Shape__Length": 6000000}}, {"type": "Feature", "id": 212, "geometry": {"type": "Polygon", "coordinates": [[[-19.3706378814149, 47.3537047024331], [-26.9494585235856, 47.3537047024331], [-26.9494585235856, 55.7054441737093], [-22.9697046148769, 55.7054441737093], [-22.9696993920718, 55.7054441737093], [-22.9696991773745, 55.7054441737093], [-18.6995833664538, 55.7054441737093], [-13.4747292617928, 55.7054441737093], [-13.4747292617928, 54.5653281528813], [-13.4747292617928, 52.4528741134791], [-13.4747292617928, 47.3537047024331], [-19.3706178283228, 47.3537047024331], [-19.3706181148854, 47.3537047024331], [-19.3706378814149, 47.3537047024331]]]}, "properties": {"FID": 212, "Shape_Leng": 6000000, "Grid": "J-5", "Shape__Area": 2250000000000, "Shape__Length": 6000000}}, {"type": "Feature", "id": 213, "geometry": {"type": "Polygon", "coordinates": [[[-23.4070571957507, 37.4356072027454], [-26.9494585235856, 37.4356072027454], [-26.9494585235856, 37.9465899797437], [-26.9494585235856, 40.6825865949049], [-26.9494585235856, 40.6825872229912], [-26.9494585235856, 40.6825988589373], [-26.9494585235856, 41.1324738689798], [-26.9494585235856, 41.1324742289324], [-26.9494585235856, 41.1324917522635], [-26.9494585235856, 47.3537047024331], [-19.3706378814149, 47.3537047024331], [-19.3706181148854, 47.3537047024331], [-19.3706178283228, 47.3537047024331], [-13.4747292617928, 47.3537047024331], [-13.4747292617928, 44.6126912350475], [-13.4747292617928, 42.5951311984236], [-13.4747292617928, 42.5951211023719], [-13.4747292617928, 42.5951203722978], [-13.4747292617928, 39.3505746131205], [-13.4747292617928, 37.4356072027454], [-17.2724617764438, 37.4356072027454], [-18.9736172627878, 37.4356072027454], [-23.4070571957507, 37.4356072027454]]]}, "properties": {"FID": 213, "Shape_Leng": 6000000, "Grid": "J-6", "Shape__Area": 2250000000000, "Shape__Length": 6000000}}, {"type": "Feature", "id": 214, "geometry": {"type": "Polygon", "coordinates": [[[-23.8783749562445, 26.0074202319812], [-26.9494585235856, 26.0074202319812], [-26.9494585235856, 29.0115193046777], [-26.9494585235856, 29.0115198286707], [-26.9494585235856, 31.4517817946182], [-26.9494585235856, 33.7258145470363], [-26.9494585235856, 35.1123379655592], [-26.9494585235856, 37.4356072027454], [-23.4070571957507, 37.4356072027454], [-18.9736172627878, 37.4356072027454], [-17.2724617764438, 37.4356072027454], [-13.4747292617928, 37.4356072027454], [-13.4747292617928, 28.4497349787926], [-13.4747292617928, 28.0735308744131], [-13.4747292617928, 27.5772389431293], [-13.4747292617928, 26.1570414558527], [-13.4747292617928, 26.1570410067336], [-13.4747292617928, 26.0074202319812], [-13.836173632525, 26.0074202319812], [-16.6444852477888, 26.0074202319812], [-18.2016809631547, 26.0074202319812], [-18.8608419068233, 26.0074202319812], [-20.1862839471036, 26.0074202319812], [-22.1375397932462, 26.0074202319812], [-22.8437615908827, 26.0074202319812], [-23.8783749562445, 26.0074202319812]]]}, "properties": {"FID": 214, "Shape_Leng": 6000000, "Grid": "J-7", "Shape__Area": 2250000000000, "Shape__Length": 6000000}}, {"type": "Feature", "id": 215, "geometry": {"type": "Polygon", "coordinates": [[[-16.6534336349302, 13.3522076267078], [-26.9494585235856, 13.3522076267078], [-26.9494585235856, 18.1860184961687], [-26.9494585235856, 21.7483241098057], [-26.9494585235856, 21.7483250100948], [-26.9494585235856, 25.8414172647988], [-26.9494585235856, 26.0074202319812], [-23.8783749562445, 26.0074202319812], [-22.8437615908827, 26.0074202319812], [-22.1375397932462, 26.0074202319812], [-20.1862839471036, 26.0074202319812], [-18.8608419068233, 26.0074202319812], [-18.2016809631547, 26.0074202319812], [-16.6444852477888, 26.0074202319812], [-13.836173632525, 26.0074202319812], [-13.4747292617928, 26.0074202319812], [-13.4747292617928, 23.0471392436281], [-13.4747292617928, 23.0471389948171], [-13.4747292617928, 19.7174573113259], [-13.4747292617928, 14.7727898477809], [-13.4747292617928, 14.7727890477809], [-13.4747292617928, 13.3522076267078], [-16.6534326647497, 13.3522076267078], [-16.6534336349302, 13.3522076267078]]]}, "properties": {"FID": 215, "Shape_Leng": 6000000, "Grid": "J-8", "Shape__Area": 2250000000000, "Shape__Length": 6000000}}, {"type": "Feature", "id": 216, "geometry": {"type": "Polygon", "coordinates": [[[-19.6726964253445, 0], [-26.9494585235856, 0], [-26.9494585235856, 5.43482702998873], [-26.9494585235856, 5.43482750932121], [-26.9494585235856, 13.3522076267078], [-16.6534336349302, 13.3522076267078], [-16.6534326647497, 13.3522076267078], [-13.4747292617928, 13.3522076267078], [-13.4747292617928, 4.74678186775847], [-13.4747292617928, 0], [-19.6726964253445, 0]]]}, "properties": {"FID": 216, "Shape_Leng": 6000000, "Grid": "J-9", "Shape__Area": 2250000000000, "Shape__Length": 6000000}}, {"type": "Feature", "id": 217, "geometry": {"type": "Polygon", "coordinates": [[[-26.8000385731217, -13.3522076267078], [-26.9494585235856, -13.3522076267078], [-26.9494585235856, 0], [-19.6726964253445, 0], [-13.4747292617928, 0], [-13.4747292617928, -9.29347325118244], [-13.4747292617928, -9.29347341784898], [-13.4747292617928, -13.3522076267078], [-15.6426129017581, -13.3522076267078], [-15.6426139689566, -13.3522076267078], [-26.8000385731217, -13.3522076267078]]]}, "properties": {"FID": 217, "Shape_Leng": 6000000, "Grid": "J-10", "Shape__Area": 2250000000000, "Shape__Length": 6000000}}, {"type": "Feature", "id": 218, "geometry": {"type": "Polygon", "coordinates": [[[-26.2190809111782, -26.0074202319812], [-26.9494585235856, -26.0074202319812], [-26.9494585235856, -23.189722562802], [-26.9494585235856, -14.0461252258049], [-26.9494585235856, -13.3522076267078], [-26.8000385731217, -13.3522076267078], [-15.6426139689566, -13.3522076267078], [-15.6426129017581, -13.3522076267078], [-13.4747292617928, -13.3522076267078], [-13.4747292617928, -26.0074202319812], [-14.6958543831109, -26.0074202319812], [-14.695854990372, -26.0074202319812], [-26.2190809111782, -26.0074202319812]]]}, "properties": {"FID": 218, "Shape_Leng": 6000000, "Grid": "J-11", "Shape__Area": 2250000000000, "Shape__Length": 6000000}}, {"type": "Feature", "id": 219, "geometry": {"type": "Polygon", "coordinates": [[[-18.2232733616005, -37.4356072027454], [-26.9494585235856, -37.4356072027454], [-26.9494585235856, -26.0074202319812], [-26.2190809111782, -26.0074202319812], [-14.695854990372, -26.0074202319812], [-14.6958543831109, -26.0074202319812], [-13.4747292617928, -26.0074202319812], [-13.4747292617928, -27.7741812946589], [-13.4747292617928, -27.7741813757306], [-13.4747292617928, -37.4356072027454], [-17.2522926597509, -37.4356072027454], [-18.2232733616005, -37.4356072027454]]]}, "properties": {"FID": 219, "Shape_Leng": 6000000, "Grid": "J-12", "Shape__Area": 2250000000000, "Shape__Length": 6000000}}, {"type": "Feature", "id": 220, "geometry": {"type": "Polygon", "coordinates": [[[-13.4747292617928, -47.3537047024331], [-26.9494585235856, -47.3537047024331], [-26.9494585235856, -39.4843424950796], [-26.9494585235856, -39.4843423730556], [-26.9494585235856, -37.4356072027454], [-18.2232733616005, -37.4356072027454], [-17.2522926597509, -37.4356072027454], [-13.4747292617928, -37.4356072027454], [-13.4747292617928, -39.3549947187259], [-13.4747292617928, -39.4315245274172], [-13.4747292617928, -46.4870792146852], [-13.4747292617928, -46.4870797428896], [-13.4747292617928, -47.3537047024331]]]}, "properties": {"FID": 220, "Shape_Leng": 6000000, "Grid": "J-13", "Shape__Area": 2250000000000, "Shape__Length": 6000000}}, {"type": "Feature", "id": 221, "geometry": {"type": "Polygon", "coordinates": [[[-26.1776706660617, -55.7054441737093], [-26.9494585235856, -55.7054441737093], [-26.9494585235856, -53.395302105593], [-26.9494585235856, -47.3537047024331], [-13.4747292617928, -47.3537047024331], [-13.4747292617928, -55.7054441737093], [-19.3979904625155, -55.7054441737093], [-19.3979913563392, -55.7054441737093], [-21.6951211327849, -55.7054441737093], [-26.1776704055502, -55.7054441737093], [-26.1776706660617, -55.7054441737093]]]}, "properties": {"FID": 221, "Shape_Leng": 6000000, "Grid": "J-14", "Shape__Area": 2250000000000, "Shape__Length": 6000000}}, {"type": "Feature", "id": 222, "geometry": {"type": "Polygon", "coordinates": [[[-26.685008169113, -62.5882773287332], [-26.9494585235856, -62.5882773287332], [-26.9494585235856, -62.536630329053], [-26.9494585235856, -62.5366301550528], [-26.9494585235856, -58.8395544254247], [-26.9494585235856, -58.8395540280027], [-26.9494585235856, -56.2697256801878], [-26.9494585235856, -56.2697255519911], [-26.9494585235856, -55.7054441737093], [-26.1776706660617, -55.7054441737093], [-26.1776704055502, -55.7054441737093], [-21.6951211327849, -55.7054441737093], [-19.3979913563392, -55.7054441737093], [-19.3979904625155, -55.7054441737093], [-13.4747292617928, -55.7054441737093], [-13.4747292617928, -56.8871224210004], [-13.4747292617928, -56.8871227831672], [-13.4747292617928, -59.4624316218519], [-13.4747292617928, -62.55490081129], [-13.4747292617928, -62.5882773287332], [-19.7872917168706, -62.5882773287332], [-20.0657841109616, -62.5882773287332], [-20.0657844927455, -62.5882773287332], [-23.5706801136261, -62.5882773287332], [-23.570683270306, -62.5882773287332], [-24.1649348504076, -62.5882773287332], [-24.1649371132638, -62.5882773287332], [-26.6850072815775, -62.5882773287332], [-26.685008169113, -62.5882773287332]]]}, "properties": {"FID": 222, "Shape_Leng": 6000000, "Grid": "J-15", "Shape__Area": 2250000000000, "Shape__Length": 6000000}}, {"type": "Feature", "id": 223, "geometry": {"type": "Polygon", "coordinates": [[[-25.5668087252154, -68.1776762364548], [-26.9494585235856, -68.1776762364548], [-26.9494585235856, -67.9307492848419], [-26.9494585235856, -67.6217725702513], [-26.9494585235856, -67.2407639004954], [-26.9494585235856, -64.6978498251463], [-26.9494585235856, -64.3933792747325], [-26.9494585235856, -62.5882773287332], [-26.685008169113, -62.5882773287332], [-26.6850072815775, -62.5882773287332], [-24.1649371132638, -62.5882773287332], [-24.1649348504076, -62.5882773287332], [-23.570683270306, -62.5882773287332], [-23.5706801136261, -62.5882773287332], [-20.0657844927455, -62.5882773287332], [-20.0657841109616, -62.5882773287332], [-19.7872917168706, -62.5882773287332], [-13.4747292617928, -62.5882773287332], [-13.4747292617928, -63.9861782464052], [-13.4747292617928, -64.3235397543451], [-13.4747292617928, -65.6275344264718], [-13.4747292617928, -65.6275345814264], [-13.4747292617928, -66.8345987449111], [-13.4747292617928, -67.7555270774911], [-13.4747292617928, -68.1776762364548], [-16.8697697574581, -68.1776762364548], [-20.6986564174908, -68.1776762364548], [-24.3614575217215, -68.1776762364548], [-25.5668087252154, -68.1776762364548]]]}, "properties": {"FID": 223, "Shape_Leng": 6000000, "Grid": "J-16", "Shape__Area": 2250000000000, "Shape__Length": 6000000}}, {"type": "Feature", "id": 224, "geometry": {"type": "Polygon", "coordinates": [[[-18.854151724406, -72.6726762942099], [-26.9494585235856, -72.6726762942099], [-26.9494585235856, -71.5459890842994], [-26.9494585235856, -71.5459889404154], [-26.9494585235856, -71.5459868543814], [-26.9494585235856, -70.5722690310794], [-26.9494585235856, -69.6751151578041], [-26.9494585235856, -68.1776762364548], [-25.5668087252154, -68.1776762364548], [-24.3614575217215, -68.1776762364548], [-20.6986564174908, -68.1776762364548], [-16.8697697574581, -68.1776762364548], [-13.4747292617928, -68.1776762364548], [-13.4747292617928, -70.0569166818916], [-13.4747292617928, -72.6726762942099], [-15.0106191727295, -72.6726762942099], [-16.2381527144861, -72.6726762942099], [-18.8541314449385, -72.6726762942099], [-18.8541515752857, -72.6726762942099], [-18.854151724406, -72.6726762942099]]]}, "properties": {"FID": 224, "Shape_Leng": 6000000, "Grid": "J-17", "Shape__Area": 2250000000000, "Shape__Length": 6000000}}, {"type": "Feature", "id": 225, "geometry": {"type": "Polygon", "coordinates": [[[-25.7744861115855, -76.2647777185781], [-26.9494585235856, -76.2647777185781], [-26.9494585235856, -76.2147190292478], [-26.9494585235856, -76.0257027805186], [-26.9494585235856, -73.5970803097509], [-26.9494585235856, -72.8517699600501], [-26.9494585235856, -72.6726762942099], [-18.854151724406, -72.6726762942099], [-18.8541515752857, -72.6726762942099], [-18.8541314449385, -72.6726762942099], [-16.2381527144861, -72.6726762942099], [-15.0106191727295, -72.6726762942099], [-13.4747292617928, -72.6726762942099], [-13.4747292617928, -73.0349444902542], [-13.4747292617928, -73.0349479544051], [-13.4747292617928, -73.0349481934567], [-13.4747292617928, -73.8744148437221], [-13.4747292617928, -74.2001833193194], [-13.4747292617928, -75.268179941673], [-13.4747292617928, -75.8584440210491], [-13.4747292617928, -76.0990054009129], [-13.4747292617928, -76.2647777185781], [-15.988202083184, -76.2647777185781], [-25.7744861115855, -76.2647777185781]]]}, "properties": {"FID": 225, "Shape_Leng": 6000000, "Grid": "J-18", "Shape__Area": 2250000000000, "Shape__Length": 6000000}}, {"type": "Feature", "id": 226, "geometry": {"type": "Polygon", "coordinates": [[[-26.5678825974176, -79.1237548350744], [-26.9494585235856, -79.1237548350744], [-26.9494585235856, -79.0531638293884], [-26.9494585235856, -79.0531636985472], [-26.9494585235856, -78.9034984388222], [-26.9494585235856, -76.2647777185781], [-25.7744861115855, -76.2647777185781], [-15.988202083184, -76.2647777185781], [-13.4747292617928, -76.2647777185781], [-13.4747292617928, -78.2763527803206], [-13.4747292617928, -79.1237548350744], [-26.567879376059, -79.1237548350744], [-26.5678818679856, -79.1237548350744], [-26.5678825974176, -79.1237548350744]]]}, "properties": {"FID": 226, "Shape_Leng": 6000000, "Grid": "J-19", "Shape__Area": 2250000000000, "Shape__Length": 6000000}}, {"type": "Feature", "id": 227, "geometry": {"type": "Polygon", "coordinates": [[[-15.7824784831495, -81.3934028410464], [-26.9494585235856, -81.3934028410464], [-26.9494585235856, -79.1237548350744], [-26.5678825974176, -79.1237548350744], [-26.5678818679856, -79.1237548350744], [-26.567879376059, -79.1237548350744], [-13.4747292617928, -79.1237548350744], [-13.4747292617928, -79.8962972033544], [-13.4747292617928, -81.3552171002902], [-13.4747292617928, -81.3934028410464], [-13.6493182970238, -81.3934028410464], [-15.7824624329503, -81.3934028410464], [-15.7824780833992, -81.3934028410464], [-15.7824784831495, -81.3934028410464]]]}, "properties": {"FID": 227, "Shape_Leng": 6000000, "Grid": "J-20", "Shape__Area": 2250000000000, "Shape__Length": 6000000}}, {"type": "Feature", "id": 228, "geometry": {"type": "Polygon", "coordinates": [[[-13.4747292617928, -83.1922884414757], [-26.9494585235856, -83.1922884414757], [-26.9494585235856, -82.0145679343965], [-26.9494585235856, -81.3934028410464], [-15.7824784831495, -81.3934028410464], [-15.7824780833992, -81.3934028410464], [-15.7824624329503, -81.3934028410464], [-13.6493182970238, -81.3934028410464], [-13.4747292617928, -81.3934028410464], [-13.4747292617928, -81.7819455782211], [-13.4747292617928, -82.1271485323307], [-13.4747292617928, -82.1271485776119], [-13.4747292617928, -82.1271486487331], [-13.4747292617928, -82.1693180253821], [-13.4747292617928, -83.1922884414757]]]}, "properties": {"FID": 228, "Shape_Leng": 6000000, "Grid": "J-21", "Shape__Area": 2250000000000, "Shape__Length": 6000000}}, {"type": "Feature", "id": 229, "geometry": {"type": "Polygon", "coordinates": [[[-13.4747292617928, -84.6166061457018], [-26.9494585235856, -84.6166061457018], [-26.9494585235856, -84.0124748741636], [-26.9494585235856, -83.1922884414757], [-13.4747292617928, -83.1922884414757], [-13.4747292617928, -84.3222503442577], [-13.4747292617928, -84.6166061457018]]]}, "properties": {"FID": 229, "Shape_Leng": 6000000, "Grid": "J-22", "Shape__Area": 2250000000000, "Shape__Length": 6000000}}, {"type": "Feature", "id": 230, "geometry": {"type": "Polygon", "coordinates": [[[-26.9494585235856, -84.6166061457018], [-13.4747292617928, -84.6166061457018], [-13.4747292617928, -85.7436302342552], [-26.9494585235856, -85.7436302342552], [-26.9494585235856, -84.6166061457018]]]}, "properties": {"FID": 230, "Shape_Leng": 6000000, "Grid": "J-23", "Shape__Area": 2250000000000, "Shape__Length": 6000000}}, {"type": "Feature", "id": 231, "geometry": {"type": "Polygon", "coordinates": [[[0, 72.6726762942099], [-13.4747292617928, 72.6726762942099], [-13.4747292617928, 72.8184073351468], [-13.4747292617928, 74.4007482384519], [-13.4747292617928, 76.2647777185781], [0, 76.2647777185781], [0, 74.6644933710614], [0, 73.2894004554432], [0, 72.6726762942099]]]}, "properties": {"FID": 231, "Shape_Leng": 6000000, "Grid": "K-1", "Shape__Area": 2250000000000, "Shape__Length": 6000000}}, {"type": "Feature", "id": 232, "geometry": {"type": "Polygon", "coordinates": [[[-5.20193171001273, 68.1776762364547], [-13.4747292617928, 68.1776762364547], [-13.4747292617928, 72.6726762942099], [0, 72.6726762942099], [0, 71.3272984061689], [0, 71.3272895562392], [0, 69.754430492391], [0, 69.7544303012139], [0, 68.1776762364547], [-2.16552845312303, 68.1776762364547], [-2.16552850342867, 68.1776762364547], [-5.20191520975758, 68.1776762364547], [-5.20193171001273, 68.1776762364547]]]}, "properties": {"FID": 232, "Shape_Leng": 6000000, "Grid": "K-2", "Shape__Area": 2250000000000, "Shape__Length": 6000000}}, {"type": "Feature", "id": 233, "geometry": {"type": "Polygon", "coordinates": [[[-13.3070833664783, 62.5882773287332], [-13.4747292617928, 62.5882773287332], [-13.4747292617928, 62.7326055214507], [-13.4747292617928, 63.9993094972573], [-13.4747292617928, 65.7721810165455], [-13.4747292617928, 66.0431027688163], [-13.4747292617928, 66.0431120302604], [-13.4747292617928, 68.1776762364547], [-5.20193171001273, 68.1776762364547], [-5.20191520975758, 68.1776762364547], [-2.16552850342867, 68.1776762364547], [-2.16552845312303, 68.1776762364547], [0, 68.1776762364547], [0, 67.7219258413601], [0, 65.8049482307162], [0, 63.7657012355162], [0, 63.765700714529], [0, 63.4656418471545], [0, 62.8825811814173], [0, 62.5882773287332], [-0.795726626745871, 62.5882773287332], [-2.35131979525563, 62.5882773287332], [-7.61863360545704, 62.5882773287332], [-11.9707911759557, 62.5882773287332], [-13.3070833664783, 62.5882773287332]]]}, "properties": {"FID": 233, "Shape_Leng": 6000000, "Grid": "K-3", "Shape__Area": 2249999999999.9995, "Shape__Length": 6000000}}, {"type": "Feature", "id": 234, "geometry": {"type": "Polygon", "coordinates": [[[-12.531445821025, 55.7054441737093], [-13.4747292617928, 55.7054441737093], [-13.4747292617928, 57.176092457252], [-13.4747292617928, 57.6777893438251], [-13.4747292617928, 58.8011934486102], [-13.4747292617928, 59.5471906720855], [-13.4747292617928, 61.3469580120887], [-13.4747292617928, 62.4858210398933], [-13.4747292617928, 62.5882773287332], [-13.3070833664783, 62.5882773287332], [-11.9707911759557, 62.5882773287332], [-7.61863360545704, 62.5882773287332], [-2.35131979525563, 62.5882773287332], [-0.795726626745871, 62.5882773287332], [0, 62.5882773287332], [0, 60.7184472386046], [0, 60.6024537842866], [0, 60.0561334560194], [0, 59.957098834311], [0, 59.2228411238087], [0, 57.1624794138804], [0, 57.0763003212334], [0, 56.0569161472836], [0, 55.7054441737093], [-2.39568806773697, 55.7054441737093], [-2.57119372591755, 55.7054441737093], [-4.47383985186261, 55.7054441737093], [-10.9992647430793, 55.7054441737093], [-10.999294425213, 55.7054441737093], [-12.531445821025, 55.7054441737093]]]}, "properties": {"FID": 234, "Shape_Leng": 6000000, "Grid": "K-4", "Shape__Area": 2250000000000, "Shape__Length": 6000000}}, {"type": "Feature", "id": 235, "geometry": {"type": "Polygon", "coordinates": [[[-8.39087855364535, 47.3537047024331], [-13.4747292617928, 47.3537047024331], [-13.4747292617928, 52.4528741134791], [-13.4747292617928, 54.5653281528813], [-13.4747292617928, 55.7054441737093], [-12.531445821025, 55.7054441737093], [-10.999294425213, 55.7054441737093], [-10.9992647430793, 55.7054441737093], [-4.47383985186261, 55.7054441737093], [-2.57119372591755, 55.7054441737093], [-2.39568806773697, 55.7054441737093], [0, 55.7054441737093], [0, 54.7410441558572], [0, 52.9736446651281], [0, 51.6558256536931], [0, 49.9614448828531], [0, 47.688891882892], [0, 47.3537047024331], [-3.28839416881449, 47.3537047024331], [-6.5661653488642, 47.3537047024331], [-8.39087855364535, 47.3537047024331]]]}, "properties": {"FID": 235, "Shape_Leng": 6000000, "Grid": "K-5", "Shape__Area": 2250000000000.0005, "Shape__Length": 6000000}}, {"type": "Feature", "id": 236, "geometry": {"type": "Polygon", "coordinates": [[[-12.2956795611098, 37.4356072027454], [-13.4747292617928, 37.4356072027454], [-13.4747292617928, 39.3505746131205], [-13.4747292617928, 42.5951203722978], [-13.4747292617928, 42.5951211023719], [-13.4747292617928, 42.5951311984236], [-13.4747292617928, 44.6126912350475], [-13.4747292617928, 47.3537047024331], [-8.39087855364535, 47.3537047024331], [-6.5661653488642, 47.3537047024331], [-3.28839416881449, 47.3537047024331], [0, 47.3537047024331], [0, 46.145320021336], [0, 42.9033159158555], [0, 42.9033075136091], [0, 42.9033073688449], [0, 39.1185323538101], [0, 37.4356072027454], [-0.803792933855254, 37.4356072027454], [-2.63581199221339, 37.4356072027454], [-9.70302521600528, 37.4356072027454], [-12.2956795611098, 37.4356072027454]]]}, "properties": {"FID": 236, "Shape_Leng": 6000000, "Grid": "K-6", "Shape__Area": 2250000000000, "Shape__Length": 6000000}}, {"type": "Feature", "id": 237, "geometry": {"type": "Polygon", "coordinates": [[[-6.50719416643046, 26.0074202319812], [-12.7237770673093, 26.0074202311739], [-13.4747292617928, 26.0074202319812], [-13.4747292617928, 26.1570410067336], [-13.4747292617928, 26.1570414558527], [-13.4747292617928, 27.5772389431293], [-13.4747292617928, 28.0735308744131], [-13.4747292617928, 28.4497349787926], [-13.4747292617928, 37.4356072027454], [-12.2956795611098, 37.4356072027454], [-9.70302521600528, 37.4356072027454], [-2.63581199221339, 37.4356072027454], [-0.803792933855254, 37.4356072027454], [0, 37.4356072027454], [0, 36.3072539665102], [0, 35.3609067122617], [0, 33.0129430428864], [0, 32.2701996933851], [0, 29.1476053739923], [0, 28.769177871333], [0, 26.7012575143068], [0, 26.0074202319812], [-6.50719416643046, 26.0074202319812]]]}, "properties": {"FID": 237, "Shape_Leng": 6000000, "Grid": "K-7", "Shape__Area": 2250000000038.782, "Shape__Length": 6000000}}, {"type": "Feature", "id": 238, "geometry": {"type": "Polygon", "coordinates": [[[0, 26.0074202319812], [0, 24.7894478449619], [0, 24.7894477487282], [0, 21.4552227870873], [0, 21.4552226574972], [0, 17.2818593919283], [0, 14.2303024160062], [0, 13.3522076267078], [-5.712820492334, 13.3522076267078], [-7.09171004533289, 13.3522076267078], [-7.99009603315346, 13.3522076267078], [-9.14415063207877, 13.3522076267078], [-13.4747292617928, 13.3522076267078], [-13.4747292617928, 14.7727890477809], [-13.4747292617928, 14.7727898477809], [-13.4747292617928, 19.7174573113259], [-13.4747292617928, 23.0471389948171], [-13.4747292617928, 23.0471392436281], [-13.4747292617928, 26.0074202319812], [-12.7237770673093, 26.0074202311739], [-6.50719416643046, 26.0074202319812], [0, 26.0074202319812]]]}, "properties": {"FID": 238, "Shape_Leng": 6000000, "Grid": "K-8", "Shape__Area": 2249999999961.218, "Shape__Length": 6000000}}, {"type": "Feature", "id": 239, "geometry": {"type": "Polygon", "coordinates": [[[-2.54186084560404, 0], [-13.4747292617928, 0], [-13.4747292617928, 4.74678186775847], [-13.4747292617928, 13.3522076267078], [-9.14415063207877, 13.3522076267078], [-7.99009603315346, 13.3522076267078], [-7.09171004533289, 13.3522076267078], [-5.712820492334, 13.3522076267078], [0, 13.3522076267078], [0, 8.30147314896005], [0, 8.13704871574155], [0, 5.01187688476359], [0, 0], [-2.54186084560404, 0]]]}, "properties": {"FID": 239, "Shape_Leng": 6000000, "Grid": "K-9", "Shape__Area": 2250000000000, "Shape__Length": 6000000}}, {"type": "Feature", "id": 240, "geometry": {"type": "Polygon", "coordinates": [[[-8.46353820688632, -13.3522076267078], [-13.4747292617928, -13.3522076267078], [-13.4747292617928, -9.29347341784898], [-13.4747292617928, -9.29347325118244], [-13.4747292617928, 0], [-2.54186084560404, 0], [0, 0], [0, -0.794025877556996], [0, -1.86426526528741], [0, -1.910462390753], [0, -2.31456160089222], [0, -2.31456171578278], [0, -7.18605612686932], [0, -13.3522076267078], [-8.46353820688632, -13.3522076267078]]]}, "properties": {"FID": 240, "Shape_Leng": 6000000, "Grid": "K-10", "Shape__Area": 2250000000000, "Shape__Length": 6000000}}, {"type": "Feature", "id": 241, "geometry": {"type": "Polygon", "coordinates": [[[0, -26.0074202319812], [-13.4747292617928, -26.0074202319812], [-13.4747292617928, -13.3522076267078], [-8.46353820688632, -13.3522076267078], [0, -13.3522076267078], [0, -18.7997055995452], [0, -26.0074202319812]]]}, "properties": {"FID": 241, "Shape_Leng": 6000000, "Grid": "K-11", "Shape__Area": 2250000000000, "Shape__Length": 6000000}}, {"type": "Feature", "id": 242, "geometry": {"type": "Polygon", "coordinates": [[[0, -37.4356072027454], [-13.4747292617928, -37.4356072027454], [-13.4747292617928, -27.7741813757306], [-13.4747292617928, -27.7741812946589], [-13.4747292617928, -26.0074202319812], [0, -26.0074202319812], [0, -33.7995500800537], [0, -33.7995501181247], [0, -37.4356072027454]]]}, "properties": {"FID": 242, "Shape_Leng": 6000000, "Grid": "K-12", "Shape__Area": 2250000000000, "Shape__Length": 6000000}}, {"type": "Feature", "id": 243, "geometry": {"type": "Polygon", "coordinates": [[[-9.80094941169031, -47.3537047024331], [-13.4747292617928, -47.3537047024331], [-13.4747292617928, -46.4870797428896], [-13.4747292617928, -46.4870792146852], [-13.4747292617928, -39.4315245274172], [-13.4747292617928, -39.3549947187259], [-13.4747292617928, -37.4356072027454], [0, -37.4356072027454], [0, -39.9805784064482], [0, -42.0286327922719], [0, -42.1453933680906], [0, -43.0105352511542], [0, -47.3537047024331], [-9.80094697276432, -47.3537047024331], [-9.80094941169031, -47.3537047024331]]]}, "properties": {"FID": 243, "Shape_Leng": 6000000, "Grid": "K-13", "Shape__Area": 2250000000000, "Shape__Length": 6000000}}, {"type": "Feature", "id": 244, "geometry": {"type": "Polygon", "coordinates": [[[0, -55.7054441737093], [-13.4747292617928, -55.7054441737093], [-13.4747292617928, -47.3537047024331], [-9.80094941169031, -47.3537047024331], [-9.80094697276432, -47.3537047024331], [0, -47.3537047024331], [0, -48.2856686316289], [0, -48.2856687386269], [0, -55.7054441737093]]]}, "properties": {"FID": 244, "Shape_Leng": 6000000, "Grid": "K-14", "Shape__Area": 2250000000000, "Shape__Length": 6000000}}, {"type": "Feature", "id": 245, "geometry": {"type": "Polygon", "coordinates": [[[-12.754971979137, -62.5882773287332], [-13.4747292617928, -62.5882773287332], [-13.4747292617928, -62.55490081129], [-13.4747292617928, -59.4624316218519], [-13.4747292617928, -56.8871227831672], [-13.4747292617928, -56.8871224210004], [-13.4747292617928, -55.7054441737093], [0, -55.7054441737093], [0, -58.026770324477], [0, -58.0267704034397], [0, -61.4153319103558], [0, -62.0775581501496], [0, -62.3256384292302], [0, -62.5882773287332], [-1.43591255727929, -62.5882773287332], [-4.19573419148468, -62.5882773287332], [-6.64076782090947, -62.5882773287332], [-7.04483818073111, -62.5882773287332], [-12.754971979137, -62.5882773287332]]]}, "properties": {"FID": 245, "Shape_Leng": 6000000, "Grid": "K-15", "Shape__Area": 2250000000000, "Shape__Length": 6000000}}, {"type": "Feature", "id": 246, "geometry": {"type": "Polygon", "coordinates": [[[-13.2977711751215, -68.1776762364548], [-13.4747292617928, -68.1776762364548], [-13.4747292617928, -67.7555270774911], [-13.4747292617928, -66.8345987449111], [-13.4747292617928, -65.6275345814264], [-13.4747292617928, -65.6275344264718], [-13.4747292617928, -64.3235397543451], [-13.4747292617928, -63.9861782464052], [-13.4747292617928, -62.5882773287332], [-12.754971979137, -62.5882773287332], [-7.04483818073111, -62.5882773287332], [-6.64076782090947, -62.5882773287332], [-4.19573419148468, -62.5882773287332], [-1.43591255727929, -62.5882773287332], [0, -62.5882773287332], [0, -62.8586102867734], [0, -63.6534250773469], [0, -66.7614901473866], [0, -66.7614905007622], [0, -68.1776762364548], [-2.4171517546706, -68.1776762364548], [-6.29948469403502, -68.1776762364548], [-7.90511134509405, -68.1776762364548], [-8.51204973044357, -68.1776762364548], [-9.61594846304023, -68.1776762364548], [-13.2977711751215, -68.1776762364548]]]}, "properties": {"FID": 246, "Shape_Leng": 6000000, "Grid": "K-16", "Shape__Area": 2250000000000.0005, "Shape__Length": 6000000}}, {"type": "Feature", "id": 247, "geometry": {"type": "Polygon", "coordinates": [[[-11.6025501230378, -72.6726762942099], [-13.4747292617928, -72.6726762942099], [-13.4747292617928, -70.0569166818916], [-13.4747292617928, -68.1776762364548], [-13.2977711751215, -68.1776762364548], [-9.61594846304023, -68.1776762364548], [-8.51204973044357, -68.1776762364548], [-7.90511134509405, -68.1776762364548], [-6.29948469403502, -68.1776762364548], [-2.4171517546706, -68.1776762364548], [0, -68.1776762364548], [0, -70.0231691622067], [0, -70.123721367952], [0, -70.9729487992153], [0, -71.1923164534874], [0, -72.2911334685376], [0, -72.6726762942099], [-1.1205010624028, -72.6726762942099], [-5.24293196583024, -72.6726762942099], [-9.981383653321, -72.6726762942099], [-11.6025501230378, -72.6726762942099]]]}, "properties": {"FID": 247, "Shape_Leng": 6000000, "Grid": "K-17", "Shape__Area": 2250000000000, "Shape__Length": 6000000}}, {"type": "Feature", "id": 248, "geometry": {"type": "Polygon", "coordinates": [[[-10.9510414538625, -76.2647777185781], [-13.4747292617928, -76.2647777185781], [-13.4747292617928, -76.0990054009129], [-13.4747292617928, -75.8584440210491], [-13.4747292617928, -75.268179941673], [-13.4747292617928, -74.2001833193194], [-13.4747292617928, -73.8744148437221], [-13.4747292617928, -73.0349481934567], [-13.4747292617928, -73.0349479544051], [-13.4747292617928, -73.0349444902542], [-13.4747292617928, -72.6726762942099], [-11.6025501230378, -72.6726762942099], [-9.981383653321, -72.6726762942099], [-5.24293196583024, -72.6726762942099], [-1.1205010624028, -72.6726762942099], [0, -72.6726762942099], [0, -72.9260374014486], [0, -73.2247149234776], [0, -73.364783087039], [0, -73.3647864654457], [0, -73.3647866218034], [0, -73.8410288753139], [0, -74.416746590256], [0, -74.5956190348417], [0, -76.2647777185781], [-3.01743611569141, -76.2647777185781], [-6.68381512346046, -76.2647777185781], [-9.44153970531373, -76.2647777185781], [-10.9510414538625, -76.2647777185781]]]}, "properties": {"FID": 248, "Shape_Leng": 6000000, "Grid": "K-18", "Shape__Area": 2250000000000.0005, "Shape__Length": 6000000}}, {"type": "Feature", "id": 249, "geometry": {"type": "Polygon", "coordinates": [[[-10.8305653682783, -79.1237548350744], [-13.4747292617928, -79.1237548350744], [-13.4747292617928, -78.2763527803206], [-13.4747292617928, -76.2647777185781], [-10.9510414538625, -76.2647777185781], [-9.44153970531373, -76.2647777185781], [-6.68381512346046, -76.2647777185781], [-3.01743611569141, -76.2647777185781], [0, -76.2647777185781], [0, -76.7396429790263], [0, -76.9441282674258], [0, -77.6498163244366], [0, -78.9873590134585], [0, -79.1237548350744], [-6.33139175967724, -79.1237548350744], [-10.8305653682783, -79.1237548350744]]]}, "properties": {"FID": 249, "Shape_Leng": 6000000, "Grid": "K-19", "Shape__Area": 2250000000000, "Shape__Length": 6000000}}, {"type": "Feature", "id": 250, "geometry": {"type": "Polygon", "coordinates": [[[-10.5931507815633, -81.3934028410464], [-13.4747292617928, -81.3934028410464], [-13.4747292617928, -81.3552171002902], [-13.4747292617928, -79.8962972033544], [-13.4747292617928, -79.1237548350744], [-10.8305653682783, -79.1237548350744], [-6.33139175967724, -79.1237548350744], [0, -79.1237548350744], [0, -79.5387868974963], [0, -79.7423348901289], [0, -80.3603615463051], [0, -81.3934028410464], [-4.66673348393893, -81.3934028410464], [-9.75349001745169, -81.3934028410464], [-10.5931507815633, -81.3934028410464]]]}, "properties": {"FID": 250, "Shape_Leng": 6000000, "Grid": "K-20", "Shape__Area": 2250000000000, "Shape__Length": 6000000}}, {"type": "Feature", "id": 251, "geometry": {"type": "Polygon", "coordinates": [[[0, -83.1922884414757], [-13.4747292617928, -83.1922884414757], [-13.4747292617928, -82.1693180253821], [-13.4747292617928, -82.1271486487331], [-13.4747292617928, -82.1271485776119], [-13.4747292617928, -82.1271485323307], [-13.4747292617928, -81.7819455782211], [-13.4747292617928, -81.3934028410464], [-10.5931507815633, -81.3934028410464], [-9.75349001745169, -81.3934028410464], [-4.66673348393893, -81.3934028410464], [0, -81.3934028410464], [0, -81.4777626386379], [0, -81.4777645224792], [0, -81.4777645625496], [0, -82.1382447981842], [0, -83.1922884414757]]]}, "properties": {"FID": 251, "Shape_Leng": 6000000, "Grid": "K-21", "Shape__Area": 2250000000000, "Shape__Length": 6000000}}, {"type": "Feature", "id": 252, "geometry": {"type": "Polygon", "coordinates": [[[0, -84.6166061457018], [-13.4747292617928, -84.6166061457018], [-13.4747292617928, -84.3222503442577], [-13.4747292617928, -83.1922884414757], [0, -83.1922884414757], [0, -84.5016160834034], [0, -84.6166061457018]]]}, "properties": {"FID": 252, "Shape_Leng": 6000000, "Grid": "K-22", "Shape__Area": 2250000000000, "Shape__Length": 6000000}}, {"type": "Feature", "id": 253, "geometry": {"type": "Polygon", "coordinates": [[[-13.4747292617928, -84.6166061457018], [0, -84.6166061457018], [0, -85.7436302342552], [-13.4747292617928, -85.7436302342552], [-13.4747292617928, -84.6166061457018]]]}, "properties": {"FID": 253, "Shape_Leng": 6000000, "Grid": "K-23", "Shape__Area": 2250000000000, "Shape__Length": 6000000}}, {"type": "Feature", "id": 254, "geometry": {"type": "Polygon", "coordinates": [[[3.31822233256496, 72.6726762942099], [0, 72.6726762942099], [0, 73.2894004554432], [0, 74.6644933710614], [0, 76.2647777185781], [13.4747292617928, 76.2647777185781], [13.4747292617928, 74.7173196683086], [13.4747292617928, 73.4695275540916], [13.4747292617928, 73.272250371243], [13.4747292617928, 73.2722471028232], [13.4747292617928, 73.2722469200233], [13.4747292617928, 72.6726762942099], [6.60243301925354, 72.6726762942099], [6.60243213261637, 72.6726762942099], [3.31824361095911, 72.6726762942099], [3.31822233256496, 72.6726762942099]]]}, "properties": {"FID": 254, "Shape_Leng": 6000000, "Grid": "L-1", "Shape__Area": 2250000000000.0005, "Shape__Length": 6000000}}, {"type": "Feature", "id": 255, "geometry": {"type": "Polygon", "coordinates": [[[1.48471827190558, 68.1776762364547], [0, 68.1776762364547], [0, 69.7544303012139], [0, 69.754430492391], [0, 71.3272895562392], [0, 71.3272984061689], [0, 72.6726762942099], [3.31822233256496, 72.6726762942099], [3.31824361095911, 72.6726762942099], [6.60243213261637, 72.6726762942099], [6.60243301925354, 72.6726762942099], [13.4747292617928, 72.6726762942099], [13.4747292617928, 68.1776762364547], [6.49530956661267, 68.1776762364547], [6.4953091938118, 68.1776762364547], [5.77528330051297, 68.1776762364547], [1.48471914596636, 68.1776762364547], [1.48471827190558, 68.1776762364547]]]}, "properties": {"FID": 255, "Shape_Leng": 6000000, "Grid": "L-2", "Shape__Area": 2250000000000, "Shape__Length": 6000000}}, {"type": "Feature", "id": 256, "geometry": {"type": "Polygon", "coordinates": [[[3.64078532440152, 62.5882773287332], [0, 62.5882773287332], [0, 62.8825811814173], [0, 63.4656418471545], [0, 63.765700714529], [0, 63.7657012355162], [0, 65.8049482307162], [0, 67.7219258413601], [0, 68.1776762364547], [1.48471827190558, 68.1776762364547], [1.48471914596636, 68.1776762364547], [5.77528330051297, 68.1776762364547], [6.4953091938118, 68.1776762364547], [6.49530956661267, 68.1776762364547], [13.4747292617928, 68.1776762364547], [13.4747292617928, 67.2166302825319], [13.4747292617928, 65.9767534838262], [13.4747292617928, 62.5882773287332], [3.64078532440152, 62.5882773287332]]]}, "properties": {"FID": 256, "Shape_Leng": 6000000, "Grid": "L-3", "Shape__Area": 2250000000000, "Shape__Length": 6000000}}, {"type": "Feature", "id": 257, "geometry": {"type": "Polygon", "coordinates": [[[13.4747292617928, 55.7054441737093], [0, 55.7054441737093], [0, 56.0569161472836], [0, 57.0763003212334], [0, 57.1624794138804], [0, 59.2228411238087], [0, 59.957098834311], [0, 60.0561334560194], [0, 60.6024537842866], [0, 60.7184472386046], [0, 62.5882773287332], [3.64078532440152, 62.5882773287332], [13.4747292617928, 62.5882773287332], [13.4747292617928, 58.4872199263655], [13.4747292617928, 55.7054441737093]]]}, "properties": {"FID": 257, "Shape_Leng": 6000000, "Grid": "L-4", "Shape__Area": 2250000000000, "Shape__Length": 6000000}}, {"type": "Feature", "id": 258, "geometry": {"type": "Polygon", "coordinates": [[[13.4747292617928, 47.3537047024331], [0, 47.3537047024331], [0, 47.688891882892], [0, 49.9614448828531], [0, 51.6558256536931], [0, 52.9736446651281], [0, 54.7410441558572], [0, 55.7054441737093], [13.4747292617928, 55.7054441737093], [13.4747292617928, 54.9799713723045], [13.4747292617928, 52.5167723503062], [13.4747292617928, 51.57268378022], [13.4747292617928, 48.6966760880384], [13.4747292617928, 47.5195167287674], [13.4747292617928, 47.3537047024331]]]}, "properties": {"FID": 258, "Shape_Leng": 6000000, "Grid": "L-5", "Shape__Area": 2250000000000, "Shape__Length": 6000000}}, {"type": "Feature", "id": 259, "geometry": {"type": "Polygon", "coordinates": [[[3.92734748142073, 37.4356072027454], [0, 37.4356072027454], [0, 39.1185323538101], [0, 42.9033073688449], [0, 42.9033075136091], [0, 42.9033159158555], [0, 46.145320021336], [0, 47.3537047024331], [13.4747292617928, 47.3537047024331], [13.4747292617928, 44.6314605767202], [13.4747292617928, 41.4483498323067], [13.4747292617928, 41.4483426693719], [13.4747292617928, 41.4483418916702], [13.4747292617928, 38.0415004686652], [13.4747292617928, 37.4356072027454], [12.4872370057948, 37.4356072027454], [8.21397057500061, 37.4356072027454], [4.21134897185791, 37.4356072027454], [3.92734748142073, 37.4356072027454]]]}, "properties": {"FID": 259, "Shape_Leng": 6000000, "Grid": "L-6", "Shape__Area": 2250000000000, "Shape__Length": 6000000}}, {"type": "Feature", "id": 260, "geometry": {"type": "Polygon", "coordinates": [[[1.27167010099684, 26.0074202319812], [0, 26.0074202319812], [0, 26.7012575143068], [0, 28.769177871333], [0, 29.1476053739923], [0, 32.2701996933851], [0, 33.0129430428864], [0, 35.3609067122617], [0, 36.3072539665102], [0, 37.4356072027454], [3.92734748142073, 37.4356072027454], [4.21134897185791, 37.4356072027454], [8.21397057500061, 37.4356072027454], [12.4872370057948, 37.4356072027454], [13.4747292617928, 37.4356072027454], [13.4747292617928, 36.7860954836425], [13.4747292617928, 33.0063943351736], [13.4747292617928, 29.9807222298417], [13.4747292617928, 26.9430782802757], [13.4747292617928, 26.9430781265203], [13.4747292617928, 26.382599342823], [13.4747292617928, 26.0074202319812], [9.5787521924636, 26.0074202319812], [9.57874824796118, 26.0074202319812], [5.90456304925639, 26.0074202319812], [1.27167010099684, 26.0074202319812]]]}, "properties": {"FID": 260, "Shape_Leng": 6000000, "Grid": "L-7", "Shape__Area": 2250000000000, "Shape__Length": 6000000}}, {"type": "Feature", "id": 261, "geometry": {"type": "Polygon", "coordinates": [[[6.17200404083698, 13.3522076267078], [0, 13.3522076267078], [0, 14.2303024160062], [0, 17.2818593919283], [0, 21.4552226574972], [0, 21.4552227870873], [0, 24.7894477487282], [0, 24.7894478449619], [0, 26.0074202319812], [1.27167010099684, 26.0074202319812], [5.90456304925639, 26.0074202319812], [9.57874824796118, 26.0074202319812], [9.5787521924636, 26.0074202319812], [13.4747292617928, 26.0074202319812], [13.4747292617928, 23.216184791253], [13.4747292617928, 23.2161846021967], [13.4747292617928, 22.3908421542741], [13.4747292617928, 14.8952074476928], [13.4747292617928, 14.8952072454186], [13.4747292617928, 13.3522076267078], [7.83298821424978, 13.3522076267078], [6.17200404083698, 13.3522076267078]]]}, "properties": {"FID": 261, "Shape_Leng": 6000000, "Grid": "L-8", "Shape__Area": 2249999999999.9995, "Shape__Length": 6000000}}, {"type": "Feature", "id": 262, "geometry": {"type": "Polygon", "coordinates": [[[11.4563237507826, 0], [0, 0], [0, 5.01187688476359], [0, 8.13704871574155], [0, 8.30147314896005], [0, 13.3522076267078], [6.17200404083698, 13.3522076267078], [7.83298821424978, 13.3522076267078], [13.4747292617928, 13.3522076267078], [13.4747292617928, 8.04041827470925], [13.4747292617928, 4.88497510237432], [13.4747292617928, 1.44034594399127], [13.4747292617928, 0], [11.4563237507826, 0]]]}, "properties": {"FID": 262, "Shape_Leng": 6000000, "Grid": "L-9", "Shape__Area": 2250000000000, "Shape__Length": 6000000}}, {"type": "Feature", "id": 263, "geometry": {"type": "Polygon", "coordinates": [[[13.4747292617928, -13.3522076267078], [0, -13.3522076267078], [0, -7.18605612686932], [0, -2.31456171578278], [0, -2.31456160089222], [0, -1.910462390753], [0, -1.86426526528741], [0, -0.794025877556996], [0, 0], [11.4563237507826, 0], [13.4747292617928, 0], [13.4747292617928, -2.07430826850912], [13.4747292617928, -5.68798389659088], [13.4747292617928, -8.77553939697999], [13.4747292617928, -8.77553984265521], [13.4747292617928, -13.3522076267078]]]}, "properties": {"FID": 263, "Shape_Leng": 6000000, "Grid": "L-10", "Shape__Area": 2250000000000, "Shape__Length": 6000000}}, {"type": "Feature", "id": 264, "geometry": {"type": "Polygon", "coordinates": [[[13.4747292617928, -26.0074202319812], [0, -26.0074202319812], [0, -18.7997055995452], [0, -13.3522076267078], [13.4747292617928, -13.3522076267078], [13.4747292617928, -26.0074202319812]]]}, "properties": {"FID": 264, "Shape_Leng": 6000000, "Grid": "L-11", "Shape__Area": 2250000000000, "Shape__Length": 6000000}}, {"type": "Feature", "id": 265, "geometry": {"type": "Polygon", "coordinates": [[[13.4747292617928, -37.4356072027454], [0, -37.4356072027454], [0, -33.7995501181247], [0, -33.7995500800537], [0, -26.0074202319812], [13.4747292617928, -26.0074202319812], [13.4747292617928, -28.2372092944869], [13.4747292617928, -28.2372097606289], [13.4747292617928, -37.4356072027454]]]}, "properties": {"FID": 265, "Shape_Leng": 6000000, "Grid": "L-12", "Shape__Area": 2250000000000, "Shape__Length": 6000000}}, {"type": "Feature", "id": 266, "geometry": {"type": "Polygon", "coordinates": [[[4.106936311351, -47.3537047024331], [0, -47.3537047024331], [0, -43.0105352511542], [0, -42.1453933680906], [0, -42.0286327922719], [0, -39.9805784064482], [0, -37.4356072027454], [13.4747292617928, -37.4356072027454], [13.4747292617928, -39.498210309178], [13.4747292617928, -46.0115316196585], [13.4747292617928, -46.5634673351639], [13.4747292617928, -46.563467481544], [13.4747292617928, -47.3537047024331], [9.99900770088017, -47.3537047024331], [9.99900636149206, -47.3537047024331], [5.5432172542536, -47.3537047024331], [4.106936311351, -47.3537047024331]]]}, "properties": {"FID": 266, "Shape_Leng": 6000000, "Grid": "L-13", "Shape__Area": 2250000000000, "Shape__Length": 6000000}}, {"type": "Feature", "id": 267, "geometry": {"type": "Polygon", "coordinates": [[[11.1635565132776, -55.7054441737093], [0, -55.7054441737093], [0, -48.2856687386269], [0, -48.2856686316289], [0, -47.3537047024331], [4.106936311351, -47.3537047024331], [5.5432172542536, -47.3537047024331], [9.99900636149206, -47.3537047024331], [9.99900770088017, -47.3537047024331], [13.4747292617928, -47.3537047024331], [13.4747292617928, -50.5295787931949], [13.4747292617928, -55.7054441737093], [12.3215161120992, -55.7054441737093], [11.1635565132776, -55.7054441737093]]]}, "properties": {"FID": 267, "Shape_Leng": 6000000, "Grid": "L-14", "Shape__Area": 2250000000000, "Shape__Length": 6000000}}, {"type": "Feature", "id": 268, "geometry": {"type": "Polygon", "coordinates": [[[0.606147163620307, -62.5882773287332], [0, -62.5882773287332], [0, -62.3256384292302], [0, -62.0775581501496], [0, -61.4153319103558], [0, -58.0267704034397], [0, -58.026770324477], [0, -55.7054441737093], [11.1635565132776, -55.7054441737093], [12.3215161120992, -55.7054441737093], [13.4747292617928, -55.7054441737093], [13.4747292617928, -57.1072012256357], [13.4747292617928, -57.1974877977565], [13.4747292617928, -57.197488024539], [13.4747292617928, -57.6822234174728], [13.4747292617928, -58.1023501013426], [13.4747292617928, -61.9682343364573], [13.4747292617928, -62.5882773287332], [13.093435406624, -62.5882773287332], [12.4707833049474, -62.5882773287332], [7.28711762171497, -62.5882773287332], [5.41010586922656, -62.5882773287332], [3.94474734272262, -62.5882773287332], [1.47428107450448, -62.5882773287332], [0.606147163620307, -62.5882773287332]]]}, "properties": {"FID": 268, "Shape_Leng": 6000000, "Grid": "L-15", "Shape__Area": 2249999999999.9995, "Shape__Length": 6000000}}, {"type": "Feature", "id": 269, "geometry": {"type": "Polygon", "coordinates": [[[8.9537376168112, -68.1776762364548], [0, -68.1776762364548], [0, -66.7614905007622], [0, -66.7614901473866], [0, -63.6534250773469], [0, -62.8586102867734], [0, -62.5882773287332], [0.606147163620307, -62.5882773287332], [1.47428107450448, -62.5882773287332], [3.94474734272262, -62.5882773287332], [5.41010586922656, -62.5882773287332], [7.28711762171497, -62.5882773287332], [12.4707833049474, -62.5882773287332], [13.093435406624, -62.5882773287332], [13.4747292617928, -62.5882773287332], [13.4747292617928, -62.7634546751752], [13.4747292626912, -66.2445053022702], [13.4747292617928, -68.1776762364548], [8.9537376168112, -68.1776762364548]]]}, "properties": {"FID": 269, "Shape_Leng": 6000000, "Grid": "L-16", "Shape__Area": 2250000000072.877, "Shape__Length": 6000000}}, {"type": "Feature", "id": 270, "geometry": {"type": "Polygon", "coordinates": [[[0.657604314198172, -72.6726762942099], [0, -72.6726762942099], [0, -72.2911334685376], [0, -71.1923164534874], [0, -70.9729487992153], [0, -70.123721367952], [0, -70.0231691622067], [0, -68.1776762364548], [8.9537376168112, -68.1776762364548], [13.4747292617928, -68.1776762364548], [13.4747292617928, -70.0341403678256], [13.4747292617928, -70.3816798847986], [13.4747292617928, -71.8926691098913], [13.4747292617928, -72.0736272878747], [13.4747292617928, -72.0736330331964], [13.4747292617928, -72.0736331457305], [13.4747292617928, -72.6726762942099], [10.2872096641786, -72.6726762942099], [10.2872088521016, -72.6726762942099], [10.2871793954451, -72.6726762942099], [8.32793116725266, -72.6726762942099], [6.69943242181146, -72.6726762942099], [6.47683483244576, -72.6726762942099], [5.89590660829415, -72.6726762942099], [5.07017465744737, -72.6726762942099], [3.10171927970106, -72.6726762942099], [1.25940761227838, -72.6726762942099], [0.657604314198172, -72.6726762942099]]]}, "properties": {"FID": 270, "Shape_Leng": 6000000, "Grid": "L-17", "Shape__Area": 2249999999999.9985, "Shape__Length": 6000000}}, {"type": "Feature", "id": 271, "geometry": {"type": "Polygon", "coordinates": [[[4.30691043125908, -76.2647777185781], [0, -76.2647777185781], [0, -74.5956190348417], [0, -74.416746590256], [0, -73.8410288753139], [0, -73.3647866218034], [0, -73.3647864654457], [0, -73.364783087039], [0, -73.2247149234776], [0, -72.9260374014486], [0, -72.6726762942099], [0.657604314198172, -72.6726762942099], [1.25940761227838, -72.6726762942099], [3.10171927970106, -72.6726762942099], [5.07017465744737, -72.6726762942099], [5.89590660829415, -72.6726762942099], [6.47683483244576, -72.6726762942099], [6.69943242181146, -72.6726762942099], [8.32793116725266, -72.6726762942099], [10.2871793954451, -72.6726762942099], [10.2872088521016, -72.6726762942099], [10.2872096641786, -72.6726762942099], [13.4747292617928, -72.6726762942099], [13.4747292617928, -73.9220875117604], [13.4747292617928, -74.1123477255141], [13.4747292617928, -75.0023191207683], [13.4747292617928, -75.783366955329], [13.4747292617928, -76.2647777185781], [7.42192907650205, -76.2647777185781], [4.30691043125908, -76.2647777185781]]]}, "properties": {"FID": 271, "Shape_Leng": 6000000, "Grid": "L-18", "Shape__Area": 2250000000000, "Shape__Length": 6000000}}, {"type": "Feature", "id": 272, "geometry": {"type": "Polygon", "coordinates": [[[0.124769843097772, -79.1237548350744], [0, -79.1237548350744], [0, -78.9873590134585], [0, -77.6498163244366], [0, -76.9441282674258], [0, -76.7396429790263], [0, -76.2647777185781], [4.30691043125908, -76.2647777185781], [7.42192907650205, -76.2647777185781], [13.4747292617928, -76.2647777185781], [13.4747292617928, -76.6042233640451], [13.4747292617928, -76.8157622360346], [13.4747292617928, -77.4236564845075], [13.4747292617928, -77.6486241260968], [13.4747292617928, -78.1966989806213], [13.4747292617928, -78.5928613219078], [13.4747292617928, -79.1237548350744], [9.28433755701703, -79.1237548350744], [3.46193527704573, -79.1237548350744], [0.124769843097772, -79.1237548350744]]]}, "properties": {"FID": 272, "Shape_Leng": 6000000, "Grid": "L-19", "Shape__Area": 2250000000000.001, "Shape__Length": 6000000}}, {"type": "Feature", "id": 273, "geometry": {"type": "Polygon", "coordinates": [[[13.4747292617928, -81.146554693833], [13.4747292617928, -81.3934028410464], [3.97093658756397, -81.3934028407775], [3.97091839578115, -81.3934028410464], [0, -81.3934028410464], [0, -80.3603615463051], [0, -79.7423348901289], [0, -79.5387868974963], [0, -79.1237548350744], [0.124769843097772, -79.1237548350744], [3.46193527704573, -79.1237548350744], [9.28433755701703, -79.1237548350744], [13.4747292617928, -79.1237548350744], [13.4747292617928, -80.2159715645202], [13.4747292617928, -81.1465529416951], [13.4747292617928, -81.1465546209713], [13.4747292617928, -81.146554693833]]]}, "properties": {"FID": 273, "Shape_Leng": 6000000, "Grid": "L-20", "Shape__Area": 2249999999894.202, "Shape__Length": 6000000.00000001}}, {"type": "Feature", "id": 274, "geometry": {"type": "Polygon", "coordinates": [[[13.4747292617928, -83.1922884414757], [0, -83.1922884414757], [0, -82.1382447981842], [0, -81.4777645625496], [0, -81.4777645224792], [0, -81.4777626386379], [0, -81.3934028410464], [3.97091839578115, -81.3934028410464], [3.97093658756397, -81.3934028407775], [13.4747292617928, -81.3934028410464], [13.4747292617928, -81.9181357877825], [13.4747292617928, -83.1922884414757]]]}, "properties": {"FID": 274, "Shape_Leng": 6000000, "Grid": "L-21", "Shape__Area": 2250000000105.795, "Shape__Length": 6000000.000000009}}, {"type": "Feature", "id": 275, "geometry": {"type": "Polygon", "coordinates": [[[13.4747292617928, -84.6166061457018], [0, -84.6166061457018], [0, -84.5016160834034], [0, -83.1922884414757], [13.4747292617928, -83.1922884414757], [13.4747292617928, -84.5661250813374], [13.4747292617928, -84.6166061457018]]]}, "properties": {"FID": 275, "Shape_Leng": 6000000, "Grid": "L-22", "Shape__Area": 2250000000000, "Shape__Length": 6000000}}, {"type": "Feature", "id": 276, "geometry": {"type": "Polygon", "coordinates": [[[0, -84.6166061457018], [13.4747292617928, -84.6166061457018], [13.4747292617928, -85.7436302342552], [0, -85.7436302342552], [0, -84.6166061457018]]]}, "properties": {"FID": 276, "Shape_Leng": 6000000, "Grid": "L-23", "Shape__Area": 2250000000000, "Shape__Length": 6000000}}, {"type": "Feature", "id": 277, "geometry": {"type": "Polygon", "coordinates": [[[16.9954270300554, 72.6726762942099], [13.4747292617928, 72.6726762942099], [13.4747292617928, 73.2722469200233], [13.4747292617928, 73.2722471028232], [13.4747292617928, 73.272250371243], [13.4747292617928, 73.4695275540916], [13.4747292617928, 74.7173196683086], [13.4747292617928, 76.2647777185781], [26.9494585235856, 76.2647777185781], [26.9494585235856, 74.5620291349675], [26.9494585235856, 73.478390770189], [26.9494585235856, 72.9354804829565], [26.9494585235856, 72.9354771630622], [26.9494585235856, 72.9354770017333], [26.9494585235856, 72.6726762942099], [16.9954270300554, 72.6726762942099]]]}, "properties": {"FID": 277, "Shape_Leng": 6000000, "Grid": "M-1", "Shape__Area": 2250000000000, "Shape__Length": 6000000}}, {"type": "Feature", "id": 278, "geometry": {"type": "Polygon", "coordinates": [[[19.1710813379767, 68.1776762364547], [13.4747292617928, 68.1776762364547], [13.4747292617928, 72.6726762942099], [16.9954270300554, 72.6726762942099], [26.9494585235856, 72.6726762942099], [26.9494585235856, 68.935904962279], [26.9494585235856, 68.1776762364547], [25.7719740600301, 68.1776762364547], [19.1710813379767, 68.1776762364547]]]}, "properties": {"FID": 278, "Shape_Leng": 6000000, "Grid": "M-2", "Shape__Area": 2250000000000, "Shape__Length": 6000000}}, {"type": "Feature", "id": 279, "geometry": {"type": "Polygon", "coordinates": [[[20.3292642094689, 62.5882773287332], [13.4747292617928, 62.5882773287332], [13.4747292617928, 65.9767534838262], [13.4747292617928, 67.2166302825319], [13.4747292617928, 68.1776762364547], [19.1710813379767, 68.1776762364547], [25.7719740600301, 68.1776762364547], [26.9494585235856, 68.1776762364547], [26.9494585235856, 63.4524921330017], [26.9494585235856, 62.5882773287332], [26.8793324886535, 62.5882773287332], [20.3292642094689, 62.5882773287332]]]}, "properties": {"FID": 279, "Shape_Leng": 6000000, "Grid": "M-3", "Shape__Area": 2250000000000, "Shape__Length": 6000000}}, {"type": "Feature", "id": 280, "geometry": {"type": "Polygon", "coordinates": [[[18.7380851783957, 55.7054441737093], [13.4747292617928, 55.7054441737093], [13.4747292617928, 58.4872199263655], [13.4747292617928, 62.5882773287332], [20.3292642094689, 62.5882773287332], [26.8793324886535, 62.5882773287332], [26.9494585235856, 62.5882773287332], [26.9494585235856, 62.5572818483842], [26.9494585235856, 55.7054441737093], [18.7380851783957, 55.7054441737093]]]}, "properties": {"FID": 280, "Shape_Leng": 6000000, "Grid": "M-4", "Shape__Area": 2250000000000, "Shape__Length": 6000000}}, {"type": "Feature", "id": 281, "geometry": {"type": "Polygon", "coordinates": [[[13.8017846313472, 47.3537047024331], [13.4747292617928, 47.3537047024331], [13.4747292617928, 47.5195167287674], [13.4747292617928, 48.6966760880384], [13.4747292617928, 51.57268378022], [13.4747292617928, 52.5167723503062], [13.4747292617928, 54.9799713723045], [13.4747292617928, 55.7054441737093], [18.7380851783957, 55.7054441737093], [26.9494585235856, 55.7054441737093], [26.9494585235856, 55.249655390244], [26.9494585235856, 53.6713627683176], [26.9494585235856, 51.9482470948367], [26.9494585235856, 48.9684860650888], [26.9494585235856, 47.3537047024331], [21.7089951802584, 47.3537047024331], [20.8969463570396, 47.3537047024331], [18.4268327871649, 47.3537047024331], [13.8017846313472, 47.3537047024331]]]}, "properties": {"FID": 281, "Shape_Leng": 6000000, "Grid": "M-5", "Shape__Area": 2250000000000, "Shape__Length": 6000000}}, {"type": "Feature", "id": 282, "geometry": {"type": "Polygon", "coordinates": [[[14.0368361044858, 37.4356072027454], [13.4747292617928, 37.4356072027454], [13.4747292617928, 38.0415004686652], [13.4747292617928, 41.4483418916702], [13.4747292617928, 41.4483426693719], [13.4747292617928, 41.4483498323067], [13.4747292617928, 44.6314605767202], [13.4747292617928, 47.3537047024331], [13.8017846313472, 47.3537047024331], [18.4268327871649, 47.3537047024331], [20.8969463570396, 47.3537047024331], [21.7089951802584, 47.3537047024331], [26.9494585235856, 47.3537047024331], [26.9494585235856, 44.955654149788], [26.9494585235856, 43.2278708775476], [26.9494585235856, 42.1127427192407], [26.9494585235856, 39.9089703580666], [26.9494585235856, 37.5329821103829], [26.9494585235856, 37.5329789275292], [26.9494585235856, 37.5329788285103], [26.9494585235856, 37.4356072027454], [21.2977473918095, 37.4356072027454], [16.5946788305972, 37.4356072027454], [14.0368361044858, 37.4356072027454]]]}, "properties": {"FID": 282, "Shape_Leng": 6000000, "Grid": "M-6", "Shape__Area": 2250000000000, "Shape__Length": 6000000}}, {"type": "Feature", "id": 283, "geometry": {"type": "Polygon", "coordinates": [[[13.9515881390812, 26.0074202319812], [13.4747292617928, 26.0074202319812], [13.4747292617928, 26.382599342823], [13.4747292617928, 26.9430781265203], [13.4747292617928, 26.9430782802757], [13.4747292617928, 29.9807222298417], [13.4747292617928, 33.0063943351736], [13.4747292617928, 36.7860954836425], [13.4747292617928, 37.4356072027454], [14.0368361044858, 37.4356072027454], [16.5946788305972, 37.4356072027454], [21.2977473918095, 37.4356072027454], [26.9494585235856, 37.4356072027454], [26.9494585235856, 36.1396239155185], [26.9494585235856, 31.1259419162445], [26.9494585235856, 31.1259409896144], [26.9494585235856, 30.5713389958827], [26.9494585235856, 29.8442100757925], [26.9494585235856, 29.8441511851799], [26.9494585235856, 29.0349677427935], [26.9494585235856, 27.6715342125345], [26.9494585235856, 27.6715339873883], [26.9494585235856, 26.0074202319812], [22.7419378992791, 26.0074202319812], [22.7353872845143, 26.0074202319812], [20.8976452292626, 26.0074202319812], [17.6302686251471, 26.0074202319812], [16.4553582849364, 26.0074202319812], [13.9515881390812, 26.0074202319812]]]}, "properties": {"FID": 283, "Shape_Leng": 6000000, "Grid": "M-7", "Shape__Area": 2250000000000, "Shape__Length": 6000000}}, {"type": "Feature", "id": 284, "geometry": {"type": "Polygon", "coordinates": [[[16.9947752223667, 13.3522076267078], [13.4747292617928, 13.3522076267078], [13.4747292617928, 14.8952072454186], [13.4747292617928, 14.8952074476928], [13.4747292617928, 22.3908421542741], [13.4747292617928, 23.2161846021967], [13.4747292617928, 23.216184791253], [13.4747292617928, 26.0074202319812], [13.9515881390812, 26.0074202319812], [16.4553582849364, 26.0074202319812], [17.6302686251471, 26.0074202319812], [20.8976452292626, 26.0074202319812], [22.7353872845143, 26.0074202319812], [22.7419378992791, 26.0074202319812], [26.9494585235856, 26.0074202319812], [26.9494585235856, 14.1455988438914], [26.9494585235856, 13.3522076267078], [24.6504061637857, 13.3522076267078], [16.9947756778125, 13.3522076267078], [16.9947752223667, 13.3522076267078]]]}, "properties": {"FID": 284, "Shape_Leng": 6000000, "Grid": "M-8", "Shape__Area": 2250000000000.001, "Shape__Length": 6000000}}, {"type": "Feature", "id": 285, "geometry": {"type": "Polygon", "coordinates": [[[17.4700740467052, 0], [13.4747292617928, 0], [13.4747292617928, 1.44034594399127], [13.4747292617928, 4.88497510237432], [13.4747292617928, 8.04041827470925], [13.4747292617928, 13.3522076267078], [16.9947752223667, 13.3522076267078], [16.9947756778125, 13.3522076267078], [24.6504061637857, 13.3522076267078], [26.9494585235856, 13.3522076267078], [26.9494585235856, 5.87756324529339], [26.9494585235856, 5.87756184682061], [26.9494585235856, 0], [19.8322437325899, 0], [17.4700740467052, 0]]]}, "properties": {"FID": 285, "Shape_Leng": 6000000, "Grid": "M-9", "Shape__Area": 2250000000000, "Shape__Length": 6000000}}, {"type": "Feature", "id": 286, "geometry": {"type": "Polygon", "coordinates": [[[16.0339315180181, -13.3522076267078], [13.4747292617928, -13.3522076267078], [13.4747292617928, -8.77553984265521], [13.4747292617928, -8.77553939697999], [13.4747292617928, -5.68798389659088], [13.4747292617928, -2.07430826850912], [13.4747292617928, 0], [17.4700740467052, 0], [19.8322437325899, 0], [26.9494585235856, 0], [26.9494585235856, -3.70471381827291], [26.9494585235856, -11.2691209032929], [26.9494585235856, -13.1327079052526], [26.9494585235856, -13.226656090101], [26.9494585235856, -13.3522076267078], [24.2867776472381, -13.3522076267078], [22.1116760224053, -13.3522076267078], [17.7305947362388, -13.3522076267078], [16.0339317461902, -13.3522076267078], [16.0339315180181, -13.3522076267078]]]}, "properties": {"FID": 286, "Shape_Leng": 6000000, "Grid": "M-10", "Shape__Area": 2250000000000, "Shape__Length": 6000000}}, {"type": "Feature", "id": 287, "geometry": {"type": "Polygon", "coordinates": [[[15.0871727676056, -26.0074202319812], [13.4747292617928, -26.0074202319812], [13.4747292617928, -13.3522076267078], [16.0339315180181, -13.3522076267078], [16.0339317461902, -13.3522076267078], [17.7305947362388, -13.3522076267078], [22.1116760224053, -13.3522076267078], [24.2867776472381, -13.3522076267078], [26.9494585235856, -13.3522076267078], [26.9494585235856, -24.1303099063606], [26.9494585235856, -26.0074202319812], [26.4542748131035, -26.0074202319812], [26.4219899915112, -26.0074202319812], [22.1438781846184, -26.0074202319812], [21.4003618901206, -26.0074202319812], [15.0871728960647, -26.0074202319812], [15.0871727676056, -26.0074202319812]]]}, "properties": {"FID": 287, "Shape_Leng": 6000000, "Grid": "M-11", "Shape__Area": 2250000000000, "Shape__Length": 6000000}}, {"type": "Feature", "id": 288, "geometry": {"type": "Polygon", "coordinates": [[[17.3439272632449, -37.4356072027454], [13.4747292617928, -37.4356072027454], [13.4747292617928, -28.2372097606289], [13.4747292617928, -28.2372092944869], [13.4747292617928, -26.0074202319812], [15.0871727676056, -26.0074202319812], [15.0871728960647, -26.0074202319812], [21.4003618901206, -26.0074202319812], [22.1438781846184, -26.0074202319812], [26.4219899915112, -26.0074202319812], [26.4542748131035, -26.0074202319812], [26.9494585235856, -26.0074202319812], [26.9494585235856, -26.9543279990647], [26.9494585235856, -27.2421535244443], [26.9494585235856, -34.9431725741905], [26.9494585235856, -37.4356072027454], [18.7975697659806, -37.4356072027454], [17.3439272632449, -37.4356072027454]]]}, "properties": {"FID": 288, "Shape_Leng": 6000000, "Grid": "M-12", "Shape__Area": 2250000000000, "Shape__Length": 6000000}}, {"type": "Feature", "id": 289, "geometry": {"type": "Polygon", "coordinates": [[[14.6319221305531, -47.3537047024331], [13.4747292617928, -47.3537047024331], [13.4747292617928, -46.563467481544], [13.4747292617928, -46.5634673351639], [13.4747292617928, -46.0115316196585], [13.4747292617928, -39.498210309178], [13.4747292617928, -37.4356072027454], [17.3439272632449, -37.4356072027454], [18.7975697659806, -37.4356072027454], [26.9494585235856, -37.4356072027454], [26.9494585235856, -39.8853780716854], [26.9494585235856, -46.9293645570208], [26.9494585235856, -47.3537047024331], [14.6319221305531, -47.3537047024331]]]}, "properties": {"FID": 289, "Shape_Leng": 6000000, "Grid": "M-13", "Shape__Area": 2250000000000, "Shape__Length": 6000000}}, {"type": "Feature", "id": 290, "geometry": {"type": "Polygon", "coordinates": [[[21.5659633905284, -55.7054441737093], [13.4747292617928, -55.7054441737093], [13.4747292617928, -50.5295787931949], [13.4747292617928, -47.3537047024331], [14.6319221305531, -47.3537047024331], [26.9494585235856, -47.3537047024331], [26.9494585235856, -54.0626571351685], [26.9494585235856, -54.0626571694379], [26.9494585235856, -55.7054441737093], [21.66314874974, -55.7054441737093], [21.5659639932979, -55.7054441737093], [21.5659633905284, -55.7054441737093]]]}, "properties": {"FID": 290, "Shape_Leng": 6000000, "Grid": "M-14", "Shape__Area": 2250000000000, "Shape__Length": 6000000}}, {"type": "Feature", "id": 291, "geometry": {"type": "Polygon", "coordinates": [[[16.8397175350112, -62.5882773287332], [13.4747292617928, -62.5882773287332], [13.4747292617928, -61.9682343364573], [13.4747292617928, -58.1023501013426], [13.4747292617928, -57.6822234174728], [13.4747292617928, -57.197488024539], [13.4747292617928, -57.1974877977565], [13.4747292617928, -57.1072012256357], [13.4747292617928, -55.7054441737093], [21.5659633905284, -55.7054441737093], [21.5659639932979, -55.7054441737093], [21.66314874974, -55.7054441737093], [26.9494585235856, -55.7054441737093], [26.9494585235856, -56.3877406827], [26.9494585235856, -60.9275796295551], [26.9494585235856, -62.1112841487703], [26.9494585235856, -62.5882773287332], [24.9464011792605, -62.5882773287332], [18.4587547998752, -62.5882773287332], [16.8397175350112, -62.5882773287332]]]}, "properties": {"FID": 291, "Shape_Leng": 6000000, "Grid": "M-15", "Shape__Area": 2250000000000, "Shape__Length": 6000000}}, {"type": "Feature", "id": 292, "geometry": {"type": "Polygon", "coordinates": [[[18.3250524868845, -68.1776762364548], [13.4747292617928, -68.1776762364548], [13.4747292626912, -66.2445053022702], [13.4747292617928, -62.7634546751752], [13.4747292617928, -62.5882773287332], [16.8397175350112, -62.5882773287332], [18.4587547998752, -62.5882773287332], [24.9464011792605, -62.5882773287332], [26.9494585235856, -62.5882773287332], [26.9494585235856, -62.8021619043861], [26.9494585235856, -64.4151611037946], [26.9494585235856, -64.7526783158882], [26.9494585235856, -64.8020570175401], [26.9494585235856, -65.3573854068304], [26.9494585235856, -68.1776762364548], [21.7624053931298, -68.1776762364548], [19.7891538678608, -68.1776762364548], [18.3250524868845, -68.1776762364548]]]}, "properties": {"FID": 292, "Shape_Leng": 6000000, "Grid": "M-16", "Shape__Area": 2249999999927.123, "Shape__Length": 6000000}}, {"type": "Feature", "id": 293, "geometry": {"type": "Polygon", "coordinates": [[[13.8821544213655, -72.6726762942099], [13.4747292617928, -72.6726762942099], [13.4747292617928, -72.0736331457305], [13.4747292617928, -72.0736330331964], [13.4747292617928, -72.0736272878747], [13.4747292617928, -71.8926691098913], [13.4747292617928, -70.3816798847986], [13.4747292617928, -70.0341403678256], [13.4747292617928, -68.1776762364548], [18.3250524868845, -68.1776762364548], [19.7891538678608, -68.1776762364548], [21.7624053931298, -68.1776762364548], [26.9494585235856, -68.1776762364548], [26.9494585235856, -69.1228438400878], [26.9494585235856, -69.8713786824018], [26.9494585235856, -69.8713835921012], [26.9494585235856, -69.8713836681487], [26.9494585235856, -70.4613005519116], [26.9494585235856, -71.3164980782867], [26.9494585235856, -72.2867744936372], [26.9494585235856, -72.4769078348678], [26.9494585235856, -72.6726762942099], [26.5968895976921, -72.6726762942099], [23.1857489322612, -72.6726762942099], [20.8836594313677, -72.6726762942099], [20.1606145743851, -72.6726762942099], [18.3508523345081, -72.6726762942099], [13.8821544213655, -72.6726762942099]]]}, "properties": {"FID": 293, "Shape_Leng": 6000000, "Grid": "M-17", "Shape__Area": 2250000000000, "Shape__Length": 6000000}}, {"type": "Feature", "id": 294, "geometry": {"type": "Polygon", "coordinates": [[[14.6081451775583, -76.2647777185781], [13.4747292617928, -76.2647777185781], [13.4747292617928, -75.783366955329], [13.4747292617928, -75.0023191207683], [13.4747292617928, -74.1123477255141], [13.4747292617928, -73.9220875117604], [13.4747292617928, -72.6726762942099], [13.8821544213655, -72.6726762942099], [18.3508523345081, -72.6726762942099], [20.1606145743851, -72.6726762942099], [20.8836594313677, -72.6726762942099], [23.1857489322612, -72.6726762942099], [26.5968895976921, -72.6726762942099], [26.9494585235856, -72.6726762942099], [26.9494585235856, -73.9529978716952], [26.9494585235856, -75.2166411796651], [26.9494585235856, -75.6237187200112], [26.9494585235856, -76.2647777185781], [21.7696986568181, -76.2647777185781], [20.9923286214062, -76.2647777185781], [18.5700316904873, -76.2647777185781], [14.6081451775583, -76.2647777185781]]]}, "properties": {"FID": 294, "Shape_Leng": 6000000, "Grid": "M-18", "Shape__Area": 2250000000000, "Shape__Length": 6000000}}, {"type": "Feature", "id": 295, "geometry": {"type": "Polygon", "coordinates": [[[16.874843861696, -79.1237548350744], [13.4747292617928, -79.1237548350744], [13.4747292617928, -78.5928613219078], [13.4747292617928, -78.1966989806213], [13.4747292617928, -77.6486241260968], [13.4747292617928, -77.4236564845075], [13.4747292617928, -76.8157622360346], [13.4747292617928, -76.6042233640451], [13.4747292617928, -76.2647777185781], [14.6081451775583, -76.2647777185781], [18.5700316904873, -76.2647777185781], [20.9923286214062, -76.2647777185781], [21.7696986568181, -76.2647777185781], [26.9494585235856, -76.2647777185781], [26.9494585235856, -77.9912542689771], [26.9494585235856, -79.1237548350744], [23.7741135325056, -79.1237548350744], [22.0788299010842, -79.1237548350744], [21.8043793176124, -79.1237548350744], [16.874843861696, -79.1237548350744]]]}, "properties": {"FID": 295, "Shape_Leng": 6000000, "Grid": "M-19", "Shape__Area": 2250000000000, "Shape__Length": 6000000}}, {"type": "Feature", "id": 296, "geometry": {"type": "Polygon", "coordinates": [[[19.5564337699211, -81.3934028410464], [13.4747292617928, -81.3934028410464], [13.4747292617928, -81.146554693833], [13.4747292617928, -81.1465546209713], [13.4747292617928, -81.1465529416951], [13.4747292617928, -80.2159715645202], [13.4747292617928, -79.1237548350744], [16.874843861696, -79.1237548350744], [21.8043793176124, -79.1237548350744], [22.0788299010842, -79.1237548350744], [23.7741135325056, -79.1237548350744], [26.9494585235856, -79.1237548350744], [26.9494585235856, -79.5813262885339], [26.9494585235856, -80.7275415412019], [26.9494585235856, -81.1602166882171], [26.9494585235856, -81.1602190173959], [26.9494585235856, -81.3934028410464], [24.3957879994551, -81.3934028410464], [24.3957872206158, -81.3934028410464], [24.3957713051639, -81.3934028410464], [22.1472685145356, -81.3934028410464], [19.5564360202009, -81.3934028410464], [19.5564347814241, -81.3934028410464], [19.5564337699211, -81.3934028410464]]]}, "properties": {"FID": 296, "Shape_Leng": 6000000, "Grid": "M-20", "Shape__Area": 2250000000000, "Shape__Length": 6000000}}, {"type": "Feature", "id": 297, "geometry": {"type": "Polygon", "coordinates": [[[26.9494585235856, -83.1922884414757], [13.4747292617928, -83.1922884414757], [13.4747292617928, -81.9181357877825], [13.4747292617928, -81.3934028410464], [19.5564337699211, -81.3934028410464], [19.5564347814241, -81.3934028410464], [19.5564360202009, -81.3934028410464], [22.1472685145356, -81.3934028410464], [24.3957713051639, -81.3934028410464], [24.3957872206158, -81.3934028410464], [24.3957879994551, -81.3934028410464], [26.9494585235856, -81.3934028410464], [26.9494585235856, -81.4856252884267], [26.9494585235856, -83.1922884414757]]]}, "properties": {"FID": 297, "Shape_Leng": 6000000, "Grid": "M-21", "Shape__Area": 2250000000000, "Shape__Length": 6000000}}, {"type": "Feature", "id": 298, "geometry": {"type": "Polygon", "coordinates": [[[26.9494585235856, -84.6166061457018], [13.4747292617928, -84.6166061457018], [13.4747292617928, -84.5661250813374], [13.4747292617928, -83.1922884414757], [26.9494585235856, -83.1922884414757], [26.9494585235856, -84.5210971807976], [26.9494585235856, -84.6166061457018]]]}, "properties": {"FID": 298, "Shape_Leng": 6000000, "Grid": "M-22", "Shape__Area": 2250000000000, "Shape__Length": 6000000}}, {"type": "Feature", "id": 299, "geometry": {"type": "Polygon", "coordinates": [[[13.4747292617928, -84.6166061457018], [26.9494585235856, -84.6166061457018], [26.9494585235856, -85.7436302342552], [13.4747292617928, -85.7436302342552], [13.4747292617928, -84.6166061457018]]]}, "properties": {"FID": 299, "Shape_Leng": 6000000, "Grid": "M-23", "Shape__Area": 2250000000000, "Shape__Length": 6000000}}, {"type": "Feature", "id": 300, "geometry": {"type": "Polygon", "coordinates": [[[33.8263764590228, 72.6726762942099], [26.9494585235856, 72.6726762942099], [26.9494585235856, 72.9354770017333], [26.9494585235856, 72.9354771630622], [26.9494585235856, 72.9354804829565], [26.9494585235856, 73.478390770189], [26.9494585235856, 74.5620291349675], [26.9494585235856, 76.2647777185781], [40.4241877853785, 76.2647777185781], [40.4241877853785, 74.1906762428505], [40.4241877853785, 73.2281322746191], [40.4241877853785, 72.6726762942099], [33.8263813467563, 72.6726762942099], [33.8263765219049, 72.6726762942099], [33.8263764590228, 72.6726762942099]]]}, "properties": {"FID": 300, "Shape_Leng": 6000000, "Grid": "N-1", "Shape__Area": 2250000000000, "Shape__Length": 6000000}}, {"type": "Feature", "id": 301, "geometry": {"type": "Polygon", "coordinates": [[[30.8756169993879, 68.1776762364547], [26.9494585235856, 68.1776762364547], [26.9494585235856, 68.935904962279], [26.9494585235856, 72.6726762942099], [33.8263764590228, 72.6726762942099], [33.8263765219049, 72.6726762942099], [33.8263813467563, 72.6726762942099], [40.4241877853785, 72.6726762942099], [40.4241877853785, 68.1776762364547], [30.8756325869547, 68.1776762364547], [30.8756318000305, 68.1776762364547], [30.8756169993879, 68.1776762364547]]]}, "properties": {"FID": 301, "Shape_Leng": 6000000, "Grid": "N-2", "Shape__Area": 2250000000000, "Shape__Length": 6000000}}, {"type": "Feature", "id": 302, "geometry": {"type": "Polygon", "coordinates": [[[28.5110222404267, 62.5882773287332], [26.9494585235856, 62.5882773287332], [26.9494585235856, 63.4524921330017], [26.9494585235856, 68.1776762364547], [30.8756169993879, 68.1776762364547], [30.8756318000305, 68.1776762364547], [30.8756325869547, 68.1776762364547], [40.4241877853785, 68.1776762364547], [40.4241877853785, 64.6608371576579], [40.4241877853785, 64.6608323577101], [40.4241877853785, 64.6608319894002], [40.4241877853785, 62.5882773287332], [28.5110222404267, 62.5882773287332]]]}, "properties": {"FID": 302, "Shape_Leng": 6000000, "Grid": "N-3", "Shape__Area": 2250000000000, "Shape__Length": 6000000}}, {"type": "Feature", "id": 303, "geometry": {"type": "Polygon", "coordinates": [[[29.1547688385232, 55.7054441737093], [26.9494585235856, 55.7054441737093], [26.9494585235856, 62.5572818483842], [26.9494585235856, 62.5882773287332], [28.5110222404267, 62.5882773287332], [40.4241877853785, 62.5882773287332], [40.4241877853785, 59.7370359826802], [40.4241877853785, 55.7054441737093], [34.9375283895478, 55.7054441737093], [34.9375280122554, 55.7054441737093], [33.9484683380204, 55.7054441737093], [32.4167509353901, 55.7054441737093], [32.4167499202938, 55.7054441737093], [29.1547688385232, 55.7054441737093]]]}, "properties": {"FID": 303, "Shape_Leng": 6000000, "Grid": "N-4", "Shape__Area": 2250000000000, "Shape__Length": 6000000}}, {"type": "Feature", "id": 304, "geometry": {"type": "Polygon", "coordinates": [[[28.2616013366646, 47.3537047024331], [26.9494585235856, 47.3537047024331], [26.9494585235856, 48.9684860650888], [26.9494585235856, 51.9482470948367], [26.9494585235856, 53.6713627683176], [26.9494585235856, 55.249655390244], [26.9494585235856, 55.7054441737093], [29.1547688385232, 55.7054441737093], [32.4167499202938, 55.7054441737093], [32.4167509353901, 55.7054441737093], [33.9484683380204, 55.7054441737093], [34.9375280122554, 55.7054441737093], [34.9375283895478, 55.7054441737093], [40.4241877853785, 55.7054441737093], [40.4241877853785, 54.9885051429079], [40.4241877853785, 54.98850464967], [40.4241877853785, 49.7690931722647], [40.4241877853785, 48.5883035555992], [40.4241877853785, 47.5965615167917], [40.4241877853785, 47.3537047024331], [39.0477515943026, 47.3537047024331], [37.1320097113646, 47.3537047024331], [28.2616013366646, 47.3537047024331]]]}, "properties": {"FID": 304, "Shape_Leng": 6000000, "Grid": "N-5", "Shape__Area": 2250000000000, "Shape__Length": 6000000}}, {"type": "Feature", "id": 305, "geometry": {"type": "Polygon", "coordinates": [[[27.126999915117, 37.4356072027454], [26.9494585235856, 37.4356072027454], [26.9494585235856, 37.5329788285103], [26.9494585235856, 37.5329789275292], [26.9494585235856, 37.5329821103829], [26.9494585235856, 39.9089703580666], [26.9494585235856, 42.1127427192407], [26.9494585235856, 43.2278708775476], [26.9494585235856, 44.955654149788], [26.9494585235856, 47.3537047024331], [28.2616013366646, 47.3537047024331], [37.1320097113646, 47.3537047024331], [39.0477515943026, 47.3537047024331], [40.4241877853785, 47.3537047024331], [40.4241877853785, 47.0040811945408], [40.4241877853785, 40.6052715941291], [40.4241877853785, 40.1463772013032], [40.4241877853785, 39.2853031281433], [40.4241877853785, 37.7441139753357], [40.4241877853785, 37.4356072027454], [39.9989333653065, 37.4356072027454], [37.2432766486434, 37.4356072027454], [31.3893559977651, 37.4356072027454], [27.1270062311718, 37.4356072027454], [27.1270002439004, 37.4356072027454], [27.126999915117, 37.4356072027454]]]}, "properties": {"FID": 305, "Shape_Leng": 6000000, "Grid": "N-6", "Shape__Area": 2250000000000, "Shape__Length": 6000000}}, {"type": "Feature", "id": 306, "geometry": {"type": "Polygon", "coordinates": [[[32.8533715581907, 26.0074202319812], [26.9494585235856, 26.0074202319812], [26.9494585235856, 27.6715339873883], [26.9494585235856, 27.6715342125345], [26.9494585235856, 29.0349677427935], [26.9494585235856, 29.8441511851799], [26.9494585235856, 29.8442100757925], [26.9494585235856, 30.5713389958827], [26.9494585235856, 31.1259409896144], [26.9494585235856, 31.1259419162445], [26.9494585235856, 36.1396239155185], [26.9494585235856, 37.4356072027454], [27.126999915117, 37.4356072027454], [27.1270002439004, 37.4356072027454], [27.1270062311718, 37.4356072027454], [31.3893559977651, 37.4356072027454], [37.2432766486434, 37.4356072027454], [39.9989333653065, 37.4356072027454], [40.4241877853785, 37.4356072027454], [40.4241877853785, 35.695746277251], [40.4241877853785, 30.7916371293495], [40.4241877853785, 30.791626095812], [40.4241877853785, 30.791625209147], [40.4241877853785, 29.7282176777246], [40.4241877853785, 29.7282166714141], [40.4241877853785, 27.9038106470888], [40.4241877853785, 27.9038089831326], [40.4241877853785, 26.0074202319812], [32.8533715581907, 26.0074202319812]]]}, "properties": {"FID": 306, "Shape_Leng": 6000000, "Grid": "N-7", "Shape__Area": 2250000000000, "Shape__Length": 6000000}}, {"type": "Feature", "id": 307, "geometry": {"type": "Polygon", "coordinates": [[[40.4241877853785, 13.3522076267078], [26.9494585235856, 13.3522076267078], [26.9494585235856, 14.1455988438914], [26.9494585235856, 26.0074202319812], [32.8533715581907, 26.0074202319812], [40.4241877853785, 26.0074202319812], [40.4241877853785, 22.5971368904262], [40.4241877853785, 15.6934797282605], [40.4241877853785, 13.3522076267078]]]}, "properties": {"FID": 307, "Shape_Leng": 6000000, "Grid": "N-8", "Shape__Area": 2250000000000, "Shape__Length": 6000000}}, {"type": "Feature", "id": 308, "geometry": {"type": "Polygon", "coordinates": [[[31.3171112260482, 0], [26.9494585235856, 0], [26.9494585235856, 5.87756184682061], [26.9494585235856, 5.87756324529339], [26.9494585235856, 13.3522076267078], [40.4241877853785, 13.3522076267078], [40.4241877853785, 0], [31.3171122860603, 0], [31.3171112260482, 0]]]}, "properties": {"FID": 308, "Shape_Leng": 6000000, "Grid": "N-9", "Shape__Area": 2249999999999.9995, "Shape__Length": 6000000}}, {"type": "Feature", "id": 309, "geometry": {"type": "Polygon", "coordinates": [[[26.9777216065155, -13.3522076267078], [26.9494585235856, -13.3522076267078], [26.9494585235856, -13.226656090101], [26.9494585235856, -13.1327079052526], [26.9494585235856, -11.2691209032929], [26.9494585235856, -3.70471381827291], [26.9494585235856, 0], [31.3171112260482, 0], [31.3171122860603, 0], [40.4241877853785, 0], [40.4241877853785, -12.1923264405769], [40.4241877853785, -13.3522076267078], [36.147061760034, -13.3522076267078], [36.147060668581, -13.3522076267078], [30.8882011864877, -13.3522076267078], [26.9777216065155, -13.3522076267078]]]}, "properties": {"FID": 309, "Shape_Leng": 6000000, "Grid": "N-10", "Shape__Area": 2250000000000, "Shape__Length": 6000000}}, {"type": "Feature", "id": 310, "geometry": {"type": "Polygon", "coordinates": [[[31.7520107683926, -26.0074202319812], [26.9494585235856, -26.0074202319812], [26.9494585235856, -24.1303099063606], [26.9494585235856, -13.3522076267078], [26.9777216065155, -13.3522076267078], [30.8882011864877, -13.3522076267078], [36.147060668581, -13.3522076267078], [36.147061760034, -13.3522076267078], [40.4241877853785, -13.3522076267078], [40.4241877853785, -26.0074202319812], [35.6799929652571, -26.0074202319812], [35.6799919384827, -26.0074202319812], [31.7520107683926, -26.0074202319812]]]}, "properties": {"FID": 310, "Shape_Leng": 6000000, "Grid": "N-11", "Shape__Area": 2250000000000.0005, "Shape__Length": 6000000}}, {"type": "Feature", "id": 311, "geometry": {"type": "Polygon", "coordinates": [[[29.0315924378562, -37.4356072027454], [26.9494585235856, -37.4356072027454], [26.9494585235856, -34.9431725741905], [26.9494585235856, -27.2421535244443], [26.9494585235856, -26.9543279990647], [26.9494585235856, -26.0074202319812], [31.7520107683926, -26.0074202319812], [35.6799919384827, -26.0074202319812], [35.6799929652571, -26.0074202319812], [40.4241877853785, -26.0074202319812], [40.4241877853785, -27.9890594054959], [40.4241877853785, -29.2031461298264], [40.4241877853785, -29.2031469617938], [40.4241877853785, -29.9500687316931], [40.4241877853785, -35.8163439301961], [40.4241877853785, -37.4356072027454], [37.1688073527373, -37.4356072027454], [37.1688067140351, -37.4356072027454], [30.2017542457457, -37.4356072027454], [29.5377156045946, -37.4356072027454], [29.5377150422492, -37.4356072027454], [29.0315924378562, -37.4356072027454]]]}, "properties": {"FID": 311, "Shape_Leng": 6000000, "Grid": "N-12", "Shape__Area": 2250000000000, "Shape__Length": 6000000}}, {"type": "Feature", "id": 312, "geometry": {"type": "Polygon", "coordinates": [[[31.5170321324538, -47.3537047024331], [26.9494585235856, -47.3537047024331], [26.9494585235856, -46.9293645570208], [26.9494585235856, -39.8853780716854], [26.9494585235856, -37.4356072027454], [29.0315924378562, -37.4356072027454], [29.5377150422492, -37.4356072027454], [29.5377156045946, -37.4356072027454], [30.2017542457457, -37.4356072027454], [37.1688067140351, -37.4356072027454], [37.1688073527373, -37.4356072027454], [40.4241877853785, -37.4356072027454], [40.4241877853785, -40.4269992119072], [40.4241877853785, -45.9069140073257], [40.4241877853785, -46.2004149825556], [40.4241877853785, -46.7162156251525], [40.4241877853785, -47.3537047024331], [37.6831430363808, -47.3537047024331], [36.1552267650437, -47.3537047024331], [36.1552263167844, -47.3537047024331], [33.1256704277237, -47.3537047024331], [31.5170321324538, -47.3537047024331]]]}, "properties": {"FID": 312, "Shape_Leng": 6000000, "Grid": "N-13", "Shape__Area": 2250000000000, "Shape__Length": 6000000}}, {"type": "Feature", "id": 313, "geometry": {"type": "Polygon", "coordinates": [[[29.3879914845754, -55.7054441737093], [26.9494585235856, -55.7054441737093], [26.9494585235856, -54.0626571694379], [26.9494585235856, -54.0626571351685], [26.9494585235856, -47.3537047024331], [31.5170321324538, -47.3537047024331], [33.1256704277237, -47.3537047024331], [36.1552263167844, -47.3537047024331], [36.1552267650437, -47.3537047024331], [37.6831430363808, -47.3537047024331], [40.4241877853785, -47.3537047024331], [40.4241877853785, -47.9907881104506], [40.4241877853785, -50.0472194351412], [40.4241877853785, -52.7077236239427], [40.4241877853785, -55.3377206468632], [40.4241877853785, -55.7054441737093], [39.019933444238, -55.7054441737093], [37.8844983447843, -55.7054441737093], [31.4543529210212, -55.7054441737093], [29.3879914845754, -55.7054441737093]]]}, "properties": {"FID": 313, "Shape_Leng": 6000000, "Grid": "N-14", "Shape__Area": 2250000000000, "Shape__Length": 6000000}}, {"type": "Feature", "id": 314, "geometry": {"type": "Polygon", "coordinates": [[[28.2571217967705, -62.5882773287332], [26.9494585235856, -62.5882773287332], [26.9494585235856, -62.1112841487703], [26.9494585235856, -60.9275796295551], [26.9494585235856, -56.3877406827], [26.9494585235856, -55.7054441737093], [29.3879914845754, -55.7054441737093], [31.4543529210212, -55.7054441737093], [37.8844983447843, -55.7054441737093], [39.019933444238, -55.7054441737093], [40.4241877853785, -55.7054441737093], [40.4241877853785, -57.1431828825007], [40.4241877853785, -61.1671059891113], [40.4241877853785, -61.7236440384304], [40.4241877853785, -61.7236441248179], [40.4241877853785, -62.5882773287332], [38.2595781848236, -62.5882773287332], [38.2595775236635, -62.5882773287332], [34.9368366903723, -62.5882773287332], [33.8444660674611, -62.5882773287332], [33.774384044588, -62.5882773287332], [30.0397910875286, -62.5882773287332], [29.2407002269246, -62.5882773287332], [28.9387622018718, -62.5882773287332], [28.2571217967705, -62.5882773287332]]]}, "properties": {"FID": 314, "Shape_Leng": 6000000, "Grid": "N-15", "Shape__Area": 2250000000000, "Shape__Length": 6000000}}, {"type": "Feature", "id": 315, "geometry": {"type": "Polygon", "coordinates": [[[27.5809759290196, -68.1776762364548], [26.9494585235856, -68.1776762364548], [26.9494585235856, -65.3573854068304], [26.9494585235856, -64.8020570175401], [26.9494585235856, -64.7526783158882], [26.9494585235856, -64.4151611037946], [26.9494585235856, -62.8021619043861], [26.9494585235856, -62.5882773287332], [28.2571217967705, -62.5882773287332], [28.9387622018718, -62.5882773287332], [29.2407002269246, -62.5882773287332], [30.0397910875286, -62.5882773287332], [33.774384044588, -62.5882773287332], [33.8444660674611, -62.5882773287332], [34.9368366903723, -62.5882773287332], [38.2595775236635, -62.5882773287332], [38.2595781848236, -62.5882773287332], [40.4241877853785, -62.5882773287332], [40.4241877853785, -63.1272935159283], [40.4241877853785, -67.4822992745723], [40.4241877853785, -68.1776762364548], [39.7996503831269, -68.1776762364548], [38.4849246144671, -68.1776762364548], [31.691134517956, -68.1776762364548], [27.5809759290196, -68.1776762364548]]]}, "properties": {"FID": 315, "Shape_Leng": 6000000, "Grid": "N-16", "Shape__Area": 2250000000000, "Shape__Length": 6000000}}, {"type": "Feature", "id": 316, "geometry": {"type": "Polygon", "coordinates": [[[30.5378406321763, -72.6726762942099], [26.9494585235856, -72.6726762942099], [26.9494585235856, -72.4769078348678], [26.9494585235856, -72.2867744936372], [26.9494585235856, -71.3164980782867], [26.9494585235856, -70.4613005519116], [26.9494585235856, -69.8713836681487], [26.9494585235856, -69.8713835921012], [26.9494585235856, -69.8713786824018], [26.9494585235856, -69.1228438400878], [26.9494585235856, -68.1776762364548], [27.5809759290196, -68.1776762364548], [31.691134517956, -68.1776762364548], [38.4849246144671, -68.1776762364548], [39.7996503831269, -68.1776762364548], [40.4241877853785, -68.1776762364548], [40.4241877853785, -69.2888404128603], [40.4241877853785, -69.5928164495643], [40.4241877853785, -69.9604023849202], [40.4241877853785, -69.9604058270217], [40.4241877853785, -72.3519363134903], [40.4241877853785, -72.6726762942099], [39.624311822369, -72.6726762942099], [31.7929359493068, -72.6726762942099], [30.5378406321763, -72.6726762942099]]]}, "properties": {"FID": 316, "Shape_Leng": 6000000, "Grid": "N-17", "Shape__Area": 2250000000000, "Shape__Length": 6000000}}, {"type": "Feature", "id": 317, "geometry": {"type": "Polygon", "coordinates": [[[31.7479271798246, -76.2647777185781], [26.9494585235856, -76.2647777185781], [26.9494585235856, -75.6237187200112], [26.9494585235856, -75.2166411796651], [26.9494585235856, -73.9529978716952], [26.9494585235856, -72.6726762942099], [30.5378406321763, -72.6726762942099], [31.7929359493068, -72.6726762942099], [39.624311822369, -72.6726762942099], [40.4241877853785, -72.6726762942099], [40.4241877853785, -74.3827014429923], [40.4241877853785, -76.2647777185781], [32.1459030112292, -76.2647777185781], [31.7479271798246, -76.2647777185781]]]}, "properties": {"FID": 317, "Shape_Leng": 6000000, "Grid": "N-18", "Shape__Area": 2250000000000, "Shape__Length": 6000000}}, {"type": "Feature", "id": 318, "geometry": {"type": "Polygon", "coordinates": [[[33.0316498826653, -79.1237548350744], [26.9494585235856, -79.1237548350744], [26.9494585235856, -77.9912542689771], [26.9494585235856, -76.2647777185781], [31.7479271798246, -76.2647777185781], [32.1459030112292, -76.2647777185781], [40.4241877853785, -76.2647777185781], [40.4241877853785, -77.1050885310867], [40.4241877853785, -79.1237548350744], [39.4061877020826, -79.1237548350744], [36.7578548539969, -79.1237548350744], [33.0316498826653, -79.1237548350744]]]}, "properties": {"FID": 318, "Shape_Leng": 6000000, "Grid": "N-19", "Shape__Area": 2250000000000, "Shape__Length": 6000000}}, {"type": "Feature", "id": 319, "geometry": {"type": "Polygon", "coordinates": [[[29.1148912621135, -81.3934028410464], [26.9494585235856, -81.3934028410464], [26.9494585235856, -81.1602190173959], [26.9494585235856, -81.1602166882171], [26.9494585235856, -80.7275415412019], [26.9494585235856, -79.5813262885339], [26.9494585235856, -79.1237548350744], [33.0316498826653, -79.1237548350744], [36.7578548539969, -79.1237548350744], [39.4061877020826, -79.1237548350744], [40.4241877853785, -79.1237548350744], [40.4241877853785, -79.7671983870377], [40.4241877853785, -79.7672029803446], [40.4241877853785, -79.7672031542912], [40.4241877853785, -80.7914593543559], [40.4241877853785, -81.3934028410464], [29.1148912621135, -81.3934028410464]]]}, "properties": {"FID": 319, "Shape_Leng": 6000000, "Grid": "N-20", "Shape__Area": 2250000000000, "Shape__Length": 6000000}}, {"type": "Feature", "id": 320, "geometry": {"type": "Polygon", "coordinates": [[[40.4241877853785, -83.1922884414757], [26.9494585235856, -83.1922884414757], [26.9494585235856, -81.4856252884267], [26.9494585235856, -81.3934028410464], [29.1148912621135, -81.3934028410464], [40.4241877853785, -81.3934028410464], [40.4241877853785, -83.1922884414757]]]}, "properties": {"FID": 320, "Shape_Leng": 6000000, "Grid": "N-21", "Shape__Area": 2250000000000, "Shape__Length": 6000000}}, {"type": "Feature", "id": 321, "geometry": {"type": "Polygon", "coordinates": [[[40.4241877853785, -84.6166061457018], [26.9494585235856, -84.6166061457018], [26.9494585235856, -84.5210971807976], [26.9494585235856, -83.1922884414757], [40.4241877853785, -83.1922884414757], [40.4241877853785, -84.3629174990636], [40.4241877853785, -84.6166061457018]]]}, "properties": {"FID": 321, "Shape_Leng": 6000000, "Grid": "N-22", "Shape__Area": 2250000000000, "Shape__Length": 6000000}}, {"type": "Feature", "id": 322, "geometry": {"type": "Polygon", "coordinates": [[[26.9494585235856, -84.6166061457018], [40.4241877853785, -84.6166061457018], [40.4241877853785, -85.7436302342552], [26.9494585235856, -85.7436302342552], [26.9494585235856, -84.6166061457018]]]}, "properties": {"FID": 322, "Shape_Leng": 6000000, "Grid": "N-23", "Shape__Area": 2250000000000, "Shape__Length": 6000000}}, {"type": "Feature", "id": 323, "geometry": {"type": "Polygon", "coordinates": [[[53.8989170471713, 72.6726762942099], [40.4241877853785, 72.6726762942099], [40.4241877853785, 73.2281322746191], [40.4241877853785, 74.1906762428505], [40.4241877853785, 76.2647777185781], [53.8989170471713, 76.2647777185781], [53.8989170471713, 73.5840016556673], [53.8989170471713, 72.7034290383114], [53.8989170471713, 72.6726762942099]]]}, "properties": {"FID": 323, "Shape_Leng": 6000000, "Grid": "O-1", "Shape__Area": 2250000000000, "Shape__Length": 6000000}}, {"type": "Feature", "id": 324, "geometry": {"type": "Polygon", "coordinates": [[[40.4241877853785, 72.6726762942099], [53.8989170471713, 72.6726762942099], [53.8989170471713, 68.1776762364547], [40.4241877853785, 68.1776762364547], [40.4241877853785, 72.6726762942099]]]}, "properties": {"FID": 324, "Shape_Leng": 6000000, "Grid": "O-2", "Shape__Area": 2250000000000, "Shape__Length": 6000000}}, {"type": "Feature", "id": 325, "geometry": {"type": "Polygon", "coordinates": [[[47.6991136059063, 62.5882773287332], [40.4241877853785, 62.5882773287332], [40.4241877853785, 64.6608319894002], [40.4241877853785, 64.6608323577101], [40.4241877853785, 64.6608371576579], [40.4241877853785, 68.1776762364547], [53.8989170471713, 68.1776762364547], [53.8989170471713, 65.6525733806569], [53.8989170471713, 65.6525688279782], [53.8989170471713, 65.6525687453908], [53.8989170471713, 62.5882773287332], [50.6387041984261, 62.5882773287332], [47.6991136059063, 62.5882773287332]]]}, "properties": {"FID": 325, "Shape_Leng": 6000000, "Grid": "O-3", "Shape__Area": 2250000000000, "Shape__Length": 6000000}}, {"type": "Feature", "id": 326, "geometry": {"type": "Polygon", "coordinates": [[[41.829875588879, 55.7054441737093], [40.4241877853785, 55.7054441737093], [40.4241877853785, 59.7370359826802], [40.4241877853785, 62.5882773287332], [47.6991136059063, 62.5882773287332], [50.6387041984261, 62.5882773287332], [53.8989170471713, 62.5882773287332], [53.8989170471713, 61.8467813563029], [53.8989170471713, 56.8061611400377], [53.8989170471713, 55.7054441737093], [51.3422281809912, 55.7054441737093], [47.8934959386479, 55.7054441737093], [41.8298767135698, 55.7054441737093], [41.829875588879, 55.7054441737093]]]}, "properties": {"FID": 326, "Shape_Leng": 6000000, "Grid": "O-4", "Shape__Area": 2250000000000, "Shape__Length": 6000000}}, {"type": "Feature", "id": 327, "geometry": {"type": "Polygon", "coordinates": [[[42.0123287357203, 47.3537047024331], [40.4241877853785, 47.3537047024331], [40.4241877853785, 47.5965615167917], [40.4241877853785, 48.5883035555992], [40.4241877853785, 49.7690931722647], [40.4241877853785, 54.98850464967], [40.4241877853785, 54.9885051429079], [40.4241877853785, 55.7054441737093], [41.829875588879, 55.7054441737093], [41.8298767135698, 55.7054441737093], [47.8934959386479, 55.7054441737093], [51.3422281809912, 55.7054441737093], [53.8989170471713, 55.7054441737093], [53.8989170471713, 51.8899627841866], [53.8989170471713, 50.0225124177722], [53.8989170471713, 49.4545684221592], [53.8989170471713, 48.6346382399697], [53.8989170471713, 47.8962417901973], [53.8989170471713, 47.3537047024331], [52.8885149163452, 47.3537047024331], [50.8382827739449, 47.3537047024331], [47.2763831436606, 47.3537047024331], [44.007721855264, 47.3537047024331], [42.0123287357203, 47.3537047024331]]]}, "properties": {"FID": 327, "Shape_Leng": 6000000, "Grid": "O-5", "Shape__Area": 2250000000000, "Shape__Length": 6000000}}, {"type": "Feature", "id": 328, "geometry": {"type": "Polygon", "coordinates": [[[45.2538130393999, 37.4356072027454], [40.4241877853785, 37.4356072027454], [40.4241877853785, 37.7441139753357], [40.4241877853785, 39.2853031281433], [40.4241877853785, 40.1463772013032], [40.4241877853785, 40.6052715941291], [40.4241877853785, 47.0040811945408], [40.4241877853785, 47.3537047024331], [42.0123287357203, 47.3537047024331], [44.007721855264, 47.3537047024331], [47.2763831436606, 47.3537047024331], [50.8382827739449, 47.3537047024331], [52.8885149163452, 47.3537047024331], [53.8989170471713, 47.3537047024331], [53.8989170471713, 46.9987244837539], [53.8989170471713, 44.3797646538788], [53.8989170471713, 43.221293124604], [53.8989170471713, 41.1984892603776], [53.8989170471713, 37.7780379824785], [53.8989170471713, 37.4356072027454], [50.7610606734957, 37.4356072027454], [45.2538130393999, 37.4356072027454]]]}, "properties": {"FID": 328, "Shape_Leng": 6000000, "Grid": "O-6", "Shape__Area": 2250000000000, "Shape__Length": 6000000}}, {"type": "Feature", "id": 329, "geometry": {"type": "Polygon", "coordinates": [[[53.8989170471713, 26.0074202319812], [47.074661165416, 26.0074202311739], [42.5194040133536, 26.0074202319812], [42.519403362075, 26.0074202319812], [40.4241877853785, 26.0074202319812], [40.4241877853785, 27.9038089831326], [40.4241877853785, 27.9038106470888], [40.4241877853785, 29.7282166714141], [40.4241877853785, 29.7282176777246], [40.4241877853785, 30.791625209147], [40.4241877853785, 30.791626095812], [40.4241877853785, 30.7916371293495], [40.4241877853785, 35.695746277251], [40.4241877853785, 37.4356072027454], [45.2538130393999, 37.4356072027454], [50.7610606734957, 37.4356072027454], [53.8989170471713, 37.4356072027454], [53.8989170471713, 36.2991815515435], [53.8989170471713, 32.9564555814527], [53.8989170471713, 32.9564434594481], [53.8989170471713, 32.9564433735192], [53.8989170471713, 28.8044784859581], [53.8989170471713, 26.0074202319812]]]}, "properties": {"FID": 329, "Shape_Leng": 6000000, "Grid": "O-7", "Shape__Area": 2250000000063.34, "Shape__Length": 6000000}}, {"type": "Feature", "id": 330, "geometry": {"type": "Polygon", "coordinates": [[[53.8989170471713, 26.0074202319812], [53.8989170471713, 25.2090730666749], [53.8989170471713, 20.5499829823633], [53.8989170471713, 17.8112013386281], [53.8989170471713, 17.2112410829421], [53.8989170471713, 17.2112387738246], [53.8989170471713, 15.1009020102746], [53.8989170471713, 14.2826164094638], [53.8989170471713, 13.3522076267078], [50.6617885063195, 13.3522076267078], [50.6617880643483, 13.3522076267078], [47.8549725087486, 13.3522076267078], [40.4241877853785, 13.3522076267078], [40.4241877853785, 15.6934797282605], [40.4241877853785, 22.5971368904262], [40.4241877853785, 26.0074202319812], [42.519403362075, 26.0074202319812], [42.5194040133536, 26.0074202319812], [47.074661165416, 26.0074202311739], [53.8989170471713, 26.0074202319812]]]}, "properties": {"FID": 330, "Shape_Leng": 6000000, "Grid": "O-8", "Shape__Area": 2249999999936.66, "Shape__Length": 6000000}}, {"type": "Feature", "id": 331, "geometry": {"type": "Polygon", "coordinates": [[[44.6468148217609, 0], [40.4241877853785, 0], [40.4241877853785, 13.3522076267078], [47.8549725087486, 13.3522076267078], [50.6617880643483, 13.3522076267078], [50.6617885063195, 13.3522076267078], [53.8989170471713, 13.3522076267078], [53.8989170471713, 11.9921483418359], [53.8989170471713, 7.68659725608059], [53.8989170471713, 6.41378367754288], [53.8989170471713, 4.36762391156384], [53.8989170471713, 4.0350544806031], [53.8989170471713, 4.03504577868737], [53.8989170471713, 0], [50.0213762865727, 0], [44.6468148217609, 0]]]}, "properties": {"FID": 331, "Shape_Leng": 6000000, "Grid": "O-9", "Shape__Area": 2250000000000, "Shape__Length": 6000000}}, {"type": "Feature", "id": 332, "geometry": {"type": "Polygon", "coordinates": [[[48.0748004330916, -13.3522076267078], [40.4241877853785, -13.3522076267078], [40.4241877853785, -12.1923264405769], [40.4241877853785, 0], [44.6468148217609, 0], [50.0213762865727, 0], [53.8989170471713, 0], [53.8989170471713, -1.08525300877865], [53.8989170471713, -1.08525583257526], [53.8989170471713, -2.14163799239132], [53.8989170471713, -3.57029794662948], [53.8989170471713, -9.7076916813557], [53.8989170471713, -9.97383872253638], [53.8989170471713, -13.3522076267078], [51.5264834066829, -13.3522076267078], [48.0748008777576, -13.3522076267078], [48.0748004330916, -13.3522076267078]]]}, "properties": {"FID": 332, "Shape_Leng": 6000000, "Grid": "O-10", "Shape__Area": 2250000000000.001, "Shape__Length": 6000000}}, {"type": "Feature", "id": 333, "geometry": {"type": "Polygon", "coordinates": [[[41.8120874370838, -26.0074202319812], [40.4241877853785, -26.0074202319812], [40.4241877853785, -13.3522076267078], [48.0748004330916, -13.3522076267078], [48.0748008777576, -13.3522076267078], [51.5264834066829, -13.3522076267078], [53.8989170471713, -13.3522076267078], [53.8989170471713, -14.1173420357662], [53.8989170471713, -15.8488124031028], [53.8989170471713, -20.1180429678007], [53.8989170471713, -23.6246737906035], [53.8989170471713, -26.0074202319812], [52.9922694737699, -26.0074202319812], [50.7276820730949, -26.0074202319812], [50.1513969406096, -26.0074202319812], [48.7358867925025, -26.0074202319812], [45.2583251881388, -26.0074202319812], [43.3956610731451, -26.0074202319812], [41.8120877479009, -26.0074202319812], [41.8120874370838, -26.0074202319812]]]}, "properties": {"FID": 333, "Shape_Leng": 6000000, "Grid": "O-11", "Shape__Area": 2250000000000.001, "Shape__Length": 6000000}}, {"type": "Feature", "id": 334, "geometry": {"type": "Polygon", "coordinates": [[[43.4059467049949, -37.4356072027454], [40.4241877853785, -37.4356072027454], [40.4241877853785, -35.8163439301961], [40.4241877853785, -29.9500687316931], [40.4241877853785, -29.2031469617938], [40.4241877853785, -29.2031461298264], [40.4241877853785, -27.9890594054959], [40.4241877853785, -26.0074202319812], [41.8120874370838, -26.0074202319812], [41.8120877479009, -26.0074202319812], [43.3956610731451, -26.0074202319812], [45.2583251881388, -26.0074202319812], [48.7358867925025, -26.0074202319812], [50.1513969406096, -26.0074202319812], [50.7276820730949, -26.0074202319812], [52.9922694737699, -26.0074202319812], [53.8989170471713, -26.0074202319812], [53.8989170471713, -28.4313741857337], [53.8989170471713, -28.8352276908492], [53.8989170471713, -33.1960564939815], [53.8989170471713, -37.4356072027454], [52.2601853776313, -37.4356072027454], [50.6914567340167, -37.4356072027454], [47.5074543794046, -37.4356072027454], [43.4059467049949, -37.4356072027454]]]}, "properties": {"FID": 334, "Shape_Leng": 6000000, "Grid": "O-12", "Shape__Area": 2250000000000, "Shape__Length": 6000000}}, {"type": "Feature", "id": 335, "geometry": {"type": "Polygon", "coordinates": [[[40.8503990360938, -47.3537047024331], [40.4241877853785, -47.3537047024331], [40.4241877853785, -46.7162156251525], [40.4241877853785, -46.2004149825556], [40.4241877853785, -45.9069140073257], [40.4241877853785, -40.4269992119072], [40.4241877853785, -37.4356072027454], [43.4059467049949, -37.4356072027454], [47.5074543794046, -37.4356072027454], [50.6914567340167, -37.4356072027454], [52.2601853776313, -37.4356072027454], [53.8989170471713, -37.4356072027454], [53.8989170471713, -38.1964390426524], [53.8989170471713, -39.4707368468356], [53.8989170471713, -42.5392730109357], [53.8989170471713, -42.5392732200934], [53.8989170471713, -47.3537047024331], [48.4524965400391, -47.3537047024331], [44.8118632878388, -47.3537047024331], [41.6206665237455, -47.3537047024331], [40.8503990360938, -47.3537047024331]]]}, "properties": {"FID": 335, "Shape_Leng": 6000000, "Grid": "O-13", "Shape__Area": 2250000000000, "Shape__Length": 6000000}}, {"type": "Feature", "id": 336, "geometry": {"type": "Polygon", "coordinates": [[[44.5262561432728, -55.7054441737093], [40.4241877853785, -55.7054441737093], [40.4241877853785, -55.3377206468632], [40.4241877853785, -52.7077236239427], [40.4241877853785, -50.0472194351412], [40.4241877853785, -47.9907881104506], [40.4241877853785, -47.3537047024331], [40.8503990360938, -47.3537047024331], [41.6206665237455, -47.3537047024331], [44.8118632878388, -47.3537047024331], [48.4524965400391, -47.3537047024331], [53.8989170471713, -47.3537047024331], [53.8989170471713, -47.6293302989798], [53.8989170471713, -48.2599524653562], [53.8989170471713, -50.7975949119709], [53.8989170471713, -53.3104938707676], [53.8989170471713, -53.3104939625474], [53.8989170471713, -53.9814649272689], [53.8989170471713, -55.1091275226216], [53.8989170471713, -55.7054441737093], [52.1165155918101, -55.7054441737093], [52.1165149764641, -55.7054441737093], [50.304167620558, -55.7054441737093], [47.1545726385696, -55.7054441737093], [45.4455576750239, -55.7054441737093], [44.5262561432728, -55.7054441737093]]]}, "properties": {"FID": 336, "Shape_Leng": 6000000, "Grid": "O-14", "Shape__Area": 2250000000000, "Shape__Length": 6000000}}, {"type": "Feature", "id": 337, "geometry": {"type": "Polygon", "coordinates": [[[41.6933308904468, -62.5882773287332], [40.4241877853785, -62.5882773287332], [40.4241877853785, -61.7236441248179], [40.4241877853785, -61.7236440384304], [40.4241877853785, -61.1671059891113], [40.4241877853785, -57.1431828825007], [40.4241877853785, -55.7054441737093], [44.5262561432728, -55.7054441737093], [45.4455576750239, -55.7054441737093], [47.1545726385696, -55.7054441737093], [50.304167620558, -55.7054441737093], [52.1165149764641, -55.7054441737093], [52.1165155918101, -55.7054441737093], [53.8989170471713, -55.7054441737093], [53.8989170471713, -56.8319223621575], [53.8989170471713, -57.5219542251646], [53.8989170471713, -60.3401700591887], [53.8989170471713, -62.5882773287332], [52.6146430841733, -62.5882773287332], [52.0914146846815, -62.5882773287332], [41.6933308904468, -62.5882773287332]]]}, "properties": {"FID": 337, "Shape_Leng": 6000000, "Grid": "O-15", "Shape__Area": 2250000000000, "Shape__Length": 6000000}}, {"type": "Feature", "id": 338, "geometry": {"type": "Polygon", "coordinates": [[[45.1523051613143, -68.1776762364548], [40.4241877853785, -68.1776762364548], [40.4241877853785, -67.4822992745723], [40.4241877853785, -63.1272935159283], [40.4241877853785, -62.5882773287332], [41.6933308904468, -62.5882773287332], [52.0914146846815, -62.5882773287332], [52.6146430841733, -62.5882773287332], [53.8989170471713, -62.5882773287332], [53.8989170471713, -64.1413816964205], [53.8989170471713, -66.0082370993877], [53.8989170471713, -68.1494361821418], [53.8989170471713, -68.1776762364548], [48.6259631339158, -68.1776762364548], [48.411264515285, -68.1776762364548], [47.8377998259922, -68.1776762364548], [46.9224992324131, -68.1776762364548], [46.2476616009735, -68.1776762364548], [45.1523051613143, -68.1776762364548]]]}, "properties": {"FID": 338, "Shape_Leng": 6000000, "Grid": "O-16", "Shape__Area": 2250000000000, "Shape__Length": 6000000}}, {"type": "Feature", "id": 339, "geometry": {"type": "Polygon", "coordinates": [[[45.1235624382098, -72.6726762942099], [40.4241877853785, -72.6726762942099], [40.4241877853785, -72.3519363134903], [40.4241877853785, -69.9604058270217], [40.4241877853785, -69.9604023849202], [40.4241877853785, -69.5928164495643], [40.4241877853785, -69.2888404128603], [40.4241877853785, -68.1776762364548], [45.1523051613143, -68.1776762364548], [46.2476616009735, -68.1776762364548], [46.9224992324131, -68.1776762364548], [47.8377998259922, -68.1776762364548], [48.411264515285, -68.1776762364548], [48.6259631339158, -68.1776762364548], [53.8989170471713, -68.1776762364548], [53.8989170471713, -68.5232990987742], [53.8989170471713, -69.6657099190882], [53.8989170471713, -69.6657153700564], [53.8989170471713, -69.6657156019925], [53.8989170471713, -72.5313387505832], [53.8989170471713, -72.6726762942099], [48.3775363884921, -72.6726762942099], [45.1235624382098, -72.6726762942099]]]}, "properties": {"FID": 339, "Shape_Leng": 6000000, "Grid": "O-17", "Shape__Area": 2250000000000, "Shape__Length": 6000000}}, {"type": "Feature", "id": 340, "geometry": {"type": "Polygon", "coordinates": [[[44.0157149775255, -76.2647777185781], [40.4241877853785, -76.2647777185781], [40.4241877853785, -74.3827014429923], [40.4241877853785, -72.6726762942099], [45.1235624382098, -72.6726762942099], [48.3775363884921, -72.6726762942099], [53.8989170471713, -72.6726762942099], [53.8989170471713, -72.9536145539022], [53.8989170471713, -73.4248399613906], [53.8989170471713, -74.3150867225898], [53.8989170471713, -76.0868283405256], [53.8989170471713, -76.2647777185781], [52.4675413458945, -76.2647777185781], [47.8842851778665, -76.2647777185781], [44.0157149775255, -76.2647777185781]]]}, "properties": {"FID": 340, "Shape_Leng": 6000000, "Grid": "O-18", "Shape__Area": 2250000000000, "Shape__Length": 6000000}}, {"type": "Feature", "id": 341, "geometry": {"type": "Polygon", "coordinates": [[[42.6706806602373, -79.1237548350744], [40.4241877853785, -79.1237548350744], [40.4241877853785, -77.1050885310867], [40.4241877853785, -76.2647777185781], [44.0157149775255, -76.2647777185781], [47.8842851778665, -76.2647777185781], [52.4675413458945, -76.2647777185781], [53.8989170471713, -76.2647777185781], [53.8989170471713, -76.6395989112818], [53.8989170471713, -77.036689286414], [53.8989170471713, -78.366372009339], [53.8989170471713, -78.3663741981477], [53.8989170471713, -78.3663742338338], [53.8989170471713, -79.1237548350744], [42.6707003620881, -79.1237548350744], [42.6707001752385, -79.1237548350744], [42.6706806602373, -79.1237548350744]]]}, "properties": {"FID": 341, "Shape_Leng": 6000000, "Grid": "O-19", "Shape__Area": 2250000000000, "Shape__Length": 6000000}}, {"type": "Feature", "id": 342, "geometry": {"type": "Polygon", "coordinates": [[[53.8989170471713, -81.3934028410464], [40.4241877853785, -81.3934028410464], [40.4241877853785, -80.7914593543559], [40.4241877853785, -79.7672031542912], [40.4241877853785, -79.7672029803446], [40.4241877853785, -79.7671983870377], [40.4241877853785, -79.1237548350744], [42.6706806602373, -79.1237548350744], [42.6707001752385, -79.1237548350744], [42.6707003620881, -79.1237548350744], [53.8989170471713, -79.1237548350744], [53.8989170471713, -79.7461881856451], [53.8989170471713, -81.3934028410464]]]}, "properties": {"FID": 342, "Shape_Leng": 6000000, "Grid": "O-20", "Shape__Area": 2250000000000, "Shape__Length": 6000000}}, {"type": "Feature", "id": 343, "geometry": {"type": "Polygon", "coordinates": [[[40.4241877853785, -81.3934028410464], [53.8989170471713, -81.3934028410464], [53.8989170471713, -83.1922884414757], [40.4241877853785, -83.1922884414757], [40.4241877853785, -81.3934028410464]]]}, "properties": {"FID": 343, "Shape_Leng": 6000000, "Grid": "O-21", "Shape__Area": 2250000000000, "Shape__Length": 6000000}}, {"type": "Feature", "id": 344, "geometry": {"type": "Polygon", "coordinates": [[[53.8989170471713, -84.6166061457018], [40.4241877853785, -84.6166061457018], [40.4241877853785, -84.3629174990636], [40.4241877853785, -83.1922884414757], [53.8989170471713, -83.1922884414757], [53.8989170471713, -84.0467230368618], [53.8989170471713, -84.6166061457018]]]}, "properties": {"FID": 344, "Shape_Leng": 6000000, "Grid": "O-22", "Shape__Area": 2250000000000, "Shape__Length": 6000000}}, {"type": "Feature", "id": 345, "geometry": {"type": "Polygon", "coordinates": [[[40.4241877853785, -84.6166061457018], [53.8989170471713, -84.6166061457018], [53.8989170471713, -85.7436302342552], [40.4241877853785, -85.7436302342552], [40.4241877853785, -84.6166061457018]]]}, "properties": {"FID": 345, "Shape_Leng": 6000000, "Grid": "O-23", "Shape__Area": 2250000000000, "Shape__Length": 6000000}}, {"type": "Feature", "id": 346, "geometry": {"type": "Polygon", "coordinates": [[[54.5089229609255, 72.6726762942099], [53.8989170471713, 72.6726762942099], [53.8989170471713, 72.7034290383114], [53.8989170471713, 73.5840016556673], [53.8989170471713, 76.2647777185781], [67.3736463089641, 76.2647777185781], [67.3736463089641, 72.8008594943513], [67.3736463089641, 72.6726762942099], [54.5089229609255, 72.6726762942099]]]}, "properties": {"FID": 346, "Shape_Leng": 6000000, "Grid": "P-1", "Shape__Area": 2250000000000, "Shape__Length": 6000000}}, {"type": "Feature", "id": 347, "geometry": {"type": "Polygon", "coordinates": [[[67.3736463089641, 68.1776762364547], [53.8989170471713, 68.1776762364547], [53.8989170471713, 72.6726762942099], [54.5089229609255, 72.6726762942099], [67.3736463089641, 72.6726762942099], [67.3736463089641, 71.8717572069544], [67.3736463089641, 68.1776762364547]]]}, "properties": {"FID": 347, "Shape_Leng": 6000000, "Grid": "P-2", "Shape__Area": 2250000000000, "Shape__Length": 6000000}}, {"type": "Feature", "id": 348, "geometry": {"type": "Polygon", "coordinates": [[[67.3736463089641, 62.5882773287332], [53.8989170471713, 62.5882773287332], [53.8989170471713, 65.6525687453908], [53.8989170471713, 65.6525688279782], [53.8989170471713, 65.6525733806569], [53.8989170471713, 68.1776762364547], [67.3736463089641, 68.1776762364547], [67.3736463089641, 65.4300870270709], [67.3736463089641, 65.4300830180542], [67.3736463089641, 65.4300825518981], [67.3736463089641, 62.5882773287332]]]}, "properties": {"FID": 348, "Shape_Leng": 6000000, "Grid": "P-3", "Shape__Area": 2250000000000, "Shape__Length": 6000000}}, {"type": "Feature", "id": 349, "geometry": {"type": "Polygon", "coordinates": [[[56.5496940368719, 55.7054441737093], [53.8989170471713, 55.7054441737093], [53.8989170471713, 56.8061611400377], [53.8989170471713, 61.8467813563029], [53.8989170471713, 62.5882773287332], [67.3736463089641, 62.5882773287332], [67.3736463089641, 61.9961686968907], [67.3736463089641, 60.2370924763787], [67.3736463089641, 58.0286579713309], [67.3736463089641, 56.9897356853674], [67.3736463089641, 55.9207957334226], [67.3736463089641, 55.7054441737093], [64.2181815112288, 55.7054441737093], [60.5619883675157, 55.7054441737093], [59.3334502182174, 55.7054441737093], [56.5496940368719, 55.7054441737093]]]}, "properties": {"FID": 349, "Shape_Leng": 6000000, "Grid": "P-4", "Shape__Area": 2250000000000, "Shape__Length": 6000000}}, {"type": "Feature", "id": 350, "geometry": {"type": "Polygon", "coordinates": [[[54.0670718937898, 47.3537047024331], [53.8989170471713, 47.3537047024331], [53.8989170471713, 47.8962417901973], [53.8989170471713, 48.6346382399697], [53.8989170471713, 49.4545684221592], [53.8989170471713, 50.0225124177722], [53.8989170471713, 51.8899627841866], [53.8989170471713, 55.7054441737093], [56.5496940368719, 55.7054441737093], [59.3334502182174, 55.7054441737093], [60.5619883675157, 55.7054441737093], [64.2181815112288, 55.7054441737093], [67.3736463089641, 55.7054441737093], [67.3736463089641, 52.7040945123828], [67.3736463089641, 51.4404541874444], [67.3736463089641, 49.4324957077438], [67.3736463089641, 47.3537047024331], [65.6740335308985, 47.3537047024331], [65.6572978955958, 47.3537047024331], [61.7719792329081, 47.3537047024331], [60.4324247430576, 47.3537047024331], [59.3349493986287, 47.3537047024331], [57.1192119510145, 47.3537047024331], [54.0670718937898, 47.3537047024331]]]}, "properties": {"FID": 350, "Shape_Leng": 6000000, "Grid": "P-5", "Shape__Area": 2250000000000, "Shape__Length": 6000000}}, {"type": "Feature", "id": 351, "geometry": {"type": "Polygon", "coordinates": [[[55.6025962694577, 37.4356072027454], [53.8989170471713, 37.4356072027454], [53.8989170471713, 37.7780379824785], [53.8989170471713, 41.1984892603776], [53.8989170471713, 43.221293124604], [53.8989170471713, 44.3797646538788], [53.8989170471713, 46.9987244837539], [53.8989170471713, 47.3537047024331], [54.0670718937898, 47.3537047024331], [57.1192119510145, 47.3537047024331], [59.3349493986287, 47.3537047024331], [60.4324247430576, 47.3537047024331], [61.7719792329081, 47.3537047024331], [65.6572978955958, 47.3537047024331], [65.6740335308985, 47.3537047024331], [67.3736463089641, 47.3537047024331], [67.3736463089641, 45.786715750622], [67.3736463089641, 44.1807430169871], [67.3736463089641, 43.9195601438277], [67.3736463089641, 42.6788099176008], [67.3736463089641, 41.3686202266135], [67.3736463089641, 40.8385657903249], [67.3736463089641, 37.4356072027454], [64.0148971587875, 37.4356072027454], [57.9989151000512, 37.4356072027454], [55.6025962694577, 37.4356072027454]]]}, "properties": {"FID": 351, "Shape_Leng": 6000000, "Grid": "P-6", "Shape__Area": 2250000000000, "Shape__Length": 6000000}}, {"type": "Feature", "id": 352, "geometry": {"type": "Polygon", "coordinates": [[[54.97733982511, 26.0074202319812], [53.8989170471713, 26.0074202319812], [53.8989170471713, 28.8044784859581], [53.8989170471713, 32.9564433735192], [53.8989170471713, 32.9564434594481], [53.8989170471713, 32.9564555814527], [53.8989170471713, 36.2991815515435], [53.8989170471713, 37.4356072027454], [55.6025962694577, 37.4356072027454], [57.9989151000512, 37.4356072027454], [64.0148971587875, 37.4356072027454], [67.3736463089641, 37.4356072027454], [67.3736463089641, 35.9402826806427], [67.3736463089641, 34.3564274019273], [67.3736463089641, 34.3564162631275], [67.3736463089641, 34.356416195642], [67.3736463089641, 32.1209924315545], [67.3736463089641, 28.8568936402827], [67.3736463089641, 26.0074202319812], [61.6073815099987, 26.0074202319812], [54.97733982511, 26.0074202319812]]]}, "properties": {"FID": 352, "Shape_Leng": 6000000, "Grid": "P-7", "Shape__Area": 2250000000000, "Shape__Length": 6000000}}, {"type": "Feature", "id": 353, "geometry": {"type": "Polygon", "coordinates": [[[55.8252938161617, 13.3522076267078], [53.8989170471713, 13.3522076267078], [53.8989170471713, 14.2826164094638], [53.8989170471713, 15.1009020102746], [53.8989170471713, 17.2112387738246], [53.8989170471713, 17.2112410829421], [53.8989170471713, 17.8112013386281], [53.8989170471713, 20.5499829823633], [53.8989170471713, 25.2090730666749], [53.8989170471713, 26.0074202319812], [54.97733982511, 26.0074202319812], [61.6073815099987, 26.0074202319812], [67.3736463089641, 26.0074202319812], [67.3736463089641, 22.1567646817976], [67.3736463089641, 21.8138719037069], [67.3736463089641, 19.8643094435236], [67.3736463089641, 18.9937187386384], [67.3736463089641, 18.6107447544424], [67.3736463089641, 13.3522076267078], [63.896980878301, 13.3522076267078], [61.2949449200346, 13.3522076267078], [55.8252940578085, 13.3522076267078], [55.8252938161617, 13.3522076267078]]]}, "properties": {"FID": 353, "Shape_Leng": 6000000, "Grid": "P-8", "Shape__Area": 2250000000000, "Shape__Length": 6000000}}, {"type": "Feature", "id": 354, "geometry": {"type": "Polygon", "coordinates": [[[53.9955817635055, 0], [53.8989170471713, 0], [53.8989170471713, 4.03504577868737], [53.8989170471713, 4.0350544806031], [53.8989170471713, 4.36762391156384], [53.8989170471713, 6.41378367754288], [53.8989170471713, 7.68659725608059], [53.8989170471713, 11.9921483418359], [53.8989170471713, 13.3522076267078], [55.8252938161617, 13.3522076267078], [55.8252940578085, 13.3522076267078], [61.2949449200346, 13.3522076267078], [63.896980878301, 13.3522076267078], [67.3736463089641, 13.3522076267078], [67.3736463089641, 8.99965131235487], [67.3736463089641, 6.03399210268701], [67.3736463089641, 1.93274688148964], [67.3736463089641, 1.16374956182609], [67.3736463089641, 0], [66.4230513264869, 0], [64.0281790862331, 0], [61.9450784661393, 0], [61.7515140422774, 0], [59.9940929904392, 0], [59.9940922358544, 0], [57.3471533700704, 0], [56.7337067650476, 0], [53.9955819862877, 0], [53.9955817635055, 0]]]}, "properties": {"FID": 354, "Shape_Leng": 6000000, "Grid": "P-9", "Shape__Area": 2250000000000, "Shape__Length": 6000000}}, {"type": "Feature", "id": 355, "geometry": {"type": "Polygon", "coordinates": [[[55.2083029396264, -13.3522076267078], [53.8989170471713, -13.3522076267078], [53.8989170471713, -9.97383872253638], [53.8989170471713, -9.7076916813557], [53.8989170471713, -3.57029794662948], [53.8989170471713, -2.14163799239132], [53.8989170471713, -1.08525583257526], [53.8989170471713, -1.08525300877865], [53.8989170471713, 0], [53.9955817635055, 0], [53.9955819862877, 0], [56.7337067650476, 0], [57.3471533700704, 0], [59.9940922358544, 0], [59.9940929904392, 0], [61.7515140422774, 0], [61.9450784661393, 0], [64.0281790862331, 0], [66.4230513264869, 0], [67.3736463089641, 0], [67.3736463089641, -1.04109400819891], [67.3736463089641, -2.67502639398153], [67.3736463089641, -3.3620602419667], [67.3736463089641, -4.93074433730763], [67.3736463089641, -5.40568500074281], [67.3736463089641, -6.85677372891557], [67.3736463089641, -12.7729532627443], [67.3736463089641, -13.3522076267078], [64.2308766034352, -13.3522076267078], [64.2308765198919, -13.3522076267078], [62.7993734357112, -13.3522076267078], [58.65117786628, -13.3522076267078], [56.1226579117401, -13.3522076267078], [55.2083029396264, -13.3522076267078]]]}, "properties": {"FID": 355, "Shape_Leng": 6000000, "Grid": "P-10", "Shape__Area": 2250000000000.0005, "Shape__Length": 6000000}}, {"type": "Feature", "id": 356, "geometry": {"type": "Polygon", "coordinates": [[[61.2382296615025, -26.0074202319812], [53.8989170471713, -26.0074202319812], [53.8989170471713, -23.6246737906035], [53.8989170471713, -20.1180429678007], [53.8989170471713, -15.8488124031028], [53.8989170471713, -14.1173420357662], [53.8989170471713, -13.3522076267078], [55.2083029396264, -13.3522076267078], [56.1226579117401, -13.3522076267078], [58.65117786628, -13.3522076267078], [62.7993734357112, -13.3522076267078], [64.2308765198919, -13.3522076267078], [64.2308766034352, -13.3522076267078], [67.3736463089641, -13.3522076267078], [67.3736463089641, -18.4955321040614], [67.3736463089641, -25.3433519058005], [67.3736463089641, -25.343353084622], [67.3736463089641, -25.9736740271501], [67.3736463089641, -26.0074202319812], [67.1508107145572, -26.0074202319812], [61.2382296615025, -26.0074202319812]]]}, "properties": {"FID": 356, "Shape_Leng": 6000000, "Grid": "P-11", "Shape__Area": 2250000000000, "Shape__Length": 6000000}}, {"type": "Feature", "id": 357, "geometry": {"type": "Polygon", "coordinates": [[[60.9982430876364, -37.4356072027454], [53.8989170471713, -37.4356072027454], [53.8989170471713, -33.1960564939815], [53.8989170471713, -28.8352276908492], [53.8989170471713, -28.4313741857337], [53.8989170471713, -26.0074202319812], [61.2382296615025, -26.0074202319812], [67.1508107145572, -26.0074202319812], [67.3736463089641, -26.0074202319812], [67.3736463089641, -26.6215290989644], [67.3736463089641, -35.7461758484351], [67.3736463089641, -36.1046645057712], [67.3736463089641, -36.104665781704], [67.3736463089641, -37.4356072027454], [67.1991240814408, -37.4356072027454], [67.1991238146412, -37.4356072027454], [60.9982430876364, -37.4356072027454]]]}, "properties": {"FID": 357, "Shape_Leng": 6000000, "Grid": "P-12", "Shape__Area": 2250000000000, "Shape__Length": 6000000}}, {"type": "Feature", "id": 358, "geometry": {"type": "Polygon", "coordinates": [[[55.4942826074558, -47.3537047024331], [53.8989170471713, -47.3537047024331], [53.8989170471713, -42.5392732200934], [53.8989170471713, -42.5392730109357], [53.8989170471713, -39.4707368468356], [53.8989170471713, -38.1964390426524], [53.8989170471713, -37.4356072027454], [60.9982430876364, -37.4356072027454], [67.1991238146412, -37.4356072027454], [67.1991240814408, -37.4356072027454], [67.3736463089641, -37.4356072027454], [67.3736463089641, -41.7665145132203], [67.3736463089641, -44.0008103958278], [67.3736463089641, -46.8532562315953], [67.3736463089641, -47.3537047024331], [65.4506228610978, -47.3537047024331], [62.5512127901392, -47.3537047024331], [62.2171197446629, -47.3537047024331], [62.2171190376888, -47.3537047024331], [55.4942826074558, -47.3537047024331]]]}, "properties": {"FID": 358, "Shape_Leng": 6000000, "Grid": "P-13", "Shape__Area": 2250000000000, "Shape__Length": 6000000}}, {"type": "Feature", "id": 359, "geometry": {"type": "Polygon", "coordinates": [[[54.5613895385066, -55.7054441737093], [53.8989170471713, -55.7054441737093], [53.8989170471713, -55.1091275226216], [53.8989170471713, -53.9814649272689], [53.8989170471713, -53.3104939625474], [53.8989170471713, -53.3104938707676], [53.8989170471713, -50.7975949119709], [53.8989170471713, -48.2599524653562], [53.8989170471713, -47.6293302989798], [53.8989170471713, -47.3537047024331], [55.4942826074558, -47.3537047024331], [62.2171190376888, -47.3537047024331], [62.2171197446629, -47.3537047024331], [62.5512127901392, -47.3537047024331], [65.4506228610978, -47.3537047024331], [67.3736463089641, -47.3537047024331], [67.3736463089641, -51.372500194901], [67.3736463089641, -55.7054441737093], [62.6012149089087, -55.7054441737093], [54.8925102042349, -55.7054441737093], [54.5613895385066, -55.7054441737093]]]}, "properties": {"FID": 359, "Shape_Leng": 6000000, "Grid": "P-14", "Shape__Area": 2250000000000, "Shape__Length": 6000000}}, {"type": "Feature", "id": 360, "geometry": {"type": "Polygon", "coordinates": [[[61.9684073529451, -62.5882773287332], [53.8989170471713, -62.5882773287332], [53.8989170471713, -60.3401700591887], [53.8989170471713, -57.5219542251646], [53.8989170471713, -56.8319223621575], [53.8989170471713, -55.7054441737093], [54.5613895385066, -55.7054441737093], [54.8925102042349, -55.7054441737093], [62.6012149089087, -55.7054441737093], [67.3736463089641, -55.7054441737093], [67.3736463089641, -55.9962097921595], [67.3736463089641, -56.9606312120494], [67.3736463089641, -58.4254274822357], [67.3736463089641, -58.425427641219], [67.3736463089641, -59.6776348713638], [67.3736463089641, -59.6776358899867], [67.3736463089641, -61.6681925019677], [67.3736463089641, -62.5882773287332], [67.3390163733389, -62.5882773287332], [61.9684073529451, -62.5882773287332]]]}, "properties": {"FID": 360, "Shape_Leng": 6000000, "Grid": "P-15", "Shape__Area": 2250000000000, "Shape__Length": 6000000}}, {"type": "Feature", "id": 361, "geometry": {"type": "Polygon", "coordinates": [[[57.7975688260045, -68.1776762364548], [53.8989170471713, -68.1776762364548], [53.8989170471713, -68.1494361821418], [53.8989170471713, -66.0082370993877], [53.8989170471713, -64.1413816964205], [53.8989170471713, -62.5882773287332], [61.9684073529451, -62.5882773287332], [67.3390163733389, -62.5882773287332], [67.3736463089641, -62.5882773287332], [67.3736463089641, -62.6022832294339], [67.3736463089641, -65.7134520587231], [67.3736463089641, -68.0908393528298], [67.3736463089641, -68.0908453253137], [67.3736463089641, -68.0908456524628], [67.3736463089641, -68.1776762364548], [66.6593232965846, -68.1776762364548], [66.6593205369601, -68.1776762364548], [66.659271498827, -68.1776762364548], [57.7975688260045, -68.1776762364548]]]}, "properties": {"FID": 361, "Shape_Leng": 6000000, "Grid": "P-16", "Shape__Area": 2250000000000, "Shape__Length": 6000000}}, {"type": "Feature", "id": 362, "geometry": {"type": "Polygon", "coordinates": [[[54.0748970032455, -72.6726762942099], [53.8989170471713, -72.6726762942099], [53.8989170471713, -72.5313387505832], [53.8989170471713, -69.6657156019925], [53.8989170471713, -69.6657153700564], [53.8989170471713, -69.6657099190882], [53.8989170471713, -68.5232990987742], [53.8989170471713, -68.1776762364548], [57.7975688260045, -68.1776762364548], [66.659271498827, -68.1776762364548], [66.6593205369601, -68.1776762364548], [66.6593232965846, -68.1776762364548], [67.3736463089641, -68.1776762364548], [67.3736463089641, -68.7130663250014], [67.3736463089641, -68.8542861603423], [67.3736463089641, -69.5817934067533], [67.3736463089641, -71.4253329116808], [67.3736463089641, -72.009435271724], [67.3736463089641, -72.6726762942099], [65.084516749674, -72.6726762942099], [61.9029497825945, -72.6726762942099], [58.8790678963117, -72.6726762942099], [57.2222232468647, -72.6726762942099], [54.0748970032455, -72.6726762942099]]]}, "properties": {"FID": 362, "Shape_Leng": 6000000, "Grid": "P-17", "Shape__Area": 2250000000000, "Shape__Length": 6000000}}, {"type": "Feature", "id": 363, "geometry": {"type": "Polygon", "coordinates": [[[54.4876713626371, -76.2647777185781], [53.8989170471713, -76.2647777185781], [53.8989170471713, -76.0868283405256], [53.8989170471713, -74.3150867225898], [53.8989170471713, -73.4248399613906], [53.8989170471713, -72.9536145539022], [53.8989170471713, -72.6726762942099], [54.0748970032455, -72.6726762942099], [57.2222232468647, -72.6726762942099], [58.8790678963117, -72.6726762942099], [61.9029497825945, -72.6726762942099], [65.084516749674, -72.6726762942099], [67.3736463089641, -72.6726762942099], [67.3736463089641, -73.8038178098322], [67.3736463089641, -75.818724435488], [67.3736463089641, -76.2647777185781], [65.6957650397544, -76.2647777185781], [62.6764223630602, -76.2647777185781], [58.4602307962877, -76.2647777185781], [57.7008625284524, -76.2647777185781], [54.4876713626371, -76.2647777185781]]]}, "properties": {"FID": 363, "Shape_Leng": 6000000, "Grid": "P-18", "Shape__Area": 2250000000000, "Shape__Length": 6000000}}, {"type": "Feature", "id": 364, "geometry": {"type": "Polygon", "coordinates": [[[59.9496966366221, -79.1237548350744], [53.8989170471713, -79.1237548350744], [53.8989170471713, -78.3663742338338], [53.8989170471713, -78.3663741981477], [53.8989170471713, -78.366372009339], [53.8989170471713, -77.036689286414], [53.8989170471713, -76.6395989112818], [53.8989170471713, -76.2647777185781], [54.4876713626371, -76.2647777185781], [57.7008625284524, -76.2647777185781], [58.4602307962877, -76.2647777185781], [62.6764223630602, -76.2647777185781], [65.6957650397544, -76.2647777185781], [67.3736463089641, -76.2647777185781], [67.3736463089641, -77.5989350604671], [67.3736463089641, -78.1885222918427], [67.3736463089641, -79.1237548350744], [66.3053710558834, -79.1237548350744], [66.3053438225573, -79.1237548350744], [66.3053408491337, -79.1237548350744], [59.9496966366221, -79.1237548350744]]]}, "properties": {"FID": 364, "Shape_Leng": 6000000, "Grid": "P-19", "Shape__Area": 2250000000000, "Shape__Length": 6000000}}, {"type": "Feature", "id": 365, "geometry": {"type": "Polygon", "coordinates": [[[67.3736463089641, -81.3934028410464], [53.8989170471713, -81.3934028410464], [53.8989170471713, -79.7461881856451], [53.8989170471713, -79.1237548350744], [59.9496966366221, -79.1237548350744], [66.3053408491337, -79.1237548350744], [66.3053438225573, -79.1237548350744], [66.3053710558834, -79.1237548350744], [67.3736463089641, -79.1237548350744], [67.3736463089641, -79.1730896325587], [67.3736463089641, -79.1730914391939], [67.3736463089641, -81.3934028410464]]]}, "properties": {"FID": 365, "Shape_Leng": 6000000, "Grid": "P-20", "Shape__Area": 2250000000000, "Shape__Length": 6000000}}, {"type": "Feature", "id": 366, "geometry": {"type": "Polygon", "coordinates": [[[62.0008315921711, -83.1922884414757], [53.8989170471713, -83.1922884414757], [53.8989170471713, -81.3934028410464], [67.3736463089641, -81.3934028410464], [67.3736463089641, -82.3685899719864], [67.3736463089641, -83.1675822392513], [67.3736463089641, -83.1922884414757], [67.0771847327853, -83.1922884414757], [62.0008315921711, -83.1922884414757]]]}, "properties": {"FID": 366, "Shape_Leng": 6000000, "Grid": "P-21", "Shape__Area": 2250000000000, "Shape__Length": 6000000}}, {"type": "Feature", "id": 367, "geometry": {"type": "Polygon", "coordinates": [[[67.3736463089641, -84.6166061457018], [53.8989170471713, -84.6166061457018], [53.8989170471713, -84.0467230368618], [53.8989170471713, -83.1922884414757], [62.0008315921711, -83.1922884414757], [67.0771847327853, -83.1922884414757], [67.3736463089641, -83.1922884414757], [67.3736463089641, -83.5186685131761], [67.3736463089641, -84.6166061457018]]]}, "properties": {"FID": 367, "Shape_Leng": 6000000, "Grid": "P-22", "Shape__Area": 2250000000000, "Shape__Length": 6000000}}, {"type": "Feature", "id": 368, "geometry": {"type": "Polygon", "coordinates": [[[53.8989170471713, -84.6166061457018], [67.3736463089641, -84.6166061457018], [67.3736463089641, -85.7436302342552], [53.8989170471713, -85.7436302342552], [53.8989170471713, -84.6166061457018]]]}, "properties": {"FID": 368, "Shape_Leng": 6000000, "Grid": "P-23", "Shape__Area": 2250000000000, "Shape__Length": 6000000}}, {"type": "Feature", "id": 369, "geometry": {"type": "Polygon", "coordinates": [[[69.2496307516869, 72.6726762942099], [67.3736463089641, 72.6726762942099], [67.3736463089641, 72.8008594943513], [67.3736463089641, 76.2647777185781], [80.8483755707569, 76.2647777185781], [80.8483755707569, 72.6726762942099], [69.2496307516869, 72.6726762942099]]]}, "properties": {"FID": 369, "Shape_Leng": 6000000, "Grid": "Q-1", "Shape__Area": 2250000000000, "Shape__Length": 6000000}}, {"type": "Feature", "id": 370, "geometry": {"type": "Polygon", "coordinates": [[[80.8483755707569, 68.1776762364547], [67.3736463089641, 68.1776762364547], [67.3736463089641, 71.8717572069544], [67.3736463089641, 72.6726762942099], [69.2496307516869, 72.6726762942099], [80.8483755707569, 72.6726762942099], [80.8483755707569, 71.7377690908185], [80.8483755707569, 70.6789351627019], [80.8483755707569, 68.1776762364547]]]}, "properties": {"FID": 370, "Shape_Leng": 6000000, "Grid": "Q-2", "Shape__Area": 2250000000000, "Shape__Length": 6000000}}, {"type": "Feature", "id": 371, "geometry": {"type": "Polygon", "coordinates": [[[69.5522108179445, 62.5882773287332], [67.3736463089641, 62.5882773287332], [67.3736463089641, 65.4300825518981], [67.3736463089641, 65.4300830180542], [67.3736463089641, 65.4300870270709], [67.3736463089641, 68.1776762364547], [80.8483755707569, 68.1776762364547], [80.8483755707569, 66.7506860327095], [80.8483755707569, 66.7506843395204], [80.8483755707569, 64.1694170366528], [80.8483755707569, 64.1257678359303], [80.8483755707569, 63.5372358165944], [80.8483755707569, 63.283720339892], [80.8483755707569, 62.5882773287332], [74.6830527507439, 62.5882773287332], [72.9335917775379, 62.5882773287332], [69.5522108179445, 62.5882773287332]]]}, "properties": {"FID": 371, "Shape_Leng": 6000000, "Grid": "Q-3", "Shape__Area": 2250000000000, "Shape__Length": 6000000}}, {"type": "Feature", "id": 372, "geometry": {"type": "Polygon", "coordinates": [[[68.1083563810025, 55.7054441737093], [67.3736463089641, 55.7054441737093], [67.3736463089641, 55.9207957334226], [67.3736463089641, 56.9897356853674], [67.3736463089641, 58.0286579713309], [67.3736463089641, 60.2370924763787], [67.3736463089641, 61.9961686968907], [67.3736463089641, 62.5882773287332], [69.5522108179445, 62.5882773287332], [72.9335917775379, 62.5882773287332], [74.6830527507439, 62.5882773287332], [80.8483755707569, 62.5882773287332], [80.8483755707569, 61.6563570774743], [80.8483755707569, 59.9843340376352], [80.8483755707569, 57.9384233041718], [80.8483755707569, 55.7054441737093], [80.3112102093824, 55.7054441737093], [68.7964091106205, 55.7054441737093], [68.1083563810025, 55.7054441737093]]]}, "properties": {"FID": 372, "Shape_Leng": 6000000, "Grid": "Q-4", "Shape__Area": 2250000000000, "Shape__Length": 6000000}}, {"type": "Feature", "id": 373, "geometry": {"type": "Polygon", "coordinates": [[[72.8008739058092, 47.3537047024331], [67.3736463089641, 47.3537047024331], [67.3736463089641, 49.4324957077438], [67.3736463089641, 51.4404541874444], [67.3736463089641, 52.7040945123828], [67.3736463089641, 55.7054441737093], [68.1083563810025, 55.7054441737093], [68.7964091106205, 55.7054441737093], [80.3112102093824, 55.7054441737093], [80.8483755707569, 55.7054441737093], [80.8483755707569, 53.7055890606973], [80.8483755707569, 51.268154155467], [80.8483755707569, 49.8154249220845], [80.8483755707569, 47.3537047024331], [79.7473892113457, 47.3537047024331], [74.0572276090409, 47.3537047024331], [72.8008739058092, 47.3537047024331]]]}, "properties": {"FID": 373, "Shape_Leng": 6000000, "Grid": "Q-5", "Shape__Area": 2250000000000, "Shape__Length": 6000000}}, {"type": "Feature", "id": 374, "geometry": {"type": "Polygon", "coordinates": [[[72.1570656159106, 37.4356072027454], [67.3736463089641, 37.4356072027454], [67.3736463089641, 40.8385657903249], [67.3736463089641, 41.3686202266135], [67.3736463089641, 42.6788099176008], [67.3736463089641, 43.9195601438277], [67.3736463089641, 44.1807430169871], [67.3736463089641, 45.786715750622], [67.3736463089641, 47.3537047024331], [72.8008739058092, 47.3537047024331], [74.0572276090409, 47.3537047024331], [79.7473892113457, 47.3537047024331], [80.8483755707569, 47.3537047024331], [80.8483755707569, 46.5018151944464], [80.8483755707569, 45.2393733866265], [80.8483755707569, 42.5163783565671], [80.8483755707569, 40.7736127533824], [80.8483755707569, 39.5228362354308], [80.8483755707569, 37.4356072027454], [79.5605097255364, 37.4356072027454], [73.1604738807529, 37.4356072027454], [72.1570656159106, 37.4356072027454]]]}, "properties": {"FID": 374, "Shape_Leng": 6000000, "Grid": "Q-6", "Shape__Area": 2250000000000, "Shape__Length": 6000000}}, {"type": "Feature", "id": 375, "geometry": {"type": "Polygon", "coordinates": [[[69.3026448641118, 26.0074202319812], [67.3736463089641, 26.0074202319812], [67.3736463089641, 28.8568936402827], [67.3736463089641, 32.1209924315545], [67.3736463089641, 34.356416195642], [67.3736463089641, 34.3564162631275], [67.3736463089641, 34.3564274019273], [67.3736463089641, 35.9402826806427], [67.3736463089641, 37.4356072027454], [72.1570656159106, 37.4356072027454], [73.1604738807529, 37.4356072027454], [79.5605097255364, 37.4356072027454], [80.8483755707569, 37.4356072027454], [80.8483755707569, 36.4578865465092], [80.8483755707569, 34.918886253383], [80.8483755707569, 34.9188773591125], [80.8483755707569, 34.918876670405], [80.8483755707569, 32.3139698229863], [80.8483755707569, 30.4413325731303], [80.8483755707569, 28.0735866425906], [80.8483755707569, 26.0074202319812], [79.5205385320977, 26.0074202319812], [78.5257559939198, 26.0074202319812], [77.3568901297951, 26.0074202319812], [76.8294931126004, 26.0074202319812], [73.3992095559757, 26.0074202319812], [72.519953498456, 26.0074202319812], [69.3026448641118, 26.0074202319812]]]}, "properties": {"FID": 375, "Shape_Leng": 6000000, "Grid": "Q-7", "Shape__Area": 2250000000000, "Shape__Length": 6000000}}, {"type": "Feature", "id": 376, "geometry": {"type": "Polygon", "coordinates": [[[80.8483755707569, 13.3522076267078], [67.3736463089641, 13.3522076267078], [67.3736463089641, 18.6107447544424], [67.3736463089641, 18.9937187386384], [67.3736463089641, 19.8643094435236], [67.3736463089641, 21.8138719037069], [67.3736463089641, 22.1567646817976], [67.3736463089641, 26.0074202319812], [69.3026448641118, 26.0074202319812], [72.519953498456, 26.0074202319812], [73.3992095559757, 26.0074202319812], [76.8294931126004, 26.0074202319812], [77.3568901297951, 26.0074202319812], [78.5257559939198, 26.0074202319812], [79.5205385320977, 26.0074202319812], [80.8483755707569, 26.0074202319812], [80.8483755707569, 24.9185634202445], [80.8483755707569, 21.8630411033803], [80.8483755707569, 15.1677955722872], [80.8483755707569, 13.3522076267078]]]}, "properties": {"FID": 376, "Shape_Leng": 6000000, "Grid": "Q-8", "Shape__Area": 2250000000000, "Shape__Length": 6000000}}, {"type": "Feature", "id": 377, "geometry": {"type": "Polygon", "coordinates": [[[72.7549533867377, 0], [67.3736463089641, 0], [67.3736463089641, 1.16374956182609], [67.3736463089641, 1.93274688148964], [67.3736463089641, 6.03399210268701], [67.3736463089641, 8.99965131235487], [67.3736463089641, 13.3522076267078], [80.8483755707569, 13.3522076267078], [80.8483755707569, 9.43902701036877], [80.8483755707569, 7.59883657888595], [80.8483755707569, 5.04550733952332], [80.8483755707569, 0], [75.1694962101428, 0], [72.7549533867377, 0]]]}, "properties": {"FID": 377, "Shape_Leng": 6000000, "Grid": "Q-9", "Shape__Area": 2250000000000, "Shape__Length": 6000000}}, {"type": "Feature", "id": 378, "geometry": {"type": "Polygon", "coordinates": [[[69.7382623067935, -13.3522076267078], [67.3736463089641, -13.3522076267078], [67.3736463089641, -12.7729532627443], [67.3736463089641, -6.85677372891557], [67.3736463089641, -5.40568500074281], [67.3736463089641, -4.93074433730763], [67.3736463089641, -3.3620602419667], [67.3736463089641, -2.67502639398153], [67.3736463089641, -1.04109400819891], [67.3736463089641, 0], [72.7549533867377, 0], [75.1694962101428, 0], [80.8483755707569, 0], [80.8483755707569, -3.66617660962742], [80.8483755707569, -8.98368399894255], [80.8483755707569, -13.212166657606], [80.8483755707569, -13.3522076267078], [79.7801551382648, -13.3522076267078], [74.514888580511, -13.3522076267078], [73.1641838644858, -13.3522076267078], [69.7382623067935, -13.3522076267078]]]}, "properties": {"FID": 378, "Shape_Leng": 6000000, "Grid": "Q-10", "Shape__Area": 2250000000000, "Shape__Length": 6000000}}, {"type": "Feature", "id": 379, "geometry": {"type": "Polygon", "coordinates": [[[67.4381976112454, -26.0074202319812], [67.3736463089641, -26.0074202319812], [67.3736463089641, -25.9736740271501], [67.3736463089641, -25.343353084622], [67.3736463089641, -25.3433519058005], [67.3736463089641, -18.4955321040614], [67.3736463089641, -13.3522076267078], [69.7382623067935, -13.3522076267078], [73.1641838644858, -13.3522076267078], [74.514888580511, -13.3522076267078], [79.7801551382648, -13.3522076267078], [80.8483755707569, -13.3522076267078], [80.8483755707569, -21.1415133517048], [80.8483755707569, -22.2726597205133], [80.8483755707569, -26.0074202319812], [78.1064045670731, -26.0074202319812], [72.354360385618, -26.0074202319812], [72.1304111883809, -26.0074202319812], [67.6209089374926, -26.0074202319812], [67.4381989048194, -26.0074202319812], [67.4381976112454, -26.0074202319812]]]}, "properties": {"FID": 379, "Shape_Leng": 6000000, "Grid": "Q-11", "Shape__Area": 2250000000000, "Shape__Length": 6000000}}, {"type": "Feature", "id": 380, "geometry": {"type": "Polygon", "coordinates": [[[74.032997919516, -37.4356072027454], [67.3736463089641, -37.4356072027454], [67.3736463089641, -36.104665781704], [67.3736463089641, -36.1046645057712], [67.3736463089641, -35.7461758484351], [67.3736463089641, -26.6215290989644], [67.3736463089641, -26.0074202319812], [67.4381976112454, -26.0074202319812], [67.4381989048194, -26.0074202319812], [67.6209089374926, -26.0074202319812], [72.1304111883809, -26.0074202319812], [72.354360385618, -26.0074202319812], [78.1064045670731, -26.0074202319812], [80.8483755707569, -26.0074202319812], [80.8483755707569, -35.2806962460545], [80.8483755707569, -35.8129526067837], [80.8483755707569, -37.4356072027454], [80.6983595009654, -37.4356072027454], [77.9448391181851, -37.4356072027454], [75.1560886290501, -37.4356072027454], [74.032997919516, -37.4356072027454]]]}, "properties": {"FID": 380, "Shape_Leng": 6000000, "Grid": "Q-12", "Shape__Area": 2250000000000, "Shape__Length": 6000000}}, {"type": "Feature", "id": 381, "geometry": {"type": "Polygon", "coordinates": [[[73.7898993479437, -47.3537047024331], [67.3736463089641, -47.3537047024331], [67.3736463089641, -46.8532562315953], [67.3736463089641, -44.0008103958278], [67.3736463089641, -41.7665145132203], [67.3736463089641, -37.4356072027454], [74.032997919516, -37.4356072027454], [75.1560886290501, -37.4356072027454], [77.9448391181851, -37.4356072027454], [80.6983595009654, -37.4356072027454], [80.8483755707569, -37.4356072027454], [80.8483755707569, -37.534049884581], [80.8483755707569, -41.5433455193577], [80.8483755707569, -43.5828026928547], [80.8483755707569, -44.5777940135184], [80.8483755707569, -46.7689989124148], [80.8483755707569, -47.3537047024331], [80.0545007509007, -47.3537047024331], [77.6872393969175, -47.3537047024331], [75.5803309379527, -47.3537047024331], [74.1228182378515, -47.3537047024331], [73.7898993479437, -47.3537047024331]]]}, "properties": {"FID": 381, "Shape_Leng": 6000000, "Grid": "Q-13", "Shape__Area": 2250000000000, "Shape__Length": 6000000}}, {"type": "Feature", "id": 382, "geometry": {"type": "Polygon", "coordinates": [[[67.584444288121, -55.7054441737093], [67.3736463089641, -55.7054441737093], [67.3736463089641, -51.372500194901], [67.3736463089641, -47.3537047024331], [73.7898993479437, -47.3537047024331], [74.1228182378515, -47.3537047024331], [75.5803309379527, -47.3537047024331], [77.6872393969175, -47.3537047024331], [80.0545007509007, -47.3537047024331], [80.8483755707569, -47.3537047024331], [80.8483755707569, -51.1488033203865], [80.8483755707569, -52.780936285608], [80.8483755707569, -55.7054441737093], [79.3656390200973, -55.7054441737093], [76.6600516835606, -55.7054441737093], [72.9221622768194, -55.7054441737093], [68.983103009882, -55.7054441737093], [67.584444288121, -55.7054441737093]]]}, "properties": {"FID": 382, "Shape_Leng": 6000000, "Grid": "Q-14", "Shape__Area": 2250000000000, "Shape__Length": 6000000}}, {"type": "Feature", "id": 383, "geometry": {"type": "Polygon", "coordinates": [[[70.714491482166, -62.5882773287332], [67.3736463089641, -62.5882773287332], [67.3736463089641, -61.6681925019677], [67.3736463089641, -59.6776358899867], [67.3736463089641, -59.6776348713638], [67.3736463089641, -58.425427641219], [67.3736463089641, -58.4254274822357], [67.3736463089641, -56.9606312120494], [67.3736463089641, -55.9962097921595], [67.3736463089641, -55.7054441737093], [67.584444288121, -55.7054441737093], [68.983103009882, -55.7054441737093], [72.9221622768194, -55.7054441737093], [76.6600516835606, -55.7054441737093], [79.3656390200973, -55.7054441737093], [80.8483755707569, -55.7054441737093], [80.8483755707569, -57.7211812598123], [80.8483755707569, -58.8893676469757], [80.8483755707569, -60.8398442880067], [80.8483755707569, -62.5882773287332], [71.8252816934654, -62.5882773287332], [70.714491482166, -62.5882773287332]]]}, "properties": {"FID": 383, "Shape_Leng": 6000000, "Grid": "Q-15", "Shape__Area": 2250000000000, "Shape__Length": 6000000}}, {"type": "Feature", "id": 384, "geometry": {"type": "Polygon", "coordinates": [[[69.3384901762989, -68.1776762364548], [67.3736463089641, -68.1776762364548], [67.3736463089641, -68.0908456524628], [67.3736463089641, -68.0908453253137], [67.3736463089641, -68.0908393528298], [67.3736463089641, -65.7134520587231], [67.3736463089641, -62.6022832294339], [67.3736463089641, -62.5882773287332], [70.714491482166, -62.5882773287332], [71.8252816934654, -62.5882773287332], [80.8483755707569, -62.5882773287332], [80.8483755707569, -63.7624645505656], [80.8483755707569, -65.0808525165873], [80.8483755707569, -66.0844112056479], [80.8483755707569, -66.0844190971741], [80.8483755707569, -66.0844191729211], [80.8483755707569, -68.0312234735079], [80.8483755707569, -68.1776762364548], [78.1954120618918, -68.1776762364548], [76.1757892986373, -68.1776762364548], [71.1464103057015, -68.1776762364548], [70.3100243149238, -68.1776762364548], [69.3384901762989, -68.1776762364548]]]}, "properties": {"FID": 384, "Shape_Leng": 6000000, "Grid": "Q-16", "Shape__Area": 2250000000000, "Shape__Length": 6000000}}, {"type": "Feature", "id": 385, "geometry": {"type": "Polygon", "coordinates": [[[70.237727328631, -72.6726762942099], [67.3736463089641, -72.6726762942099], [67.3736463089641, -72.009435271724], [67.3736463089641, -71.4253329116808], [67.3736463089641, -69.5817934067533], [67.3736463089641, -68.8542861603423], [67.3736463089641, -68.7130663250014], [67.3736463089641, -68.1776762364548], [69.3384901762989, -68.1776762364548], [70.3100243149238, -68.1776762364548], [71.1464103057015, -68.1776762364548], [76.1757892986373, -68.1776762364548], [78.1954120618918, -68.1776762364548], [80.8483755707569, -68.1776762364548], [80.8483755707569, -68.7077197540493], [80.8483755707569, -71.345959989631], [80.8483755707569, -72.6726762942099], [73.866688939228, -72.6726762942099], [70.237727328631, -72.6726762942099]]]}, "properties": {"FID": 385, "Shape_Leng": 6000000, "Grid": "Q-17", "Shape__Area": 2250000000000, "Shape__Length": 6000000}}, {"type": "Feature", "id": 386, "geometry": {"type": "Polygon", "coordinates": [[[71.5508982878071, -76.2647777185781], [67.3736463089641, -76.2647777185781], [67.3736463089641, -75.818724435488], [67.3736463089641, -73.8038178098322], [67.3736463089641, -72.6726762942099], [70.237727328631, -72.6726762942099], [73.866688939228, -72.6726762942099], [80.8483755707569, -72.6726762942099], [80.8483755707569, -74.8425385979529], [80.8483755707569, -74.842542742261], [80.8483755707569, -74.8425429308735], [80.8483755707569, -75.8122780526347], [80.8483755707569, -76.2647777185781], [78.7065605067375, -76.2647777185781], [76.5037419504132, -76.2647777185781], [76.5037413188975, -76.2647777185781], [76.5037356325618, -76.2647777185781], [71.5508982878071, -76.2647777185781]]]}, "properties": {"FID": 386, "Shape_Leng": 6000000, "Grid": "Q-18", "Shape__Area": 2250000000000, "Shape__Length": 6000000}}, {"type": "Feature", "id": 387, "geometry": {"type": "Polygon", "coordinates": [[[78.1476073597496, -79.1237548350744], [67.3736463089641, -79.1237548350744], [67.3736463089641, -78.1885222918427], [67.3736463089641, -77.5989350604671], [67.3736463089641, -76.2647777185781], [71.5508982878071, -76.2647777185781], [76.5037356325618, -76.2647777185781], [76.5037413188975, -76.2647777185781], [76.5037419504132, -76.2647777185781], [78.7065605067375, -76.2647777185781], [80.8483755707569, -76.2647777185781], [80.8483755707569, -78.9569778382933], [80.8483755707569, -79.1237548350744], [80.3944738924441, -79.1237548350744], [78.1476338079482, -79.1237548350744], [78.1476330389903, -79.1237548350744], [78.1476073597496, -79.1237548350744]]]}, "properties": {"FID": 387, "Shape_Leng": 6000000, "Grid": "Q-19", "Shape__Area": 2250000000000, "Shape__Length": 6000000}}, {"type": "Feature", "id": 388, "geometry": {"type": "Polygon", "coordinates": [[[72.3611045343259, -81.3934028410464], [67.3736463089641, -81.3934028410464], [67.3736463089641, -79.1730914391939], [67.3736463089641, -79.1730896325587], [67.3736463089641, -79.1237548350744], [78.1476073597496, -79.1237548350744], [78.1476330389903, -79.1237548350744], [78.1476338079482, -79.1237548350744], [80.3944738924441, -79.1237548350744], [80.8483755707569, -79.1237548350744], [80.8483755707569, -81.3934028410464], [72.3611045343259, -81.3934028410464]]]}, "properties": {"FID": 388, "Shape_Leng": 6000000, "Grid": "Q-20", "Shape__Area": 2250000000000, "Shape__Length": 6000000}}, {"type": "Feature", "id": 389, "geometry": {"type": "Polygon", "coordinates": [[[73.6684092808977, -83.1922884414757], [67.3736463089641, -83.1922884414757], [67.3736463089641, -83.1675822392513], [67.3736463089641, -82.3685899719864], [67.3736463089641, -81.3934028410464], [72.3611045343259, -81.3934028410464], [80.8483755707569, -81.3934028410464], [80.8483755707569, -81.7768105503097], [80.8483755707569, -82.7518776383502], [80.8483755707569, -83.1922884414757], [73.6684092808977, -83.1922884414757]]]}, "properties": {"FID": 389, "Shape_Leng": 6000000, "Grid": "Q-21", "Shape__Area": 2250000000000, "Shape__Length": 6000000}}, {"type": "Feature", "id": 390, "geometry": {"type": "Polygon", "coordinates": [[[80.8483755707569, -84.6166061457018], [67.3736463089641, -84.6166061457018], [67.3736463089641, -83.5186685131761], [67.3736463089641, -83.1922884414757], [73.6684092808977, -83.1922884414757], [80.8483755707569, -83.1922884414757], [80.8483755707569, -84.6166061457018]]]}, "properties": {"FID": 390, "Shape_Leng": 6000000, "Grid": "Q-22", "Shape__Area": 2250000000000, "Shape__Length": 6000000}}, {"type": "Feature", "id": 391, "geometry": {"type": "Polygon", "coordinates": [[[67.3736463089641, -84.6166061457018], [80.8483755707569, -84.6166061457018], [80.8483755707569, -85.7436302342552], [67.3736463089641, -85.7436302342552], [67.3736463089641, -84.6166061457018]]]}, "properties": {"FID": 391, "Shape_Leng": 6000000, "Grid": "Q-23", "Shape__Area": 2250000000000, "Shape__Length": 6000000}}, {"type": "Feature", "id": 392, "geometry": {"type": "Polygon", "coordinates": [[[80.8483755707569, 76.2647777185781], [94.3231048325497, 76.2647777185781], [94.3231048325497, 72.6726762942099], [80.8483755707569, 72.6726762942099], [80.8483755707569, 76.2647777185781]]]}, "properties": {"FID": 392, "Shape_Leng": 6000000, "Grid": "R-1", "Shape__Area": 2250000000000, "Shape__Length": 6000000}}, {"type": "Feature", "id": 393, "geometry": {"type": "Polygon", "coordinates": [[[94.3231048325497, 68.1776762364547], [80.8483755707569, 68.1776762364547], [80.8483755707569, 70.6789351627019], [80.8483755707569, 71.7377690908185], [80.8483755707569, 72.6726762942099], [94.3231048325497, 72.6726762942099], [94.3231048325497, 70.3013263555025], [94.3231048325497, 69.041493571209], [94.3231048325497, 68.1776762364547]]]}, "properties": {"FID": 393, "Shape_Leng": 6000000, "Grid": "R-2", "Shape__Area": 2250000000000, "Shape__Length": 6000000}}, {"type": "Feature", "id": 394, "geometry": {"type": "Polygon", "coordinates": [[[84.5939284467964, 62.5882773287332], [80.8483755707569, 62.5882773287332], [80.8483755707569, 63.283720339892], [80.8483755707569, 63.5372358165944], [80.8483755707569, 64.1257678359303], [80.8483755707569, 64.1694170366528], [80.8483755707569, 66.7506843395204], [80.8483755707569, 66.7506860327095], [80.8483755707569, 68.1776762364547], [94.3231048325497, 68.1776762364547], [94.3231048325497, 65.7304313867282], [94.3231048325497, 64.577472678597], [94.3231048325497, 64.4459850698851], [94.3231048325497, 64.4459783622782], [94.3231048325497, 64.4459782971784], [94.3231048325497, 63.8681347185558], [94.3231048325497, 63.7085391126061], [94.3231048325497, 63.2128318353504], [94.3231048325497, 62.5882773287332], [93.4216064490693, 62.5882773287332], [92.652505577426, 62.5882773287332], [91.8207837366215, 62.5882773287332], [91.6012483756003, 62.5882773287332], [91.0983891574966, 62.5882773287332], [84.5939284467964, 62.5882773287332]]]}, "properties": {"FID": 394, "Shape_Leng": 6000000, "Grid": "R-3", "Shape__Area": 2250000000000, "Shape__Length": 6000000}}, {"type": "Feature", "id": 395, "geometry": {"type": "Polygon", "coordinates": [[[81.9710287684084, 55.7054441737093], [80.8483755707569, 55.7054441737093], [80.8483755707569, 57.9384233041718], [80.8483755707569, 59.9843340376352], [80.8483755707569, 61.6563570774743], [80.8483755707569, 62.5882773287332], [84.5939284467964, 62.5882773287332], [91.0983891574966, 62.5882773287332], [91.6012483756003, 62.5882773287332], [91.8207837366215, 62.5882773287332], [92.652505577426, 62.5882773287332], [93.4216064490693, 62.5882773287332], [94.3231048325497, 62.5882773287332], [94.3231048325497, 62.5203788414104], [94.3231048325497, 61.7377495491295], [94.3231048325497, 61.6216701333632], [94.3231048325497, 59.8449150258256], [94.3231048325497, 59.1812027172008], [94.3231048325497, 58.2182210348571], [94.3231048325497, 56.8971446070857], [94.3231048325497, 55.7054441737093], [92.6391480306981, 55.7054441737093], [91.5459047250311, 55.7054441737093], [88.5750072654464, 55.7054441737093], [85.3189815792248, 55.7054441737093], [82.9608767771873, 55.7054441737093], [81.9710287684084, 55.7054441737093]]]}, "properties": {"FID": 395, "Shape_Leng": 6000000, "Grid": "R-4", "Shape__Area": 2250000000000, "Shape__Length": 6000000}}, {"type": "Feature", "id": 396, "geometry": {"type": "Polygon", "coordinates": [[[82.8981155953833, 47.3537047024331], [80.8483755707569, 47.3537047024331], [80.8483755707569, 49.8154249220845], [80.8483755707569, 51.268154155467], [80.8483755707569, 53.7055890606973], [80.8483755707569, 55.7054441737093], [81.9710287684084, 55.7054441737093], [82.9608767771873, 55.7054441737093], [85.3189815792248, 55.7054441737093], [88.5750072654464, 55.7054441737093], [91.5459047250311, 55.7054441737093], [92.6391480306981, 55.7054441737093], [94.3231048325497, 55.7054441737093], [94.3231048325497, 54.3827852677128], [94.3231048325497, 52.3917974988139], [94.3231048325497, 51.8456641591523], [94.3231048325497, 49.1842294359446], [94.3231048325497, 47.3537047024331], [94.3095832058402, 47.3537047024331], [92.9116612741905, 47.3537047024331], [87.1162167352097, 47.3537047024331], [82.8981155953833, 47.3537047024331]]]}, "properties": {"FID": 396, "Shape_Leng": 6000000, "Grid": "R-5", "Shape__Area": 2250000000000, "Shape__Length": 6000000}}, {"type": "Feature", "id": 397, "geometry": {"type": "Polygon", "coordinates": [[[88.7642262714794, 37.4356072027454], [80.8483755707569, 37.4356072027454], [80.8483755707569, 39.5228362354308], [80.8483755707569, 40.7736127533824], [80.8483755707569, 42.5163783565671], [80.8483755707569, 45.2393733866265], [80.8483755707569, 46.5018151944464], [80.8483755707569, 47.3537047024331], [82.8981155953833, 47.3537047024331], [87.1162167352097, 47.3537047024331], [92.9116612741905, 47.3537047024331], [94.3095832058402, 47.3537047024331], [94.3231048325497, 47.3537047024331], [94.3231048325497, 47.2647529217841], [94.3231048325497, 45.303188972692], [94.3231048325497, 44.1016800284249], [94.3231048325497, 44.0338021639731], [94.3231048325497, 40.9568976973941], [94.3231048325497, 40.5212533706872], [94.3231048325497, 39.4535290242621], [94.3231048325497, 37.4356072027454], [91.1193496369542, 37.4356072027454], [90.2642987665117, 37.4356072027454], [88.7642262714794, 37.4356072027454]]]}, "properties": {"FID": 397, "Shape_Leng": 6000000, "Grid": "R-6", "Shape__Area": 2250000000000, "Shape__Length": 6000000}}, {"type": "Feature", "id": 398, "geometry": {"type": "Polygon", "coordinates": [[[83.5056689053926, 26.0074202319812], [80.8483755707569, 26.0074202319812], [80.8483755707569, 28.0735866425906], [80.8483755707569, 30.4413325731303], [80.8483755707569, 32.3139698229863], [80.8483755707569, 34.918876670405], [80.8483755707569, 34.9188773591125], [80.8483755707569, 34.918886253383], [80.8483755707569, 36.4578865465092], [80.8483755707569, 37.4356072027454], [88.7642262714794, 37.4356072027454], [90.2642987665117, 37.4356072027454], [91.1193496369542, 37.4356072027454], [94.3231048325497, 37.4356072027454], [94.3231048325497, 35.499590498887], [94.3231048325497, 33.2204852092222], [94.3231048325497, 31.9996490706319], [94.3231048325497, 29.3968075168208], [94.3231048325497, 29.3968071012341], [94.3231048325497, 29.3968039291566], [94.3231048325497, 26.0074202319812], [83.5056689053926, 26.0074202319812]]]}, "properties": {"FID": 398, "Shape_Leng": 6000000, "Grid": "R-7", "Shape__Area": 2250000000000, "Shape__Length": 6000000}}, {"type": "Feature", "id": 399, "geometry": {"type": "Polygon", "coordinates": [[[86.1317429560086, 13.3522076267078], [80.8483755707569, 13.3522076267078], [80.8483755707569, 15.1677955722872], [80.8483755707569, 21.8630411033803], [80.8483755707569, 24.9185634202445], [80.8483755707569, 26.0074202319812], [83.5056689053926, 26.0074202319812], [94.3231048325497, 26.0074202319812], [94.3231048325497, 24.5922916674642], [94.3231048325497, 16.7594706169758], [94.3231048325497, 15.7761968518], [94.3231048325497, 13.3522076267078], [92.7976701293373, 13.3522076267078], [86.1317429560086, 13.3522076267078]]]}, "properties": {"FID": 399, "Shape_Leng": 6000000, "Grid": "R-8", "Shape__Area": 2249999999999.999, "Shape__Length": 6000000}}, {"type": "Feature", "id": 400, "geometry": {"type": "Polygon", "coordinates": [[[87.9580486222602, 0], [80.8483755707569, 0], [80.8483755707569, 5.04550733952332], [80.8483755707569, 7.59883657888595], [80.8483755707569, 9.43902701036877], [80.8483755707569, 13.3522076267078], [86.1317429560086, 13.3522076267078], [92.7976701293373, 13.3522076267078], [94.3231048325497, 13.3522076267078], [94.3231048325497, 8.88747596047852], [94.3231048325497, 6.632229647652], [94.3231048325497, 4.66008050161042], [94.3231048325497, 4.66007493345568], [94.3231048325497, 0], [93.4564942002827, 0], [89.7490630302424, 0], [89.7490625110162, 0], [87.9580486222602, 0]]]}, "properties": {"FID": 400, "Shape_Leng": 6000000, "Grid": "R-9", "Shape__Area": 2250000000000, "Shape__Length": 6000000}}, {"type": "Feature", "id": 401, "geometry": {"type": "Polygon", "coordinates": [[[87.3598853273556, -13.3522076267078], [80.8483755707569, -13.3522076267078], [80.8483755707569, -13.212166657606], [80.8483755707569, -8.98368399894255], [80.8483755707569, -3.66617660962742], [80.8483755707569, 0], [87.9580486222602, 0], [89.7490625110162, 0], [89.7490630302424, 0], [93.4564942002827, 0], [94.3231048325497, 0], [94.3231048325497, -4.31427163649557], [94.3231048325497, -8.14624935385482], [94.3231048325497, -13.3522076267078], [93.0110182791604, -13.3522076267078], [87.3598863792828, -13.3522076267078], [87.3598853273556, -13.3522076267078]]]}, "properties": {"FID": 401, "Shape_Leng": 6000000, "Grid": "R-10", "Shape__Area": 2250000000000, "Shape__Length": 6000000}}, {"type": "Feature", "id": 402, "geometry": {"type": "Polygon", "coordinates": [[[84.5115636314828, -26.0074202319812], [80.8483755707569, -26.0074202319812], [80.8483755707569, -22.2726597205133], [80.8483755707569, -21.1415133517048], [80.8483755707569, -13.3522076267078], [87.3598853273556, -13.3522076267078], [87.3598863792828, -13.3522076267078], [93.0110182791604, -13.3522076267078], [94.3231048325497, -13.3522076267078], [94.3231048325497, -16.0337434149119], [94.3231048325497, -25.0674753682829], [94.3231048325497, -26.0074202319812], [84.5115639216386, -26.0074202319812], [84.5115636314828, -26.0074202319812]]]}, "properties": {"FID": 402, "Shape_Leng": 6000000, "Grid": "R-11", "Shape__Area": 2249999999999.999, "Shape__Length": 6000000}}, {"type": "Feature", "id": 403, "geometry": {"type": "Polygon", "coordinates": [[[88.3048837220694, -37.4356072027454], [80.8483755707569, -37.4356072027454], [80.8483755707569, -35.8129526067837], [80.8483755707569, -35.2806962460545], [80.8483755707569, -26.0074202319812], [84.5115636314828, -26.0074202319812], [84.5115639216386, -26.0074202319812], [94.3231048325497, -26.0074202319812], [94.3231048325497, -31.473038831513], [94.3231048325497, -37.4356072027454], [88.3048850641524, -37.4356072027454], [88.3048837220694, -37.4356072027454]]]}, "properties": {"FID": 403, "Shape_Leng": 6000000, "Grid": "R-12", "Shape__Area": 2250000000000, "Shape__Length": 6000000}}, {"type": "Feature", "id": 404, "geometry": {"type": "Polygon", "coordinates": [[[83.7758731947372, -47.3537047024331], [80.8483755707569, -47.3537047024331], [80.8483755707569, -46.7689989124148], [80.8483755707569, -44.5777940135184], [80.8483755707569, -43.5828026928547], [80.8483755707569, -41.5433455193577], [80.8483755707569, -37.534049884581], [80.8483755707569, -37.4356072027454], [88.3048837220694, -37.4356072027454], [88.3048850641524, -37.4356072027454], [94.3231048325497, -37.4356072027454], [94.3231048325497, -40.7410895816877], [94.3231048325497, -40.7410965117947], [94.3231048325497, -40.7410968085464], [94.3231048325497, -42.1561017965622], [94.3231048325497, -47.1795598035292], [94.3231048325497, -47.1795609624245], [94.3231048325497, -47.1795692035246], [94.3231048325497, -47.3537047024331], [90.125689618284, -47.3537047024331], [85.6494739129378, -47.3537047024331], [85.5932874791387, -47.3537047024331], [83.7758731947372, -47.3537047024331]]]}, "properties": {"FID": 404, "Shape_Leng": 6000000, "Grid": "R-13", "Shape__Area": 2250000000000, "Shape__Length": 6000000}}, {"type": "Feature", "id": 405, "geometry": {"type": "Polygon", "coordinates": [[[87.7641251480674, -55.7054441737093], [80.8483755707569, -55.7054441737093], [80.8483755707569, -52.780936285608], [80.8483755707569, -51.1488033203865], [80.8483755707569, -47.3537047024331], [83.7758731947372, -47.3537047024331], [85.5932874791387, -47.3537047024331], [85.6494739129378, -47.3537047024331], [90.125689618284, -47.3537047024331], [94.3231048325497, -47.3537047024331], [94.3231048325497, -48.8830168850905], [94.3231048325497, -55.2455540826455], [94.3231048325497, -55.7054441737093], [91.2474652382597, -55.7054441737093], [87.7641251480674, -55.7054441737093]]]}, "properties": {"FID": 405, "Shape_Leng": 6000000, "Grid": "R-14", "Shape__Area": 2250000000000, "Shape__Length": 6000000}}, {"type": "Feature", "id": 406, "geometry": {"type": "Polygon", "coordinates": [[[88.6606354481849, -62.5882773287332], [80.8483755707569, -62.5882773287332], [80.8483755707569, -60.8398442880067], [80.8483755707569, -58.8893676469757], [80.8483755707569, -57.7211812598123], [80.8483755707569, -55.7054441737093], [87.7641251480674, -55.7054441737093], [91.2474652382597, -55.7054441737093], [94.3231048325497, -55.7054441737093], [94.3231048325497, -56.2728052223534], [94.3231048325497, -57.6433831678964], [94.3231048325497, -57.6434103817001], [94.3231048325497, -57.643411457175], [94.3231048325497, -60.7438032530318], [94.3231048325497, -61.9311305265079], [94.3231048325497, -62.5882773287332], [91.6881796742528, -62.5882773287332], [90.594329062538, -62.5882773287332], [90.5943289538419, -62.5882773287332], [90.5943127769802, -62.5882773287332], [88.6606354481849, -62.5882773287332]]]}, "properties": {"FID": 406, "Shape_Leng": 6000000, "Grid": "R-15", "Shape__Area": 2250000000000, "Shape__Length": 6000000}}, {"type": "Feature", "id": 407, "geometry": {"type": "Polygon", "coordinates": [[[81.3070721335612, -68.1776762364548], [80.8483755707569, -68.1776762364548], [80.8483755707569, -68.0312234735079], [80.8483755707569, -66.0844191729211], [80.8483755707569, -66.0844190971741], [80.8483755707569, -66.0844112056479], [80.8483755707569, -65.0808525165873], [80.8483755707569, -63.7624645505656], [80.8483755707569, -62.5882773287332], [88.6606354481849, -62.5882773287332], [90.5943127769802, -62.5882773287332], [90.5943289538419, -62.5882773287332], [90.594329062538, -62.5882773287332], [91.6881796742528, -62.5882773287332], [94.3231048325497, -62.5882773287332], [94.3231048325497, -65.9515674051328], [94.3231048325497, -66.72242590053], [94.3231048325497, -67.2110053626387], [94.3231048325497, -68.1776762364548], [90.677758650958, -68.1776762364548], [89.9923458696357, -68.1776762364548], [88.0561856647686, -68.1776762364548], [87.4699068654773, -68.1776762364548], [83.989852546693, -68.1776762364548], [82.1676456460462, -68.1776762364548], [81.3070721335612, -68.1776762364548]]]}, "properties": {"FID": 407, "Shape_Leng": 6000000, "Grid": "R-16", "Shape__Area": 2250000000000, "Shape__Length": 6000000}}, {"type": "Feature", "id": 408, "geometry": {"type": "Polygon", "coordinates": [[[81.1453526595346, -72.6726762942099], [80.8483755707569, -72.6726762942099], [80.8483755707569, -71.345959989631], [80.8483755707569, -68.7077197540493], [80.8483755707569, -68.1776762364548], [81.3070721335612, -68.1776762364548], [82.1676456460462, -68.1776762364548], [83.989852546693, -68.1776762364548], [87.4699068654773, -68.1776762364548], [88.0561856647686, -68.1776762364548], [89.9923458696357, -68.1776762364548], [90.677758650958, -68.1776762364548], [94.3231048325497, -68.1776762364548], [94.3231048325497, -69.2092933843848], [94.3231048325497, -69.8000941518036], [94.3231048325497, -72.0979061032502], [94.3231048325497, -72.4872497038095], [94.3231048325497, -72.6726762942099], [81.1453526595346, -72.6726762942099]]]}, "properties": {"FID": 408, "Shape_Leng": 6000000, "Grid": "R-17", "Shape__Area": 2250000000000, "Shape__Length": 6000000}}, {"type": "Feature", "id": 409, "geometry": {"type": "Polygon", "coordinates": [[[86.536050467472, -76.2647777185781], [80.8483755707569, -76.2647777185781], [80.8483755707569, -75.8122780526347], [80.8483755707569, -74.8425429308735], [80.8483755707569, -74.842542742261], [80.8483755707569, -74.8425385979529], [80.8483755707569, -72.6726762942099], [81.1453526595346, -72.6726762942099], [94.3231048325497, -72.6726762942099], [94.3231048325497, -73.9236303690478], [94.3231048325497, -73.9236337309146], [94.3231048325497, -76.2647777185781], [86.536050467472, -76.2647777185781]]]}, "properties": {"FID": 409, "Shape_Leng": 6000000, "Grid": "R-18", "Shape__Area": 2250000000000, "Shape__Length": 6000000}}, {"type": "Feature", "id": 410, "geometry": {"type": "Polygon", "coordinates": [[[94.3231048325497, -79.1237548350744], [80.8483755707569, -79.1237548350744], [80.8483755707569, -78.9569778382933], [80.8483755707569, -76.2647777185781], [86.536050467472, -76.2647777185781], [94.3231048325497, -76.2647777185781], [94.3231048325497, -79.1237548350744]]]}, "properties": {"FID": 410, "Shape_Leng": 6000000, "Grid": "R-19", "Shape__Area": 2250000000000, "Shape__Length": 6000000}}, {"type": "Feature", "id": 411, "geometry": {"type": "Polygon", "coordinates": [[[83.7266208404466, -81.3934028410464], [80.8483755707569, -81.3934028410464], [80.8483755707569, -79.1237548350744], [94.3231048325497, -79.1237548350744], [94.3231048325497, -79.5901539916989], [94.3231048325497, -81.3934028410464], [83.7266208404466, -81.3934028410464]]]}, "properties": {"FID": 411, "Shape_Leng": 6000000, "Grid": "R-20", "Shape__Area": 2250000000000, "Shape__Length": 6000000}}, {"type": "Feature", "id": 412, "geometry": {"type": "Polygon", "coordinates": [[[94.3231048325497, -83.1922884414757], [80.8483755707569, -83.1922884414757], [80.8483755707569, -82.7518776383502], [80.8483755707569, -81.7768105503097], [80.8483755707569, -81.3934028410464], [83.7266208404466, -81.3934028410464], [94.3231048325497, -81.3934028410464], [94.3231048325497, -81.674463824641], [94.3231048325497, -83.1922884414757]]]}, "properties": {"FID": 412, "Shape_Leng": 6000000, "Grid": "R-21", "Shape__Area": 2250000000000, "Shape__Length": 6000000}}, {"type": "Feature", "id": 413, "geometry": {"type": "Polygon", "coordinates": [[[80.8483755707569, -83.1922884414757], [94.3231048325497, -83.1922884414757], [94.3231048325497, -84.6166061457018], [80.8483755707569, -84.6166061457018], [80.8483755707569, -83.1922884414757]]]}, "properties": {"FID": 413, "Shape_Leng": 6000000, "Grid": "R-22", "Shape__Area": 2250000000000, "Shape__Length": 6000000}}, {"type": "Feature", "id": 414, "geometry": {"type": "Polygon", "coordinates": [[[80.8483755707569, -84.6166061457018], [94.3231048325497, -84.6166061457018], [94.3231048325497, -85.7436302342552], [80.8483755707569, -85.7436302342552], [80.8483755707569, -84.6166061457018]]]}, "properties": {"FID": 414, "Shape_Leng": 6000000, "Grid": "R-23", "Shape__Area": 2250000000000, "Shape__Length": 6000000}}, {"type": "Feature", "id": 415, "geometry": {"type": "Polygon", "coordinates": [[[94.3231048325497, 76.2647777185781], [107.797834094343, 76.2647777185781], [107.797834094343, 72.6726762942099], [94.3231048325497, 72.6726762942099], [94.3231048325497, 76.2647777185781]]]}, "properties": {"FID": 415, "Shape_Leng": 6000000, "Grid": "S-1", "Shape__Area": 2250000000000, "Shape__Length": 6000000}}, {"type": "Feature", "id": 416, "geometry": {"type": "Polygon", "coordinates": [[[100.077881833728, 68.1776762364547], [94.3231048325497, 68.1776762364547], [94.3231048325497, 69.041493571209], [94.3231048325497, 70.3013263555025], [94.3231048325497, 72.6726762942099], [107.797834094343, 72.6726762942099], [107.797834094343, 68.3609600484804], [107.797834094343, 68.1776762364547], [100.077881833728, 68.1776762364547]]]}, "properties": {"FID": 416, "Shape_Leng": 6000000, "Grid": "S-2", "Shape__Area": 2250000000000, "Shape__Length": 6000000}}, {"type": "Feature", "id": 417, "geometry": {"type": "Polygon", "coordinates": [[[98.0174333662988, 62.5882773287332], [94.3231048325497, 62.5882773287332], [94.3231048325497, 63.2128318353504], [94.3231048325497, 63.7085391126061], [94.3231048325497, 63.8681347185558], [94.3231048325497, 64.4459782971784], [94.3231048325497, 64.4459783622782], [94.3231048325497, 64.4459850698851], [94.3231048325497, 64.577472678597], [94.3231048325497, 65.7304313867282], [94.3231048325497, 68.1776762364547], [100.077881833728, 68.1776762364547], [107.797834094343, 68.1776762364547], [107.797834094343, 66.8340782748106], [107.797834094343, 62.5882773287332], [102.933215745471, 62.5882773287332], [102.933215069938, 62.5882773287332], [102.933204578514, 62.5882773287332], [102.116387643294, 62.5882773287332], [101.406518460127, 62.5882773287332], [100.619895695542, 62.5882773287332], [100.146521263764, 62.5882773287332], [99.2423615305249, 62.5882773287332], [98.4990364639949, 62.5882773287332], [98.0174333662988, 62.5882773287332]]]}, "properties": {"FID": 417, "Shape_Leng": 6000000, "Grid": "S-3", "Shape__Area": 2250000000000, "Shape__Length": 6000000}}, {"type": "Feature", "id": 418, "geometry": {"type": "Polygon", "coordinates": [[[98.0914015963124, 55.7054441737093], [94.3231048325497, 55.7054441737093], [94.3231048325497, 56.8971446070857], [94.3231048325497, 58.2182210348571], [94.3231048325497, 59.1812027172008], [94.3231048325497, 59.8449150258256], [94.3231048325497, 61.6216701333632], [94.3231048325497, 61.7377495491295], [94.3231048325497, 62.5203788414104], [94.3231048325497, 62.5882773287332], [98.0174333662988, 62.5882773287332], [98.4990364639949, 62.5882773287332], [99.2423615305249, 62.5882773287332], [100.146521263764, 62.5882773287332], [100.619895695542, 62.5882773287332], [101.406518460127, 62.5882773287332], [102.116387643294, 62.5882773287332], [102.933204578514, 62.5882773287332], [102.933215069938, 62.5882773287332], [102.933215745471, 62.5882773287332], [107.797834094343, 62.5882773287332], [107.797834094343, 58.5979514540643], [107.797834094343, 57.2276833293165], [107.797834094343, 55.7054441737093], [106.253261914981, 55.7054441737093], [106.253261179261, 55.7054441737093], [106.253256861957, 55.7054441737093], [100.812603643154, 55.7054441737093], [98.0914015963124, 55.7054441737093]]]}, "properties": {"FID": 418, "Shape_Leng": 6000000, "Grid": "S-4", "Shape__Area": 2250000000000, "Shape__Length": 6000000}}, {"type": "Feature", "id": 419, "geometry": {"type": "Polygon", "coordinates": [[[96.318979449984, 47.3537047024331], [94.3231048325497, 47.3537047024331], [94.3231048325497, 49.1842294359446], [94.3231048325497, 51.8456641591523], [94.3231048325497, 52.3917974988139], [94.3231048325497, 54.3827852677128], [94.3231048325497, 55.7054441737093], [98.0914015963124, 55.7054441737093], [100.812603643154, 55.7054441737093], [106.253256861957, 55.7054441737093], [106.253261179261, 55.7054441737093], [106.253261914981, 55.7054441737093], [107.797834094343, 55.7054441737093], [107.797834094343, 53.9356356971238], [107.797834094343, 53.9356339250059], [107.797834094343, 53.9356238718974], [107.797834094343, 52.909232016604], [107.797834094343, 51.8690091947511], [107.797834094343, 51.3739736549316], [107.797834094343, 49.6823540800013], [107.797834094343, 48.406291534772], [107.797834094343, 47.3537047024331], [107.270906248356, 47.3537047024331], [106.358027874804, 47.3537047024331], [105.187913527606, 47.3537047024331], [99.2258783685295, 47.3537047024331], [96.9118641095318, 47.3537047024331], [96.318979449984, 47.3537047024331]]]}, "properties": {"FID": 419, "Shape_Leng": 6000000, "Grid": "S-5", "Shape__Area": 2250000000000, "Shape__Length": 6000000}}, {"type": "Feature", "id": 420, "geometry": {"type": "Polygon", "coordinates": [[[99.4209472450152, 37.4356072027454], [94.3231048325497, 37.4356072027454], [94.3231048325497, 39.4535290242621], [94.3231048325497, 40.5212533706872], [94.3231048325497, 40.9568976973941], [94.3231048325497, 44.0338021639731], [94.3231048325497, 44.1016800284249], [94.3231048325497, 45.303188972692], [94.3231048325497, 47.2647529217841], [94.3231048325497, 47.3537047024331], [96.318979449984, 47.3537047024331], [96.9118641095318, 47.3537047024331], [99.2258783685295, 47.3537047024331], [105.187913527606, 47.3537047024331], [106.358027874804, 47.3537047024331], [107.270906248356, 47.3537047024331], [107.797834094343, 47.3537047024331], [107.797834094343, 46.6971185541252], [107.797834094343, 46.5268611030912], [107.797834094343, 46.0767412123323], [107.797834094343, 44.6809459035638], [107.797834094343, 44.4173132093775], [107.797834094343, 44.0576539300428], [107.797834094343, 43.4758781188417], [107.797834094343, 42.951316473137], [107.797834094343, 40.0732741191358], [107.797834094343, 39.9484566444613], [107.797834094343, 38.1989125864301], [107.797834094343, 37.4356072027454], [105.447634588976, 37.4356072027454], [100.248700781645, 37.4356072027454], [99.4209472450152, 37.4356072027454]]]}, "properties": {"FID": 420, "Shape_Leng": 6000000, "Grid": "S-6", "Shape__Area": 2250000000000, "Shape__Length": 6000000}}, {"type": "Feature", "id": 421, "geometry": {"type": "Polygon", "coordinates": [[[96.1010086990662, 26.0074202319812], [94.3231048325497, 26.0074202319812], [94.3231048325497, 29.3968039291566], [94.3231048325497, 29.3968071012341], [94.3231048325497, 29.3968075168208], [94.3231048325497, 31.9996490706319], [94.3231048325497, 33.2204852092222], [94.3231048325497, 35.499590498887], [94.3231048325497, 37.4356072027454], [99.4209472450152, 37.4356072027454], [100.248700781645, 37.4356072027454], [105.447634588976, 37.4356072027454], [107.797834094343, 37.4356072027454], [107.797834094343, 33.824235016059], [107.797834094343, 28.9770131179211], [107.797834094343, 28.4715534247317], [107.797834094343, 26.0074202319812], [102.836802760436, 26.0074202319812], [101.424973088201, 26.0074202319812], [100.162180663458, 26.0074202319812], [98.5148670574287, 26.0074202319812], [96.1010182517509, 26.0074202319812], [96.101017684914, 26.0074202319812], [96.1010086990662, 26.0074202319812]]]}, "properties": {"FID": 421, "Shape_Leng": 6000000, "Grid": "S-7", "Shape__Area": 2250000000000, "Shape__Length": 6000000}}, {"type": "Feature", "id": 422, "geometry": {"type": "Polygon", "coordinates": [[[96.2832753637393, 13.3522076267078], [94.3231048325497, 13.3522076267078], [94.3231048325497, 15.7761968518], [94.3231048325497, 16.7594706169758], [94.3231048325497, 24.5922916674642], [94.3231048325497, 26.0074202319812], [96.1010086990662, 26.0074202319812], [96.101017684914, 26.0074202319812], [96.1010182517509, 26.0074202319812], [98.5148670574287, 26.0074202319812], [100.162180663458, 26.0074202319812], [101.424973088201, 26.0074202319812], [102.836802760436, 26.0074202319812], [107.797834094343, 26.0074202319812], [107.797834094343, 25.3893287254669], [107.797834094343, 24.0378349252013], [107.797834094343, 23.1799525672768], [107.797834094343, 20.9246188903876], [107.797834094343, 17.603298358092], [107.797834094343, 14.1578990054494], [107.797834094343, 13.5734993578509], [107.797834094343, 13.3522076267078], [105.980556293677, 13.3522076267078], [105.811041299802, 13.3522076267078], [105.811040765304, 13.3522076267078], [105.811035245157, 13.3522076267078], [103.542018012864, 13.3522076267078], [103.409763106782, 13.3522076267078], [103.012924101454, 13.3522076267078], [100.313555432422, 13.3522076267078], [100.313555214131, 13.3522076267078], [100.313533986941, 13.3522076267078], [99.0044846267474, 13.3522076267078], [96.2832876589806, 13.3522076267078], [96.2832876005901, 13.3522076267078], [96.2832753637393, 13.3522076267078]]]}, "properties": {"FID": 422, "Shape_Leng": 6000000, "Grid": "S-8", "Shape__Area": 2250000000000.001, "Shape__Length": 6000000}}, {"type": "Feature", "id": 423, "geometry": {"type": "Polygon", "coordinates": [[[94.7332605669556, 0], [94.3231048325497, 0], [94.3231048325497, 4.66007493345568], [94.3231048325497, 4.66008050161042], [94.3231048325497, 6.632229647652], [94.3231048325497, 8.88747596047852], [94.3231048325497, 13.3522076267078], [96.2832753637393, 13.3522076267078], [96.2832876005901, 13.3522076267078], [96.2832876589806, 13.3522076267078], [99.0044846267474, 13.3522076267078], [100.313533986941, 13.3522076267078], [100.313555214131, 13.3522076267078], [100.313555432422, 13.3522076267078], [103.012924101454, 13.3522076267078], [103.409763106782, 13.3522076267078], [103.542018012864, 13.3522076267078], [105.811035245157, 13.3522076267078], [105.811040765304, 13.3522076267078], [105.811041299802, 13.3522076267078], [105.980556293677, 13.3522076267078], [107.797834094343, 13.3522076267078], [107.797834094343, 12.0937952004231], [107.797834094343, 2.50937055349327], [107.797834094343, 2.50936727240191], [107.797834094343, 2.50932712480249], [107.797834094343, 0], [106.785122576381, 0], [103.508304970582, 0], [98.7918025040456, 0], [98.3512874608078, 0], [98.351286273235, 0], [98.3512755949612, 0], [95.4767062062614, 0], [95.4767058056128, 0], [95.4766936792548, 0], [94.7332612990826, 0], [94.7332605669556, 0]]]}, "properties": {"FID": 423, "Shape_Leng": 6000000, "Grid": "S-9", "Shape__Area": 2249999999999.999, "Shape__Length": 6000000}}, {"type": "Feature", "id": 424, "geometry": {"type": "Polygon", "coordinates": [[[100.578250035227, -13.3522076267078], [94.3231048325497, -13.3522076267078], [94.3231048325497, -8.14624935385482], [94.3231048325497, -4.31427163649557], [94.3231048325497, 0], [94.7332605669556, 0], [94.7332612990826, 0], [95.4766936792548, 0], [95.4767058056128, 0], [95.4767062062614, 0], [98.3512755949612, 0], [98.351286273235, 0], [98.3512874608078, 0], [98.7918025040456, 0], [103.508304970582, 0], [106.785122576381, 0], [107.797834094343, 0], [107.797834094343, -2.33752069265631], [107.797834094343, -7.65559307381565], [107.797834094343, -10.6222952451269], [107.797834094343, -13.3522076267078], [104.815918110587, -13.3522076267078], [102.08003766297, -13.3522076267078], [100.578250035227, -13.3522076267078]]]}, "properties": {"FID": 424, "Shape_Leng": 6000000, "Grid": "S-10", "Shape__Area": 2250000000000, "Shape__Length": 6000000}}, {"type": "Feature", "id": 425, "geometry": {"type": "Polygon", "coordinates": [[[107.797834094343, -26.0074202319812], [96.3138203291876, -26.0074202319812], [94.94587238391, -26.0074202319812], [94.7552943337517, -26.0074202319812], [94.3231048325497, -26.0074202319812], [94.3231048325497, -25.0674753682829], [94.3231048325497, -16.0337434149119], [94.3231048325497, -13.3522076267078], [100.578250035227, -13.3522076267078], [102.08003766297, -13.3522076267078], [104.815918110587, -13.3522076267078], [107.797834094343, -13.3522076267078], [107.797834094343, -16.3761521306993], [107.797834094343, -20.9414234290424], [107.797834094343, -26.0074202319812]]]}, "properties": {"FID": 425, "Shape_Leng": 6000000, "Grid": "S-11", "Shape__Area": 2250000000000, "Shape__Length": 6000000}}, {"type": "Feature", "id": 426, "geometry": {"type": "Polygon", "coordinates": [[[107.797834094343, -37.4356072027454], [107.682160773271, -37.4356072027454], [101.649916143739, -37.4356072027454], [95.3989769331724, -37.4356072027454], [94.3231048325497, -37.4356072027454], [94.3231048325497, -31.473038831513], [94.3231048325497, -26.0074202319812], [94.7552943337517, -26.0074202319812], [94.94587238391, -26.0074202319812], [96.3138203291876, -26.0074202319812], [107.797834094343, -26.0074202319812], [107.797834094343, -27.7780859862132], [107.797834094343, -37.4356072027454]]]}, "properties": {"FID": 426, "Shape_Leng": 6000000, "Grid": "S-12", "Shape__Area": 2250000000000, "Shape__Length": 6000000}}, {"type": "Feature", "id": 427, "geometry": {"type": "Polygon", "coordinates": [[[94.4380828566926, -47.3537047024331], [94.3231048325497, -47.3537047024331], [94.3231048325497, -47.1795692035246], [94.3231048325497, -47.1795609624245], [94.3231048325497, -47.1795598035292], [94.3231048325497, -42.1561017965622], [94.3231048325497, -40.7410968085464], [94.3231048325497, -40.7410965117947], [94.3231048325497, -40.7410895816877], [94.3231048325497, -37.4356072027454], [95.3989769331724, -37.4356072027454], [101.649916143739, -37.4356072027454], [107.682160773271, -37.4356072027454], [107.797834094343, -37.4356072027454], [107.797834094343, -37.5623012883231], [107.797834094343, -43.6356112202789], [107.797834094343, -43.6356356658947], [107.797834094343, -43.6356370292575], [107.797834094343, -47.3537047024331], [107.157066255829, -47.3537047024331], [107.157065484177, -47.3537047024331], [107.15705471697, -47.3537047024331], [104.860945268583, -47.3537047024331], [102.866066870223, -47.3537047024331], [102.866066410285, -47.3537047024331], [102.866056204525, -47.3537047024331], [94.4380890532715, -47.3537047024331], [94.4380889634399, -47.3537047024331], [94.4380828566926, -47.3537047024331]]]}, "properties": {"FID": 427, "Shape_Leng": 6000000, "Grid": "S-13", "Shape__Area": 2250000000000, "Shape__Length": 6000000}}, {"type": "Feature", "id": 428, "geometry": {"type": "Polygon", "coordinates": [[[95.0346260318974, -55.7054441737093], [94.3231048325497, -55.7054441737093], [94.3231048325497, -55.2455540826455], [94.3231048325497, -48.8830168850905], [94.3231048325497, -47.3537047024331], [94.4380828566926, -47.3537047024331], [94.4380889634399, -47.3537047024331], [94.4380890532715, -47.3537047024331], [102.866056204525, -47.3537047024331], [102.866066410285, -47.3537047024331], [102.866066870223, -47.3537047024331], [104.860945268583, -47.3537047024331], [107.15705471697, -47.3537047024331], [107.157065484177, -47.3537047024331], [107.157066255829, -47.3537047024331], [107.797834094343, -47.3537047024331], [107.797834094343, -48.0421529163732], [107.797834094343, -49.6172314612309], [107.797834094343, -50.7803068692728], [107.797834094343, -53.8281577974737], [107.797834094343, -55.7054441737093], [106.351689076495, -55.7054441737093], [98.3095764759038, -55.7054441737093], [95.0346402944491, -55.7054441737093], [95.03464008604, -55.7054441737093], [95.0346260318974, -55.7054441737093]]]}, "properties": {"FID": 428, "Shape_Leng": 6000000, "Grid": "S-14", "Shape__Area": 2250000000000, "Shape__Length": 6000000}}, {"type": "Feature", "id": 429, "geometry": {"type": "Polygon", "coordinates": [[[99.1009774585368, -62.5882773287332], [94.3231048325497, -62.5882773287332], [94.3231048325497, -61.9311305265079], [94.3231048325497, -60.7438032530318], [94.3231048325497, -57.643411457175], [94.3231048325497, -57.6434103817001], [94.3231048325497, -57.6433831678964], [94.3231048325497, -56.2728052223534], [94.3231048325497, -55.7054441737093], [95.0346260318974, -55.7054441737093], [95.03464008604, -55.7054441737093], [95.0346402944491, -55.7054441737093], [98.3095764759038, -55.7054441737093], [106.351689076495, -55.7054441737093], [107.797834094343, -55.7054441737093], [107.797834094343, -56.0115866081601], [107.797834094343, -56.5165384723274], [107.797834094343, -61.5229766346377], [107.797834094343, -62.5882773287332], [99.1009774585368, -62.5882773287332]]]}, "properties": {"FID": 429, "Shape_Leng": 6000000, "Grid": "S-15", "Shape__Area": 2250000000000, "Shape__Length": 6000000}}, {"type": "Feature", "id": 430, "geometry": {"type": "Polygon", "coordinates": [[[99.1556160618637, -68.1776762364548], [94.3231048325497, -68.1776762364548], [94.3231048325497, -67.2110053626387], [94.3231048325497, -66.72242590053], [94.3231048325497, -65.9515674051328], [94.3231048325497, -62.5882773287332], [99.1009774585368, -62.5882773287332], [107.797834094343, -62.5882773287332], [107.797834094343, -65.2589363609115], [107.797834094343, -66.5131139013457], [107.797834094343, -68.1776762364548], [99.1556160618637, -68.1776762364548]]]}, "properties": {"FID": 430, "Shape_Leng": 6000000, "Grid": "S-16", "Shape__Area": 2250000000000, "Shape__Length": 6000000}}, {"type": "Feature", "id": 431, "geometry": {"type": "Polygon", "coordinates": [[[94.935984896174, -72.6726762942099], [94.3231048325497, -72.6726762942099], [94.3231048325497, -72.4872497038095], [94.3231048325497, -72.0979061032502], [94.3231048325497, -69.8000941518036], [94.3231048325497, -69.2092933843848], [94.3231048325497, -68.1776762364548], [99.1556160618637, -68.1776762364548], [107.797834094343, -68.1776762364548], [107.797834094343, -69.4286142254757], [107.797834094343, -69.9001056485336], [107.797834094343, -71.9562835523227], [107.797834094343, -71.9562901548321], [107.797834094343, -71.9562902065859], [107.797834094343, -72.6726762942099], [104.335666074587, -72.6726762942099], [104.335665751193, -72.6726762942099], [104.335633227688, -72.6726762942099], [100.714114730549, -72.6726762942099], [97.1941509083311, -72.6726762942099], [94.935984896174, -72.6726762942099]]]}, "properties": {"FID": 431, "Shape_Leng": 6000000, "Grid": "S-17", "Shape__Area": 2250000000000, "Shape__Length": 6000000}}, {"type": "Feature", "id": 432, "geometry": {"type": "Polygon", "coordinates": [[[106.537541404354, -76.2647777185781], [94.3231048325497, -76.2647777185781], [94.3231048325497, -73.9236337309146], [94.3231048325497, -73.9236303690478], [94.3231048325497, -72.6726762942099], [94.935984896174, -72.6726762942099], [97.1941509083311, -72.6726762942099], [100.714114730549, -72.6726762942099], [104.335633227688, -72.6726762942099], [104.335665751193, -72.6726762942099], [104.335666074587, -72.6726762942099], [107.797834094343, -72.6726762942099], [107.797834094343, -75.7981739969502], [107.797834094343, -76.2647777185781], [106.537541404354, -76.2647777185781]]]}, "properties": {"FID": 432, "Shape_Leng": 6000000, "Grid": "S-18", "Shape__Area": 2250000000000, "Shape__Length": 6000000}}, {"type": "Feature", "id": 433, "geometry": {"type": "Polygon", "coordinates": [[[96.4837934899087, -79.1237548350744], [94.3231048325497, -79.1237548350744], [94.3231048325497, -76.2647777185781], [106.537541404354, -76.2647777185781], [107.797834094343, -76.2647777185781], [107.797834094343, -79.1237548350744], [96.4837934899087, -79.1237548350744]]]}, "properties": {"FID": 433, "Shape_Leng": 6000000, "Grid": "S-19", "Shape__Area": 2250000000000, "Shape__Length": 6000000}}, {"type": "Feature", "id": 434, "geometry": {"type": "Polygon", "coordinates": [[[97.1779991680815, -81.3934028410464], [94.3231048325497, -81.3934028410464], [94.3231048325497, -79.5901539916989], [94.3231048325497, -79.1237548350744], [96.4837934899087, -79.1237548350744], [107.797834094343, -79.1237548350744], [107.797834094343, -80.1314409511035], [107.797834094343, -81.3934028410464], [97.1779991680815, -81.3934028410464]]]}, "properties": {"FID": 434, "Shape_Leng": 6000000, "Grid": "S-20", "Shape__Area": 2250000000000, "Shape__Length": 6000000}}, {"type": "Feature", "id": 435, "geometry": {"type": "Polygon", "coordinates": [[[107.797834094343, -83.1922884414757], [94.3231048325497, -83.1922884414757], [94.3231048325497, -81.674463824641], [94.3231048325497, -81.3934028410464], [97.1779991680815, -81.3934028410464], [107.797834094343, -81.3934028410464], [107.797834094343, -83.1922884414757]]]}, "properties": {"FID": 435, "Shape_Leng": 6000000, "Grid": "S-21", "Shape__Area": 2250000000000, "Shape__Length": 6000000}}, {"type": "Feature", "id": 436, "geometry": {"type": "Polygon", "coordinates": [[[94.3231048325497, -83.1922884414757], [107.797834094343, -83.1922884414757], [107.797834094343, -84.6166061457018], [94.3231048325497, -84.6166061457018], [94.3231048325497, -83.1922884414757]]]}, "properties": {"FID": 436, "Shape_Leng": 6000000, "Grid": "S-22", "Shape__Area": 2250000000000, "Shape__Length": 6000000}}, {"type": "Feature", "id": 437, "geometry": {"type": "Polygon", "coordinates": [[[94.3231048325497, -84.6166061457018], [107.797834094343, -84.6166061457018], [107.797834094343, -85.7436302342552], [94.3231048325497, -85.7436302342552], [94.3231048325497, -84.6166061457018]]]}, "properties": {"FID": 437, "Shape_Leng": 6000000, "Grid": "S-23", "Shape__Area": 2250000000000, "Shape__Length": 6000000}}, {"type": "Feature", "id": 438, "geometry": {"type": "Polygon", "coordinates": [[[107.797834094343, 76.2647777185781], [121.272563356135, 76.2647777185781], [121.272563356135, 72.6726762942099], [107.797834094343, 72.6726762942099], [107.797834094343, 76.2647777185781]]]}, "properties": {"FID": 438, "Shape_Leng": 6000000, "Grid": "T-1", "Shape__Area": 2250000000000, "Shape__Length": 6000000}}, {"type": "Feature", "id": 439, "geometry": {"type": "Polygon", "coordinates": [[[108.769232220847, 68.1776762364547], [107.797834094343, 68.1776762364547], [107.797834094343, 68.3609600484804], [107.797834094343, 72.6726762942099], [121.272563356135, 72.6726762942099], [121.272563356135, 68.1776762364547], [108.769232220847, 68.1776762364547]]]}, "properties": {"FID": 439, "Shape_Leng": 6000000, "Grid": "T-2", "Shape__Area": 2250000000000, "Shape__Length": 6000000}}, {"type": "Feature", "id": 440, "geometry": {"type": "Polygon", "coordinates": [[[121.272563356135, 62.5882773287332], [107.797834094343, 62.5882773287332], [107.797834094343, 66.8340782748106], [107.797834094343, 68.1776762364547], [108.769232220847, 68.1776762364547], [121.272563356135, 68.1776762364547], [121.272563356135, 65.2366488547617], [121.272563356135, 63.8684229686475], [121.272563356135, 62.5882773287332]]]}, "properties": {"FID": 440, "Shape_Leng": 6000000, "Grid": "T-3", "Shape__Area": 2250000000000, "Shape__Length": 6000000}}, {"type": "Feature", "id": 441, "geometry": {"type": "Polygon", "coordinates": [[[110.428300055993, 55.7054441737093], [107.797834094343, 55.7054441737093], [107.797834094343, 57.2276833293165], [107.797834094343, 58.5979514540643], [107.797834094343, 62.5882773287332], [121.272563356135, 62.5882773287332], [121.272563356135, 55.7054441737093], [116.292778044061, 55.7054441737093], [110.428300055993, 55.7054441737093]]]}, "properties": {"FID": 441, "Shape_Leng": 6000000, "Grid": "T-4", "Shape__Area": 2250000000000, "Shape__Length": 6000000}}, {"type": "Feature", "id": 442, "geometry": {"type": "Polygon", "coordinates": [[[108.144019159737, 47.3537047024331], [107.797834094343, 47.3537047024331], [107.797834094343, 48.406291534772], [107.797834094343, 49.6823540800013], [107.797834094343, 51.3739736549316], [107.797834094343, 51.8690091947511], [107.797834094343, 52.909232016604], [107.797834094343, 53.9356238718974], [107.797834094343, 53.9356339250059], [107.797834094343, 53.9356356971238], [107.797834094343, 55.7054441737093], [110.428300055993, 55.7054441737093], [116.292778044061, 55.7054441737093], [121.272563356135, 55.7054441737093], [121.272563356135, 53.7271760611748], [121.272563356135, 47.8236268933654], [121.272563356135, 47.3537047024331], [116.65119296777, 47.3537047024331], [116.651191019324, 47.3537047024331], [116.651190020397, 47.3537047024331], [113.699815561542, 47.3537047024331], [111.237357690539, 47.3537047024331], [108.144019159737, 47.3537047024331]]]}, "properties": {"FID": 442, "Shape_Leng": 6000000, "Grid": "T-5", "Shape__Area": 2250000000000, "Shape__Length": 6000000}}, {"type": "Feature", "id": 443, "geometry": {"type": "Polygon", "coordinates": [[[110.259127760416, 37.4356072027454], [107.797834094343, 37.4356072027454], [107.797834094343, 38.1989125864301], [107.797834094343, 39.9484566444613], [107.797834094343, 40.0732741191358], [107.797834094343, 42.951316473137], [107.797834094343, 43.4758781188417], [107.797834094343, 44.0576539300428], [107.797834094343, 44.4173132093775], [107.797834094343, 44.6809459035638], [107.797834094343, 46.0767412123323], [107.797834094343, 46.5268611030912], [107.797834094343, 46.6971185541252], [107.797834094343, 47.3537047024331], [108.144019159737, 47.3537047024331], [111.237357690539, 47.3537047024331], [113.699815561542, 47.3537047024331], [116.651190020397, 47.3537047024331], [116.651191019324, 47.3537047024331], [116.65119296777, 47.3537047024331], [121.272563356135, 47.3537047024331], [121.272563356135, 45.7585019382122], [121.272563356135, 45.7584990194823], [121.272563356135, 45.758498356391], [121.272563356135, 43.3327472306805], [121.272563356135, 41.2497637178861], [121.272563356135, 39.9703741878668], [121.272563356135, 39.0310845790547], [121.272563356135, 37.4356072027454], [118.792856501272, 37.4356072027454], [110.259127760416, 37.4356072027454]]]}, "properties": {"FID": 443, "Shape_Leng": 6000000, "Grid": "T-6", "Shape__Area": 2250000000000, "Shape__Length": 6000000}}, {"type": "Feature", "id": 444, "geometry": {"type": "Polygon", "coordinates": [[[109.16088927739, 26.0074202319812], [107.797834094343, 26.0074202319812], [107.797834094343, 28.4715534247317], [107.797834094343, 28.9770131179211], [107.797834094343, 33.824235016059], [107.797834094343, 37.4356072027454], [110.259127760416, 37.4356072027454], [118.792856501272, 37.4356072027454], [121.272563356135, 37.4356072027454], [121.272563356135, 35.8004267777127], [121.272563356135, 35.6959770578383], [121.272563356135, 33.7478093777435], [121.272563356135, 31.9449519161006], [121.272563356135, 30.1324635951777], [121.272563356135, 27.832396796106], [121.272563356135, 26.0074202319812], [118.823148306202, 26.0074202319812], [110.482333715842, 26.0074202319812], [109.16088927739, 26.0074202319812]]]}, "properties": {"FID": 444, "Shape_Leng": 6000000, "Grid": "T-7", "Shape__Area": 2250000000000, "Shape__Length": 6000000}}, {"type": "Feature", "id": 445, "geometry": {"type": "Polygon", "coordinates": [[[108.736053253052, 13.3522076267078], [107.797834094343, 13.3522076267078], [107.797834094343, 13.5734993578509], [107.797834094343, 14.1578990054494], [107.797834094343, 17.603298358092], [107.797834094343, 20.9246188903876], [107.797834094343, 23.1799525672768], [107.797834094343, 24.0378349252013], [107.797834094343, 25.3893287254669], [107.797834094343, 26.0074202319812], [109.16088927739, 26.0074202319812], [110.482333715842, 26.0074202319812], [118.823148306202, 26.0074202319812], [121.272563356135, 26.0074202319812], [121.272563356135, 20.9485544694591], [121.272563356135, 20.3741848801022], [121.272563356135, 17.5981938374209], [121.272563356135, 17.128172810331], [121.272563356135, 16.4277356027845], [121.272563356135, 13.3522076267078], [115.023271376424, 13.3522076267078], [109.145626511743, 13.3522076267078], [108.736053253052, 13.3522076267078]]]}, "properties": {"FID": 445, "Shape_Leng": 6000000, "Grid": "T-8", "Shape__Area": 2250000000000, "Shape__Length": 6000000}}, {"type": "Feature", "id": 446, "geometry": {"type": "Polygon", "coordinates": [[[108.618033692359, 0], [107.797834094343, 0], [107.797834094343, 2.50932712480249], [107.797834094343, 2.50936727240191], [107.797834094343, 2.50937055349327], [107.797834094343, 12.0937952004231], [107.797834094343, 13.3522076267078], [108.736053253052, 13.3522076267078], [109.145626511743, 13.3522076267078], [115.023271376424, 13.3522076267078], [121.272563356135, 13.3522076267078], [121.272563356135, 0.268400978210856], [121.272563356135, 0], [120.314590583892, 0], [119.436605834738, 0], [108.618047368311, 0], [108.618046929034, 0], [108.618033692359, 0]]]}, "properties": {"FID": 446, "Shape_Leng": 6000000, "Grid": "T-9", "Shape__Area": 2250000000000.0005, "Shape__Length": 6000000}}, {"type": "Feature", "id": 447, "geometry": {"type": "Polygon", "coordinates": [[[108.363063088399, -13.3522076267078], [107.797834094343, -13.3522076267078], [107.797834094343, -10.6222952451269], [107.797834094343, -7.65559307381565], [107.797834094343, -2.33752069265631], [107.797834094343, 0], [108.618033692359, 0], [108.618046929034, 0], [108.618047368311, 0], [119.436605834738, 0], [120.314590583892, 0], [121.272563356135, 0], [121.272563356135, -4.33307262438537], [121.272563356135, -5.78285687842193], [121.272563356135, -13.3522076267078], [119.009277542442, -13.3522076267078], [119.009277332236, -13.3522076267078], [119.009276522854, -13.3522076267078], [119.009272774184, -13.3522076267078], [113.040502675928, -13.3522076267078], [108.363063088399, -13.3522076267078]]]}, "properties": {"FID": 447, "Shape_Leng": 6000000, "Grid": "T-10", "Shape__Area": 2250000000000, "Shape__Length": 6000000}}, {"type": "Feature", "id": 448, "geometry": {"type": "Polygon", "coordinates": [[[120.635514613865, -26.0074202319812], [107.797834094343, -26.0074202319812], [107.797834094343, -20.9414234290424], [107.797834094343, -16.3761521306993], [107.797834094343, -13.3522076267078], [108.363063088399, -13.3522076267078], [113.040502675928, -13.3522076267078], [119.009272774184, -13.3522076267078], [119.009276522854, -13.3522076267078], [119.009277332236, -13.3522076267078], [119.009277542442, -13.3522076267078], [121.272563356135, -13.3522076267078], [121.272563356135, -18.8805841999519], [121.272563356135, -26.0074202319812], [120.635525725127, -26.0074202319812], [120.635525630804, -26.0074202319812], [120.635514613865, -26.0074202319812]]]}, "properties": {"FID": 448, "Shape_Leng": 6000000, "Grid": "T-11", "Shape__Area": 2250000000000, "Shape__Length": 6000000}}, {"type": "Feature", "id": 449, "geometry": {"type": "Polygon", "coordinates": [[[112.798762179199, -37.4356072027454], [107.797834094343, -37.4356072027454], [107.797834094343, -27.7780859862132], [107.797834094343, -26.0074202319812], [120.635514613865, -26.0074202319812], [120.635525630804, -26.0074202319812], [120.635525725127, -26.0074202319812], [121.272563356135, -26.0074202319812], [121.272563356135, -27.792066243085], [121.272563356135, -33.5647084453799], [121.272563356135, -37.4356072027454], [117.451481706652, -37.4356072027454], [116.480549520116, -37.4356072027454], [116.480548476274, -37.4356072027454], [116.4805322527, -37.4356072027454], [112.798762179199, -37.4356072027454]]]}, "properties": {"FID": 449, "Shape_Leng": 6000000, "Grid": "T-12", "Shape__Area": 2250000000000, "Shape__Length": 6000000}}, {"type": "Feature", "id": 450, "geometry": {"type": "Polygon", "coordinates": [[[110.353738636957, -47.3537047024331], [107.797834094343, -47.3537047024331], [107.797834094343, -43.6356370292575], [107.797834094343, -43.6356356658947], [107.797834094343, -43.6356112202789], [107.797834094343, -37.5623012883231], [107.797834094343, -37.4356072027454], [112.798762179199, -37.4356072027454], [116.4805322527, -37.4356072027454], [116.480548476274, -37.4356072027454], [116.480549520116, -37.4356072027454], [117.451481706652, -37.4356072027454], [121.272563356135, -37.4356072027454], [121.272563356135, -38.4712506591815], [121.272563356135, -41.6549718585205], [121.272563356135, -47.3537047024331], [119.615681177771, -47.3537047024331], [112.842886691133, -47.3537047024331], [110.353738636957, -47.3537047024331]]]}, "properties": {"FID": 450, "Shape_Leng": 6000000, "Grid": "T-13", "Shape__Area": 2250000000000, "Shape__Length": 6000000}}, {"type": "Feature", "id": 451, "geometry": {"type": "Polygon", "coordinates": [[[108.271997011581, -55.7054441737093], [107.797834094343, -55.7054441737093], [107.797834094343, -53.8281577974737], [107.797834094343, -50.7803068692728], [107.797834094343, -49.6172314612309], [107.797834094343, -48.0421529163732], [107.797834094343, -47.3537047024331], [110.353738636957, -47.3537047024331], [112.842886691133, -47.3537047024331], [119.615681177771, -47.3537047024331], [121.272563356135, -47.3537047024331], [121.272563356135, -48.1770956104371], [121.272563356135, -55.7054441737093], [108.271997011581, -55.7054441737093]]]}, "properties": {"FID": 451, "Shape_Leng": 6000000, "Grid": "T-14", "Shape__Area": 2250000000000, "Shape__Length": 6000000}}, {"type": "Feature", "id": 452, "geometry": {"type": "Polygon", "coordinates": [[[109.718604111132, -62.5882773287332], [107.797834094343, -62.5882773287332], [107.797834094343, -61.5229766346377], [107.797834094343, -56.5165384723274], [107.797834094343, -56.0115866081601], [107.797834094343, -55.7054441737093], [108.271997011581, -55.7054441737093], [121.272563356135, -55.7054441737093], [121.272563356135, -56.294654164291], [121.272563356135, -59.7246660947159], [121.272563356135, -62.5882773287332], [109.718604111132, -62.5882773287332]]]}, "properties": {"FID": 452, "Shape_Leng": 6000000, "Grid": "T-15", "Shape__Area": 2250000000000, "Shape__Length": 6000000}}, {"type": "Feature", "id": 453, "geometry": {"type": "Polygon", "coordinates": [[[115.766009417272, -68.1776762364548], [107.797834094343, -68.1776762364548], [107.797834094343, -66.5131139013457], [107.797834094343, -65.2589363609115], [107.797834094343, -62.5882773287332], [109.718604111132, -62.5882773287332], [121.272563356135, -62.5882773287332], [121.272563356135, -64.1296831270235], [121.272563356135, -64.1297015600507], [121.272563356135, -64.1297016086545], [121.272563356135, -67.6546398760861], [121.272563356135, -68.1776762364548], [120.719268976498, -68.1776762364548], [117.068376420272, -68.1776762364548], [117.068376118438, -68.1776762364548], [117.068358123387, -68.1776762364548], [115.766009417272, -68.1776762364548]]]}, "properties": {"FID": 453, "Shape_Leng": 6000000, "Grid": "T-16", "Shape__Area": 2250000000000, "Shape__Length": 6000000}}, {"type": "Feature", "id": 454, "geometry": {"type": "Polygon", "coordinates": [[[114.497186555314, -72.6726762942099], [107.797834094343, -72.6726762942099], [107.797834094343, -71.9562902065859], [107.797834094343, -71.9562901548321], [107.797834094343, -71.9562835523227], [107.797834094343, -69.9001056485336], [107.797834094343, -69.4286142254757], [107.797834094343, -68.1776762364548], [115.766009417272, -68.1776762364548], [117.068358123387, -68.1776762364548], [117.068376118438, -68.1776762364548], [117.068376420272, -68.1776762364548], [120.719268976498, -68.1776762364548], [121.272563356135, -68.1776762364548], [121.272563356135, -72.6726762942099], [114.497186555314, -72.6726762942099]]]}, "properties": {"FID": 454, "Shape_Leng": 6000000, "Grid": "T-17", "Shape__Area": 2250000000000, "Shape__Length": 6000000}}, {"type": "Feature", "id": 455, "geometry": {"type": "Polygon", "coordinates": [[[121.272563356135, -76.2647777185781], [107.797834094343, -76.2647777185781], [107.797834094343, -75.7981739969502], [107.797834094343, -72.6726762942099], [114.497186555314, -72.6726762942099], [121.272563356135, -72.6726762942099], [121.272563356135, -76.2647777185781]]]}, "properties": {"FID": 455, "Shape_Leng": 6000000, "Grid": "T-18", "Shape__Area": 2250000000000, "Shape__Length": 6000000}}, {"type": "Feature", "id": 456, "geometry": {"type": "Polygon", "coordinates": [[[114.424133378893, -79.1237548350744], [107.797834094343, -79.1237548350744], [107.797834094343, -76.2647777185781], [121.272563356135, -76.2647777185781], [121.272563356135, -77.8398098692239], [121.272563356135, -79.1237548350744], [114.424133378893, -79.1237548350744]]]}, "properties": {"FID": 456, "Shape_Leng": 6000000, "Grid": "T-19", "Shape__Area": 2250000000000, "Shape__Length": 6000000}}, {"type": "Feature", "id": 457, "geometry": {"type": "Polygon", "coordinates": [[[121.272563356135, -81.3934028410464], [107.797834094343, -81.3934028410464], [107.797834094343, -80.1314409511035], [107.797834094343, -79.1237548350744], [114.424133378893, -79.1237548350744], [121.272563356135, -79.1237548350744], [121.272563356135, -81.3934028410464]]]}, "properties": {"FID": 457, "Shape_Leng": 6000000, "Grid": "T-20", "Shape__Area": 2250000000000, "Shape__Length": 6000000}}, {"type": "Feature", "id": 458, "geometry": {"type": "Polygon", "coordinates": [[[107.797834094343, -81.3934028410464], [121.272563356135, -81.3934028410464], [121.272563356135, -83.1922884414757], [107.797834094343, -83.1922884414757], [107.797834094343, -81.3934028410464]]]}, "properties": {"FID": 458, "Shape_Leng": 6000000, "Grid": "T-21", "Shape__Area": 2250000000000, "Shape__Length": 6000000}}, {"type": "Feature", "id": 459, "geometry": {"type": "Polygon", "coordinates": [[[107.797834094343, -83.1922884414757], [121.272563356135, -83.1922884414757], [121.272563356135, -84.6166061457018], [107.797834094343, -84.6166061457018], [107.797834094343, -83.1922884414757]]]}, "properties": {"FID": 459, "Shape_Leng": 6000000, "Grid": "T-22", "Shape__Area": 2250000000000, "Shape__Length": 6000000}}, {"type": "Feature", "id": 460, "geometry": {"type": "Polygon", "coordinates": [[[107.797834094343, -84.6166061457018], [121.272563356135, -84.6166061457018], [121.272563356135, -85.7436302342552], [107.797834094343, -85.7436302342552], [107.797834094343, -84.6166061457018]]]}, "properties": {"FID": 460, "Shape_Leng": 6000000, "Grid": "T-23", "Shape__Area": 2250000000000, "Shape__Length": 6000000}}, {"type": "Feature", "id": 461, "geometry": {"type": "Polygon", "coordinates": [[[121.272563356135, 76.2647777185781], [134.747292617928, 76.2647777185781], [134.747292617928, 72.6726762942099], [121.272563356135, 72.6726762942099], [121.272563356135, 76.2647777185781]]]}, "properties": {"FID": 461, "Shape_Leng": 6000000, "Grid": "U-1", "Shape__Area": 2250000000000, "Shape__Length": 6000000}}, {"type": "Feature", "id": 462, "geometry": {"type": "Polygon", "coordinates": [[[121.272563356135, 72.6726762942099], [134.747292617928, 72.6726762942099], [134.747292617928, 68.1776762364547], [121.272563356135, 68.1776762364547], [121.272563356135, 72.6726762942099]]]}, "properties": {"FID": 462, "Shape_Leng": 6000000, "Grid": "U-2", "Shape__Area": 2250000000000, "Shape__Length": 6000000}}, {"type": "Feature", "id": 463, "geometry": {"type": "Polygon", "coordinates": [[[126.039629079473, 62.5882773287332], [121.272563356135, 62.5882773287332], [121.272563356135, 63.8684229686475], [121.272563356135, 65.2366488547617], [121.272563356135, 68.1776762364547], [134.747292617928, 68.1776762364547], [134.747292617928, 62.5882773287332], [129.344402141031, 62.5882773287332], [126.039629079473, 62.5882773287332]]]}, "properties": {"FID": 463, "Shape_Leng": 6000000, "Grid": "U-3", "Shape__Area": 2250000000000, "Shape__Length": 6000000}}, {"type": "Feature", "id": 464, "geometry": {"type": "Polygon", "coordinates": [[[134.747292617928, 55.7054441737093], [121.272563356135, 55.7054441737093], [121.272563356135, 62.5882773287332], [126.039629079473, 62.5882773287332], [129.344402141031, 62.5882773287332], [134.747292617928, 62.5882773287332], [134.747292617928, 60.3518912451839], [134.747292617928, 59.478200628557], [134.747292617928, 55.7054441737093]]]}, "properties": {"FID": 464, "Shape_Leng": 6000000, "Grid": "U-4", "Shape__Area": 2250000000000, "Shape__Length": 6000000}}, {"type": "Feature", "id": 465, "geometry": {"type": "Polygon", "coordinates": [[[121.806781327995, 47.3537047024331], [121.272563356135, 47.3537047024331], [121.272563356135, 47.8236268933654], [121.272563356135, 53.7271760611748], [121.272563356135, 55.7054441737093], [134.747292617928, 55.7054441737093], [134.747292617928, 47.3537047024331], [134.195646382733, 47.3537047024331], [121.806781327995, 47.3537047024331]]]}, "properties": {"FID": 465, "Shape_Leng": 6000000, "Grid": "U-5", "Shape__Area": 2250000000000, "Shape__Length": 6000000}}, {"type": "Feature", "id": 466, "geometry": {"type": "Polygon", "coordinates": [[[121.408430873964, 37.4356072027454], [121.272563356135, 37.4356072027454], [121.272563356135, 39.0310845790547], [121.272563356135, 39.9703741878668], [121.272563356135, 41.2497637178861], [121.272563356135, 43.3327472306805], [121.272563356135, 45.758498356391], [121.272563356135, 45.7584990194823], [121.272563356135, 45.7585019382122], [121.272563356135, 47.3537047024331], [121.806781327995, 47.3537047024331], [134.195646382733, 47.3537047024331], [134.747292617928, 47.3537047024331], [134.747292617928, 47.0337523081746], [134.747292617928, 37.4356072027454], [131.114606711639, 37.4356072027454], [128.072416526554, 37.4356072027454], [128.072416424146, 37.4356072027454], [128.072398561146, 37.4356072027454], [125.255860496108, 37.4356072027454], [123.709420932171, 37.4356072027454], [121.408430873964, 37.4356072027454]]]}, "properties": {"FID": 466, "Shape_Leng": 6000000, "Grid": "U-6", "Shape__Area": 2250000000000, "Shape__Length": 6000000}}, {"type": "Feature", "id": 467, "geometry": {"type": "Polygon", "coordinates": [[[125.837532432788, 26.0074202319812], [121.272563356135, 26.0074202319812], [121.272563356135, 27.832396796106], [121.272563356135, 30.1324635951777], [121.272563356135, 31.9449519161006], [121.272563356135, 33.7478093777435], [121.272563356135, 35.6959770578383], [121.272563356135, 35.8004267777127], [121.272563356135, 37.4356072027454], [121.408430873964, 37.4356072027454], [123.709420932171, 37.4356072027454], [125.255860496108, 37.4356072027454], [128.072398561146, 37.4356072027454], [128.072416424146, 37.4356072027454], [128.072416526554, 37.4356072027454], [131.114606711639, 37.4356072027454], [134.747292617928, 37.4356072027454], [134.747292617928, 32.4474990933297], [134.747292617928, 26.0074202319812], [128.279882677678, 26.0074202319812], [128.279881601496, 26.0074202319812], [128.27986704789, 26.0074202319812], [125.837532432788, 26.0074202319812]]]}, "properties": {"FID": 467, "Shape_Leng": 6000000, "Grid": "U-7", "Shape__Area": 2250000000000, "Shape__Length": 6000000}}, {"type": "Feature", "id": 468, "geometry": {"type": "Polygon", "coordinates": [[[122.744901665735, 13.3522076267078], [121.272563356135, 13.3522076267078], [121.272563356135, 16.4277356027845], [121.272563356135, 17.128172810331], [121.272563356135, 17.5981938374209], [121.272563356135, 20.3741848801022], [121.272563356135, 20.9485544694591], [121.272563356135, 26.0074202319812], [125.837532432788, 26.0074202319812], [128.27986704789, 26.0074202319812], [128.279881601496, 26.0074202319812], [128.279882677678, 26.0074202319812], [134.747292617928, 26.0074202319812], [134.747292617928, 13.3522076267078], [125.506397218844, 13.3522076267078], [125.506396418445, 13.3522076267078], [125.506381006948, 13.3522076267078], [123.853766235814, 13.3522076267078], [122.744901665735, 13.3522076267078]]]}, "properties": {"FID": 468, "Shape_Leng": 6000000, "Grid": "U-8", "Shape__Area": 2250000000000, "Shape__Length": 6000000}}, {"type": "Feature", "id": 469, "geometry": {"type": "Polygon", "coordinates": [[[125.966432438508, 0], [121.272563356135, 0], [121.272563356135, 0.268400978210856], [121.272563356135, 13.3522076267078], [122.744901665735, 13.3522076267078], [123.853766235814, 13.3522076267078], [125.506381006948, 13.3522076267078], [125.506396418445, 13.3522076267078], [125.506397218844, 13.3522076267078], [134.747292617928, 13.3522076267078], [134.747292617928, 0], [131.170835834279, 0], [126.902645007909, 0], [125.966441615697, 0], [125.96644077667, 0], [125.966432438508, 0]]]}, "properties": {"FID": 469, "Shape_Leng": 6000000, "Grid": "U-9", "Shape__Area": 2250000000000, "Shape__Length": 6000000}}, {"type": "Feature", "id": 470, "geometry": {"type": "Polygon", "coordinates": [[[129.732328311842, -13.3522076267078], [129.117878295833, -13.3522076275819], [129.117870931444, -13.3522076267078], [125.783561088173, -13.3522076267078], [121.272563356135, -13.3522076267078], [121.272563356135, -5.78285687842193], [121.272563356135, -4.33307262438537], [121.272563356135, 0], [125.966432438508, 0], [125.96644077667, 0], [125.966441615697, 0], [126.902645007909, 0], [131.170835834279, 0], [134.747292617928, 0], [134.747292617928, -7.18990832252596], [134.747292617928, -13.3522076267078], [129.732328311842, -13.3522076267078]]]}, "properties": {"FID": 470, "Shape_Leng": 6000000, "Grid": "U-10", "Shape__Area": 2250000000003.421, "Shape__Length": 6000000.0000000065}}, {"type": "Feature", "id": 471, "geometry": {"type": "Polygon", "coordinates": [[[134.747292617928, -13.3522076267078], [134.747292617928, -26.0074202319812], [131.310066386714, -26.0074202319812], [130.484798643884, -26.0074202319812], [130.484798591782, -26.0074202319812], [130.484786896615, -26.0074202319812], [122.895993075515, -26.0074202319812], [121.272563356135, -26.0074202319812], [121.272563356135, -18.8805841999519], [121.272563356135, -13.3522076267078], [125.783561088173, -13.3522076267078], [129.117870931444, -13.3522076267078], [129.117878295833, -13.3522076275819], [129.732328311842, -13.3522076267078], [134.747292617928, -13.3522076267078]]]}, "properties": {"FID": 471, "Shape_Leng": 6000000, "Grid": "U-11", "Shape__Area": 2249999999996.58, "Shape__Length": 6000000.000000006}}, {"type": "Feature", "id": 472, "geometry": {"type": "Polygon", "coordinates": [[[121.864319367869, -37.4356072027454], [121.272563356135, -37.4356072027454], [121.272563356135, -33.5647084453799], [121.272563356135, -27.792066243085], [121.272563356135, -26.0074202319812], [122.895993075515, -26.0074202319812], [130.484786896615, -26.0074202319812], [130.484798591782, -26.0074202319812], [130.484798643884, -26.0074202319812], [131.310066386714, -26.0074202319812], [134.747292617928, -26.0074202319812], [134.747292617928, -37.4356072027454], [131.674705050714, -37.4356072027454], [130.057074804503, -37.4356072027454], [130.057074495483, -37.4356072027454], [130.057061796898, -37.4356072027454], [121.864319367869, -37.4356072027454]]]}, "properties": {"FID": 472, "Shape_Leng": 6000000, "Grid": "U-12", "Shape__Area": 2250000000000, "Shape__Length": 6000000}}, {"type": "Feature", "id": 473, "geometry": {"type": "Polygon", "coordinates": [[[128.138504516605, -47.3537047024331], [121.272563356135, -47.3537047024331], [121.272563356135, -41.6549718585205], [121.272563356135, -38.4712506591815], [121.272563356135, -37.4356072027454], [121.864319367869, -37.4356072027454], [130.057061796898, -37.4356072027454], [130.057074495483, -37.4356072027454], [130.057074804503, -37.4356072027454], [131.674705050714, -37.4356072027454], [134.747292617928, -37.4356072027454], [134.747292617928, -47.3537047024331], [130.835036766805, -47.3537047024331], [128.13851844139, -47.3537047024331], [128.1385178494, -47.3537047024331], [128.138504516605, -47.3537047024331]]]}, "properties": {"FID": 473, "Shape_Leng": 6000000, "Grid": "U-13", "Shape__Area": 2250000000000, "Shape__Length": 6000000}}, {"type": "Feature", "id": 474, "geometry": {"type": "Polygon", "coordinates": [[[125.474912205976, -55.7054441737093], [121.272563356135, -55.7054441737093], [121.272563356135, -48.1770956104371], [121.272563356135, -47.3537047024331], [128.138504516605, -47.3537047024331], [128.1385178494, -47.3537047024331], [128.13851844139, -47.3537047024331], [130.835036766805, -47.3537047024331], [134.747292617928, -47.3537047024331], [134.747292617928, -55.7054441737093], [128.770639940496, -55.7054441737093], [125.474926270001, -55.7054441737093], [125.474925892708, -55.7054441737093], [125.474912205976, -55.7054441737093]]]}, "properties": {"FID": 474, "Shape_Leng": 6000000, "Grid": "U-14", "Shape__Area": 2250000000000, "Shape__Length": 6000000}}, {"type": "Feature", "id": 475, "geometry": {"type": "Polygon", "coordinates": [[[122.325235841115, -62.5882773287332], [121.272563356135, -62.5882773287332], [121.272563356135, -59.7246660947159], [121.272563356135, -56.294654164291], [121.272563356135, -55.7054441737093], [125.474912205976, -55.7054441737093], [125.474925892708, -55.7054441737093], [125.474926270001, -55.7054441737093], [128.770639940496, -55.7054441737093], [134.747292617928, -55.7054441737093], [134.747292617928, -62.5882773287332], [125.42991291911, -62.5882773287332], [122.325250190803, -62.5882773287332], [122.325249962631, -62.5882773287332], [122.325235841115, -62.5882773287332]]]}, "properties": {"FID": 475, "Shape_Leng": 6000000, "Grid": "U-15", "Shape__Area": 2250000000000, "Shape__Length": 6000000}}, {"type": "Feature", "id": 476, "geometry": {"type": "Polygon", "coordinates": [[[134.747292617928, -68.1776762364548], [121.272563356135, -68.1776762364548], [121.272563356135, -67.6546398760861], [121.272563356135, -64.1297016086545], [121.272563356135, -64.1297015600507], [121.272563356135, -64.1296831270235], [121.272563356135, -62.5882773287332], [122.325235841115, -62.5882773287332], [122.325249962631, -62.5882773287332], [122.325250190803, -62.5882773287332], [125.42991291911, -62.5882773287332], [134.747292617928, -62.5882773287332], [134.747292617928, -68.1776762364548]]]}, "properties": {"FID": 476, "Shape_Leng": 6000000, "Grid": "U-16", "Shape__Area": 2250000000000, "Shape__Length": 6000000}}, {"type": "Feature", "id": 477, "geometry": {"type": "Polygon", "coordinates": [[[121.272563356135, -68.1776762364548], [134.747292617928, -68.1776762364548], [134.747292617928, -72.6726762942099], [121.272563356135, -72.6726762942099], [121.272563356135, -68.1776762364548]]]}, "properties": {"FID": 477, "Shape_Leng": 6000000, "Grid": "U-17", "Shape__Area": 2250000000000, "Shape__Length": 6000000}}, {"type": "Feature", "id": 478, "geometry": {"type": "Polygon", "coordinates": [[[127.971317558891, -76.2647777185781], [121.272563356135, -76.2647777185781], [121.272563356135, -72.6726762942099], [134.747292617928, -72.6726762942099], [134.747292617928, -74.2267840685175], [134.747292617928, -76.2647777185781], [127.971317558891, -76.2647777185781]]]}, "properties": {"FID": 478, "Shape_Leng": 6000000, "Grid": "U-18", "Shape__Area": 2250000000000, "Shape__Length": 6000000}}, {"type": "Feature", "id": 479, "geometry": {"type": "Polygon", "coordinates": [[[134.747292617928, -79.1237548350744], [121.272563356135, -79.1237548350744], [121.272563356135, -77.8398098692239], [121.272563356135, -76.2647777185781], [127.971317558891, -76.2647777185781], [134.747292617928, -76.2647777185781], [134.747292617928, -79.1237548350744]]]}, "properties": {"FID": 479, "Shape_Leng": 6000000, "Grid": "U-19", "Shape__Area": 2250000000000, "Shape__Length": 6000000}}, {"type": "Feature", "id": 480, "geometry": {"type": "Polygon", "coordinates": [[[121.272563356135, -79.1237548350744], [134.747292617928, -79.1237548350744], [134.747292617928, -81.3934028410464], [121.272563356135, -81.3934028410464], [121.272563356135, -79.1237548350744]]]}, "properties": {"FID": 480, "Shape_Leng": 6000000, "Grid": "U-20", "Shape__Area": 2250000000000, "Shape__Length": 6000000}}, {"type": "Feature", "id": 481, "geometry": {"type": "Polygon", "coordinates": [[[121.272563356135, -81.3934028410464], [134.747292617928, -81.3934028410464], [134.747292617928, -83.1922884414757], [121.272563356135, -83.1922884414757], [121.272563356135, -81.3934028410464]]]}, "properties": {"FID": 481, "Shape_Leng": 6000000, "Grid": "U-21", "Shape__Area": 2250000000000, "Shape__Length": 6000000}}, {"type": "Feature", "id": 482, "geometry": {"type": "Polygon", "coordinates": [[[121.272563356135, -83.1922884414757], [134.747292617928, -83.1922884414757], [134.747292617928, -84.6166061457018], [121.272563356135, -84.6166061457018], [121.272563356135, -83.1922884414757]]]}, "properties": {"FID": 482, "Shape_Leng": 6000000, "Grid": "U-22", "Shape__Area": 2250000000000, "Shape__Length": 6000000}}, {"type": "Feature", "id": 483, "geometry": {"type": "Polygon", "coordinates": [[[121.272563356135, -84.6166061457018], [134.747292617928, -84.6166061457018], [134.747292617928, -85.7436302342552], [121.272563356135, -85.7436302342552], [121.272563356135, -84.6166061457018]]]}, "properties": {"FID": 483, "Shape_Leng": 6000000, "Grid": "U-23", "Shape__Area": 2250000000000, "Shape__Length": 6000000}}, {"type": "Feature", "id": 484, "geometry": {"type": "Polygon", "coordinates": [[[134.747292617928, 76.2647777185781], [148.222021879721, 76.2647777185781], [148.222021879721, 72.6726762942099], [134.747292617928, 72.6726762942099], [134.747292617928, 76.2647777185781]]]}, "properties": {"FID": 484, "Shape_Leng": 6000000, "Grid": "V-1", "Shape__Area": 2250000000000, "Shape__Length": 6000000}}, {"type": "Feature", "id": 485, "geometry": {"type": "Polygon", "coordinates": [[[134.747292617928, 72.6726762942099], [148.222021879721, 72.6726762942099], [148.222021879721, 68.1776762364547], [134.747292617928, 68.1776762364547], [134.747292617928, 72.6726762942099]]]}, "properties": {"FID": 485, "Shape_Leng": 6000000, "Grid": "V-2", "Shape__Area": 2250000000000, "Shape__Length": 6000000}}, {"type": "Feature", "id": 486, "geometry": {"type": "Polygon", "coordinates": [[[134.747292617928, 68.1776762364547], [148.222021879721, 68.1776762364547], [148.222021879721, 62.5882773287332], [134.747292617928, 62.5882773287332], [134.747292617928, 68.1776762364547]]]}, "properties": {"FID": 486, "Shape_Leng": 6000000, "Grid": "V-3", "Shape__Area": 2250000000000, "Shape__Length": 6000000}}, {"type": "Feature", "id": 487, "geometry": {"type": "Polygon", "coordinates": [[[142.1041568792, 55.7054441737093], [134.747292617928, 55.7054441737093], [134.747292617928, 59.478200628557], [134.747292617928, 60.3518912451839], [134.747292617928, 62.5882773287332], [148.222021879721, 62.5882773287332], [148.222021879721, 55.7054441737093], [143.34477941633, 55.7054441737093], [142.1041568792, 55.7054441737093]]]}, "properties": {"FID": 487, "Shape_Leng": 6000000, "Grid": "V-4", "Shape__Area": 2250000000000, "Shape__Length": 6000000}}, {"type": "Feature", "id": 488, "geometry": {"type": "Polygon", "coordinates": [[[148.222021879721, 47.3537047024331], [134.747292617928, 47.3537047024331], [134.747292617928, 55.7054441737093], [142.1041568792, 55.7054441737093], [143.34477941633, 55.7054441737093], [148.222021879721, 55.7054441737093], [148.222021879721, 52.23047100603], [148.222021879721, 51.5664152001517], [148.222021879721, 47.3537047024331]]]}, "properties": {"FID": 488, "Shape_Leng": 6000000, "Grid": "V-5", "Shape__Area": 2250000000000, "Shape__Length": 6000000}}, {"type": "Feature", "id": 489, "geometry": {"type": "Polygon", "coordinates": [[[148.222021879721, 37.4356072027454], [134.747292617928, 37.4356072027454], [134.747292617928, 47.0337523081746], [134.747292617928, 47.3537047024331], [148.222021879721, 47.3537047024331], [148.222021879721, 37.6842332638964], [148.222021879721, 37.4356072027454]]]}, "properties": {"FID": 489, "Shape_Leng": 6000000, "Grid": "V-6", "Shape__Area": 2250000000000, "Shape__Length": 6000000}}, {"type": "Feature", "id": 490, "geometry": {"type": "Polygon", "coordinates": [[[138.723246155318, 26.0074202319812], [134.747292617928, 26.0074202319812], [134.747292617928, 32.4474990933297], [134.747292617928, 37.4356072027454], [148.222021879721, 37.4356072027454], [148.222021879721, 26.0074202319812], [138.723246155318, 26.0074202319812]]]}, "properties": {"FID": 490, "Shape_Leng": 6000000, "Grid": "V-7", "Shape__Area": 2250000000000, "Shape__Length": 6000000}}, {"type": "Feature", "id": 491, "geometry": {"type": "Polygon", "coordinates": [[[144.869664271537, 13.3522076267078], [134.747292617928, 13.3522076267078], [134.747292617928, 26.0074202319812], [138.723246155318, 26.0074202319812], [148.222021879721, 26.0074202319812], [148.222021879721, 13.3522076267078], [144.869664271537, 13.3522076267078]]]}, "properties": {"FID": 491, "Shape_Leng": 6000000, "Grid": "V-8", "Shape__Area": 2250000000000, "Shape__Length": 6000000}}, {"type": "Feature", "id": 492, "geometry": {"type": "Polygon", "coordinates": [[[148.222021879721, 0], [134.747292617928, 0], [134.747292617928, 13.3522076267078], [144.869664271537, 13.3522076267078], [148.222021879721, 13.3522076267078], [148.222021879721, 4.53171180205314], [148.222021879721, 0]]]}, "properties": {"FID": 492, "Shape_Leng": 6000000, "Grid": "V-9", "Shape__Area": 2250000000000, "Shape__Length": 6000000}}, {"type": "Feature", "id": 493, "geometry": {"type": "Polygon", "coordinates": [[[137.672871796194, -13.3522076267078], [134.747292617928, -13.3522076267078], [134.747292617928, -7.18990832252596], [134.747292617928, 0], [148.222021879721, 0], [148.222021879721, -13.3522076267078], [137.672871796194, -13.3522076267078]]]}, "properties": {"FID": 493, "Shape_Leng": 6000000, "Grid": "V-10", "Shape__Area": 2250000000000, "Shape__Length": 6000000}}, {"type": "Feature", "id": 494, "geometry": {"type": "Polygon", "coordinates": [[[143.414021740788, -26.0074202319812], [134.747292617928, -26.0074202319812], [134.747292617928, -13.3522076267078], [137.672871796194, -13.3522076267078], [148.222021879721, -13.3522076267078], [148.222021879721, -26.0074202319812], [143.414021740788, -26.0074202319812]]]}, "properties": {"FID": 494, "Shape_Leng": 6000000, "Grid": "V-11", "Shape__Area": 2250000000000, "Shape__Length": 6000000}}, {"type": "Feature", "id": 495, "geometry": {"type": "Polygon", "coordinates": [[[148.222021879721, -37.4356072027454], [134.747292617928, -37.4356072027454], [134.747292617928, -26.0074202319812], [143.414021740788, -26.0074202319812], [148.222021879721, -26.0074202319812], [148.222021879721, -36.9438201976293], [148.222021879721, -37.4356072027454]]]}, "properties": {"FID": 495, "Shape_Leng": 6000000, "Grid": "V-12", "Shape__Area": 2250000000000, "Shape__Length": 6000000}}, {"type": "Feature", "id": 496, "geometry": {"type": "Polygon", "coordinates": [[[134.747292617928, -37.4356072027454], [148.222021879721, -37.4356072027454], [148.222021879721, -47.3537047024331], [134.747292617928, -47.3537047024331], [134.747292617928, -37.4356072027454]]]}, "properties": {"FID": 496, "Shape_Leng": 6000000, "Grid": "V-13", "Shape__Area": 2250000000000, "Shape__Length": 6000000}}, {"type": "Feature", "id": 497, "geometry": {"type": "Polygon", "coordinates": [[[134.747292617928, -47.3537047024331], [148.222021879721, -47.3537047024331], [148.222021879721, -55.7054441737093], [134.747292617928, -55.7054441737093], [134.747292617928, -47.3537047024331]]]}, "properties": {"FID": 497, "Shape_Leng": 6000000, "Grid": "V-14", "Shape__Area": 2250000000000, "Shape__Length": 6000000}}, {"type": "Feature", "id": 498, "geometry": {"type": "Polygon", "coordinates": [[[134.747292617928, -55.7054441737093], [148.222021879721, -55.7054441737093], [148.222021879721, -62.5882773287332], [134.747292617928, -62.5882773287332], [134.747292617928, -55.7054441737093]]]}, "properties": {"FID": 498, "Shape_Leng": 6000000, "Grid": "V-15", "Shape__Area": 2250000000000, "Shape__Length": 6000000}}, {"type": "Feature", "id": 499, "geometry": {"type": "Polygon", "coordinates": [[[147.81774620006, -68.1776762364548], [134.747292617928, -68.1776762364548], [134.747292617928, -62.5882773287332], [148.222021879721, -62.5882773287332], [148.222021879721, -67.9225873473587], [148.222021879721, -68.1776762364548], [147.81774620006, -68.1776762364548]]]}, "properties": {"FID": 499, "Shape_Leng": 6000000, "Grid": "V-16", "Shape__Area": 2250000000000, "Shape__Length": 6000000}}, {"type": "Feature", "id": 500, "geometry": {"type": "Polygon", "coordinates": [[[138.908603053315, -72.6726762942099], [134.747292617928, -72.6726762942099], [134.747292617928, -68.1776762364548], [147.81774620006, -68.1776762364548], [148.222021879721, -68.1776762364548], [148.222021879721, -72.6726762942099], [138.908603053315, -72.6726762942099]]]}, "properties": {"FID": 500, "Shape_Leng": 6000000, "Grid": "V-17", "Shape__Area": 2250000000000, "Shape__Length": 6000000}}, {"type": "Feature", "id": 501, "geometry": {"type": "Polygon", "coordinates": [[[148.222021879721, -76.2647777185781], [134.747292617928, -76.2647777185781], [134.747292617928, -74.2267840685175], [134.747292617928, -72.6726762942099], [138.908603053315, -72.6726762942099], [148.222021879721, -72.6726762942099], [148.222021879721, -76.2647777185781]]]}, "properties": {"FID": 501, "Shape_Leng": 6000000, "Grid": "V-18", "Shape__Area": 2250000000000, "Shape__Length": 6000000}}, {"type": "Feature", "id": 502, "geometry": {"type": "Polygon", "coordinates": [[[134.747292617928, -76.2647777185781], [148.222021879721, -76.2647777185781], [148.222021879721, -79.1237548350744], [134.747292617928, -79.1237548350744], [134.747292617928, -76.2647777185781]]]}, "properties": {"FID": 502, "Shape_Leng": 6000000, "Grid": "V-19", "Shape__Area": 2250000000000, "Shape__Length": 6000000}}, {"type": "Feature", "id": 503, "geometry": {"type": "Polygon", "coordinates": [[[134.747292617928, -79.1237548350744], [148.222021879721, -79.1237548350744], [148.222021879721, -81.3934028410464], [134.747292617928, -81.3934028410464], [134.747292617928, -79.1237548350744]]]}, "properties": {"FID": 503, "Shape_Leng": 6000000, "Grid": "V-20", "Shape__Area": 2250000000000, "Shape__Length": 6000000}}, {"type": "Feature", "id": 504, "geometry": {"type": "Polygon", "coordinates": [[[134.747292617928, -81.3934028410464], [148.222021879721, -81.3934028410464], [148.222021879721, -83.1922884414757], [134.747292617928, -83.1922884414757], [134.747292617928, -81.3934028410464]]]}, "properties": {"FID": 504, "Shape_Leng": 6000000, "Grid": "V-21", "Shape__Area": 2250000000000, "Shape__Length": 6000000}}, {"type": "Feature", "id": 505, "geometry": {"type": "Polygon", "coordinates": [[[134.747292617928, -83.1922884414757], [148.222021879721, -83.1922884414757], [148.222021879721, -84.6166061457018], [134.747292617928, -84.6166061457018], [134.747292617928, -83.1922884414757]]]}, "properties": {"FID": 505, "Shape_Leng": 6000000, "Grid": "V-22", "Shape__Area": 2250000000000, "Shape__Length": 6000000}}, {"type": "Feature", "id": 506, "geometry": {"type": "Polygon", "coordinates": [[[134.747292617928, -84.6166061457018], [148.222021879721, -84.6166061457018], [148.222021879721, -85.7436302342552], [134.747292617928, -85.7436302342552], [134.747292617928, -84.6166061457018]]]}, "properties": {"FID": 506, "Shape_Leng": 6000000, "Grid": "V-23", "Shape__Area": 2250000000000, "Shape__Length": 6000000}}, {"type": "Feature", "id": 507, "geometry": {"type": "Polygon", "coordinates": [[[148.222021879721, 76.2647777185781], [161.696751141514, 76.2647777185781], [161.696751141514, 72.6726762942099], [148.222021879721, 72.6726762942099], [148.222021879721, 76.2647777185781]]]}, "properties": {"FID": 507, "Shape_Leng": 6000000, "Grid": "W-1", "Shape__Area": 2250000000000, "Shape__Length": 6000000}}, {"type": "Feature", "id": 508, "geometry": {"type": "Polygon", "coordinates": [[[148.222021879721, 72.6726762942099], [161.696751141514, 72.6726762942099], [161.696751141514, 68.1776762364547], [148.222021879721, 68.1776762364547], [148.222021879721, 72.6726762942099]]]}, "properties": {"FID": 508, "Shape_Leng": 6000000, "Grid": "W-2", "Shape__Area": 2250000000000, "Shape__Length": 6000000}}, {"type": "Feature", "id": 509, "geometry": {"type": "Polygon", "coordinates": [[[148.222021879721, 68.1776762364547], [161.696751141514, 68.1776762364547], [161.696751141514, 62.5882773287332], [148.222021879721, 62.5882773287332], [148.222021879721, 68.1776762364547]]]}, "properties": {"FID": 509, "Shape_Leng": 6000000, "Grid": "W-3", "Shape__Area": 2250000000000, "Shape__Length": 6000000}}, {"type": "Feature", "id": 510, "geometry": {"type": "Polygon", "coordinates": [[[148.222021879721, 62.5882773287332], [161.696751141514, 62.5882773287332], [161.696751141514, 55.7054441737093], [148.222021879721, 55.7054441737093], [148.222021879721, 62.5882773287332]]]}, "properties": {"FID": 510, "Shape_Leng": 6000000, "Grid": "W-4", "Shape__Area": 2250000000000, "Shape__Length": 6000000}}, {"type": "Feature", "id": 511, "geometry": {"type": "Polygon", "coordinates": [[[153.05734820276, 47.3537047024331], [148.222021879721, 47.3537047024331], [148.222021879721, 51.5664152001517], [148.222021879721, 52.23047100603], [148.222021879721, 55.7054441737093], [161.696751141514, 55.7054441737093], [161.696751141514, 47.3537047024331], [153.600888236664, 47.3537047024331], [153.05734820276, 47.3537047024331]]]}, "properties": {"FID": 511, "Shape_Leng": 6000000, "Grid": "W-5", "Shape__Area": 2250000000000, "Shape__Length": 6000000}}, {"type": "Feature", "id": 512, "geometry": {"type": "Polygon", "coordinates": [[[148.524348247369, 37.4356072027454], [148.222021879721, 37.4356072027454], [148.222021879721, 37.6842332638964], [148.222021879721, 47.3537047024331], [153.05734820276, 47.3537047024331], [153.600888236664, 47.3537047024331], [161.696751141514, 47.3537047024331], [161.696751141514, 37.4356072027454], [161.094363872922, 37.4356072027454], [161.014808544049, 37.4356072027454], [148.524348247369, 37.4356072027454]]]}, "properties": {"FID": 512, "Shape_Leng": 6000000, "Grid": "W-6", "Shape__Area": 2250000000000, "Shape__Length": 6000000}}, {"type": "Feature", "id": 513, "geometry": {"type": "Polygon", "coordinates": [[[160.304973117774, 26.0074202319812], [148.222021879721, 26.0074202319812], [148.222021879721, 37.4356072027454], [148.524348247369, 37.4356072027454], [161.014808544049, 37.4356072027454], [161.094363872922, 37.4356072027454], [161.696751141514, 37.4356072027454], [161.696751141514, 36.3428637110155], [161.696751141514, 36.3215379480403], [161.696751141514, 26.0074202319812], [160.304973117774, 26.0074202319812]]]}, "properties": {"FID": 513, "Shape_Leng": 6000000, "Grid": "W-7", "Shape__Area": 2250000000000, "Shape__Length": 6000000}}, {"type": "Feature", "id": 514, "geometry": {"type": "Polygon", "coordinates": [[[161.696751141514, 13.3522076267078], [148.222021879721, 13.3522076267078], [148.222021879721, 26.0074202319812], [160.304973117774, 26.0074202319812], [161.696751141514, 26.0074202319812], [161.696751141514, 24.4052425685885], [161.696751141514, 13.3522076267078]]]}, "properties": {"FID": 514, "Shape_Leng": 6000000, "Grid": "W-8", "Shape__Area": 2250000000000, "Shape__Length": 6000000}}, {"type": "Feature", "id": 515, "geometry": {"type": "Polygon", "coordinates": [[[149.714905908526, 0], [148.222021879721, 0], [148.222021879721, 4.53171180205314], [148.222021879721, 13.3522076267078], [161.696751141514, 13.3522076267078], [161.696751141514, 0], [149.714905908526, 0]]]}, "properties": {"FID": 515, "Shape_Leng": 6000000, "Grid": "W-9", "Shape__Area": 2250000000000, "Shape__Length": 6000000}}, {"type": "Feature", "id": 516, "geometry": {"type": "Polygon", "coordinates": [[[153.368938184468, -13.3522076267078], [148.222021879721, -13.3522076267078], [148.222021879721, 0], [149.714905908526, 0], [161.696751141514, 0], [161.696751141514, -13.3522076267078], [153.368938184468, -13.3522076267078]]]}, "properties": {"FID": 516, "Shape_Leng": 6000000, "Grid": "W-10", "Shape__Area": 2250000000000, "Shape__Length": 6000000}}, {"type": "Feature", "id": 517, "geometry": {"type": "Polygon", "coordinates": [[[155.907360205502, -26.0074202319812], [148.222021879721, -26.0074202319812], [148.222021879721, -13.3522076267078], [153.368938184468, -13.3522076267078], [161.696751141514, -13.3522076267078], [161.696751141514, -26.0074202319812], [155.907360205502, -26.0074202319812]]]}, "properties": {"FID": 517, "Shape_Leng": 6000000, "Grid": "W-11", "Shape__Area": 2250000000000, "Shape__Length": 6000000}}, {"type": "Feature", "id": 518, "geometry": {"type": "Polygon", "coordinates": [[[148.43707106679, -37.4356072027454], [148.222021879721, -37.4356072027454], [148.222021879721, -36.9438201976293], [148.222021879721, -26.0074202319812], [155.907360205502, -26.0074202319812], [161.696751141514, -26.0074202319812], [161.696751141514, -37.4356072027454], [157.377678344165, -37.4356072027454], [148.43707106679, -37.4356072027454]]]}, "properties": {"FID": 518, "Shape_Leng": 6000000, "Grid": "W-12", "Shape__Area": 2250000000000, "Shape__Length": 6000000}}, {"type": "Feature", "id": 519, "geometry": {"type": "Polygon", "coordinates": [[[152.778864960705, -47.3537047024331], [148.222021879721, -47.3537047024331], [148.222021879721, -37.4356072027454], [148.43707106679, -37.4356072027454], [157.377678344165, -37.4356072027454], [161.696751141514, -37.4356072027454], [161.696751141514, -47.3537047024331], [157.806947216664, -47.3537047024331], [152.778864960705, -47.3537047024331]]]}, "properties": {"FID": 519, "Shape_Leng": 6000000, "Grid": "W-13", "Shape__Area": 2250000000000, "Shape__Length": 6000000}}, {"type": "Feature", "id": 520, "geometry": {"type": "Polygon", "coordinates": [[[156.467338219737, -55.7054441737093], [148.222021879721, -55.7054441737093], [148.222021879721, -47.3537047024331], [152.778864960705, -47.3537047024331], [157.806947216664, -47.3537047024331], [161.696751141514, -47.3537047024331], [161.696751141514, -54.3681772534157], [161.696751141514, -55.7054441737093], [160.830727158535, -55.7054441737093], [157.202927182788, -55.7054441737093], [156.467338219737, -55.7054441737093]]]}, "properties": {"FID": 520, "Shape_Leng": 6000000, "Grid": "W-14", "Shape__Area": 2250000000000, "Shape__Length": 6000000}}, {"type": "Feature", "id": 521, "geometry": {"type": "Polygon", "coordinates": [[[155.049489797369, -62.5882773287332], [148.222021879721, -62.5882773287332], [148.222021879721, -55.7054441737093], [156.467338219737, -55.7054441737093], [157.202927182788, -55.7054441737093], [160.830727158535, -55.7054441737093], [161.696751141514, -55.7054441737093], [161.696751141514, -62.5882773287332], [155.049489797369, -62.5882773287332]]]}, "properties": {"FID": 521, "Shape_Leng": 6000000, "Grid": "W-15", "Shape__Area": 2250000000000, "Shape__Length": 6000000}}, {"type": "Feature", "id": 522, "geometry": {"type": "Polygon", "coordinates": [[[161.696751141514, -68.1776762364548], [148.222021879721, -68.1776762364548], [148.222021879721, -67.9225873473587], [148.222021879721, -62.5882773287332], [155.049489797369, -62.5882773287332], [161.696751141514, -62.5882773287332], [161.696751141514, -68.1776762364548]]]}, "properties": {"FID": 522, "Shape_Leng": 6000000, "Grid": "W-16", "Shape__Area": 2250000000000, "Shape__Length": 6000000}}, {"type": "Feature", "id": 523, "geometry": {"type": "Polygon", "coordinates": [[[148.222021879721, -68.1776762364548], [161.696751141514, -68.1776762364548], [161.696751141514, -72.6726762942099], [148.222021879721, -72.6726762942099], [148.222021879721, -68.1776762364548]]]}, "properties": {"FID": 523, "Shape_Leng": 6000000, "Grid": "W-17", "Shape__Area": 2250000000000, "Shape__Length": 6000000}}, {"type": "Feature", "id": 524, "geometry": {"type": "Polygon", "coordinates": [[[148.222021879721, -72.6726762942099], [161.696751141514, -72.6726762942099], [161.696751141514, -76.2647777185781], [148.222021879721, -76.2647777185781], [148.222021879721, -72.6726762942099]]]}, "properties": {"FID": 524, "Shape_Leng": 6000000, "Grid": "W-18", "Shape__Area": 2250000000000, "Shape__Length": 6000000}}, {"type": "Feature", "id": 525, "geometry": {"type": "Polygon", "coordinates": [[[148.222021879721, -76.2647777185781], [161.696751141514, -76.2647777185781], [161.696751141514, -79.1237548350744], [148.222021879721, -79.1237548350744], [148.222021879721, -76.2647777185781]]]}, "properties": {"FID": 525, "Shape_Leng": 6000000, "Grid": "W-19", "Shape__Area": 2250000000000, "Shape__Length": 6000000}}, {"type": "Feature", "id": 526, "geometry": {"type": "Polygon", "coordinates": [[[148.222021879721, -79.1237548350744], [161.696751141514, -79.1237548350744], [161.696751141514, -81.3934028410464], [148.222021879721, -81.3934028410464], [148.222021879721, -79.1237548350744]]]}, "properties": {"FID": 526, "Shape_Leng": 6000000, "Grid": "W-20", "Shape__Area": 2250000000000, "Shape__Length": 6000000}}, {"type": "Feature", "id": 527, "geometry": {"type": "Polygon", "coordinates": [[[148.222021879721, -81.3934028410464], [161.696751141514, -81.3934028410464], [161.696751141514, -83.1922884414757], [148.222021879721, -83.1922884414757], [148.222021879721, -81.3934028410464]]]}, "properties": {"FID": 527, "Shape_Leng": 6000000, "Grid": "W-21", "Shape__Area": 2250000000000, "Shape__Length": 6000000}}, {"type": "Feature", "id": 528, "geometry": {"type": "Polygon", "coordinates": [[[148.222021879721, -83.1922884414757], [161.696751141514, -83.1922884414757], [161.696751141514, -84.6166061457018], [148.222021879721, -84.6166061457018], [148.222021879721, -83.1922884414757]]]}, "properties": {"FID": 528, "Shape_Leng": 6000000, "Grid": "W-22", "Shape__Area": 2250000000000, "Shape__Length": 6000000}}, {"type": "Feature", "id": 529, "geometry": {"type": "Polygon", "coordinates": [[[148.222021879721, -84.6166061457018], [161.696751141514, -84.6166061457018], [161.696751141514, -85.7436302342552], [148.222021879721, -85.7436302342552], [148.222021879721, -84.6166061457018]]]}, "properties": {"FID": 529, "Shape_Leng": 6000000, "Grid": "W-23", "Shape__Area": 2250000000000, "Shape__Length": 6000000}}, {"type": "Feature", "id": 530, "geometry": {"type": "Polygon", "coordinates": [[[161.696751141514, 76.2647777185781], [175.171480403307, 76.2647777185781], [175.171480403307, 72.6726762942099], [161.696751141514, 72.6726762942099], [161.696751141514, 76.2647777185781]]]}, "properties": {"FID": 530, "Shape_Leng": 6000000, "Grid": "X-1", "Shape__Area": 2250000000000, "Shape__Length": 6000000}}, {"type": "Feature", "id": 531, "geometry": {"type": "Polygon", "coordinates": [[[161.696751141514, 72.6726762942099], [175.171480403307, 72.6726762942099], [175.171480403307, 68.1776762364547], [161.696751141514, 68.1776762364547], [161.696751141514, 72.6726762942099]]]}, "properties": {"FID": 531, "Shape_Leng": 6000000, "Grid": "X-2", "Shape__Area": 2250000000000, "Shape__Length": 6000000}}, {"type": "Feature", "id": 532, "geometry": {"type": "Polygon", "coordinates": [[[161.696751141514, 68.1776762364547], [175.171480403307, 68.1776762364547], [175.171480403307, 62.5882773287332], [161.696751141514, 62.5882773287332], [161.696751141514, 68.1776762364547]]]}, "properties": {"FID": 532, "Shape_Leng": 6000000, "Grid": "X-3", "Shape__Area": 2250000000000, "Shape__Length": 6000000}}, {"type": "Feature", "id": 533, "geometry": {"type": "Polygon", "coordinates": [[[161.696751141514, 62.5882773287332], [175.171480403307, 62.5882773287332], [175.171480403307, 55.7054441737093], [161.696751141514, 55.7054441737093], [161.696751141514, 62.5882773287332]]]}, "properties": {"FID": 533, "Shape_Leng": 6000000, "Grid": "X-4", "Shape__Area": 2250000000000, "Shape__Length": 6000000}}, {"type": "Feature", "id": 534, "geometry": {"type": "Polygon", "coordinates": [[[161.696751141514, 55.7054441737093], [175.171480403307, 55.7054441737093], [175.171480403307, 47.3537047024331], [161.696751141514, 47.3537047024331], [161.696751141514, 55.7054441737093]]]}, "properties": {"FID": 534, "Shape_Leng": 6000000, "Grid": "X-5", "Shape__Area": 2250000000000, "Shape__Length": 6000000}}, {"type": "Feature", "id": 535, "geometry": {"type": "Polygon", "coordinates": [[[161.696751141514, 47.3537047024331], [175.171480403307, 47.3537047024331], [175.171480403307, 37.4356072027454], [161.696751141514, 37.4356072027454], [161.696751141514, 47.3537047024331]]]}, "properties": {"FID": 535, "Shape_Leng": 6000000, "Grid": "X-6", "Shape__Area": 2250000000000, "Shape__Length": 6000000}}, {"type": "Feature", "id": 536, "geometry": {"type": "Polygon", "coordinates": [[[166.392921514507, 26.0074202319812], [161.696751141514, 26.0074202319812], [161.696751141514, 36.3215379480403], [161.696751141514, 36.3428637110155], [161.696751141514, 37.4356072027454], [175.171480403307, 37.4356072027454], [175.171480403307, 26.0074202319812], [166.659188908372, 26.0074202319812], [166.392921514507, 26.0074202319812]]]}, "properties": {"FID": 536, "Shape_Leng": 6000000, "Grid": "X-7", "Shape__Area": 2250000000000, "Shape__Length": 6000000}}, {"type": "Feature", "id": 537, "geometry": {"type": "Polygon", "coordinates": [[[170.099223767238, 13.3522076267078], [161.696751141514, 13.3522076267078], [161.696751141514, 24.4052425685885], [161.696751141514, 26.0074202319812], [166.392921514507, 26.0074202319812], [166.659188908372, 26.0074202319812], [175.171480403307, 26.0074202319812], [175.171480403307, 13.3522076267078], [170.35458816477, 13.3522076267078], [170.333154018036, 13.3522076267078], [170.099223767238, 13.3522076267078]]]}, "properties": {"FID": 537, "Shape_Leng": 6000000, "Grid": "X-8", "Shape__Area": 2250000000000, "Shape__Length": 6000000}}, {"type": "Feature", "id": 538, "geometry": {"type": "Polygon", "coordinates": [[[171.839644033441, 0], [161.696751141514, 0], [161.696751141514, 13.3522076267078], [170.099223767238, 13.3522076267078], [170.333154018036, 13.3522076267078], [170.35458816477, 13.3522076267078], [175.171480403307, 13.3522076267078], [175.171480403307, 0], [171.839644033441, 0]]]}, "properties": {"FID": 538, "Shape_Leng": 6000000, "Grid": "X-9", "Shape__Area": 2250000000000, "Shape__Length": 6000000}}, {"type": "Feature", "id": 539, "geometry": {"type": "Polygon", "coordinates": [[[171.848754382336, -13.3522076267078], [161.696751141514, -13.3522076267078], [161.696751141514, 0], [171.839644033441, 0], [175.171480403307, 0], [175.171480403307, -13.3522076267078], [171.848754382336, -13.3522076267078]]]}, "properties": {"FID": 539, "Shape_Leng": 6000000, "Grid": "X-10", "Shape__Area": 2250000000000, "Shape__Length": 6000000}}, {"type": "Feature", "id": 540, "geometry": {"type": "Polygon", "coordinates": [[[170.76715001241, -26.0074202319812], [161.696751141514, -26.0074202319812], [161.696751141514, -13.3522076267078], [171.848754382336, -13.3522076267078], [175.171480403307, -13.3522076267078], [175.171480403307, -26.0074202319812], [170.76715001241, -26.0074202319812]]]}, "properties": {"FID": 540, "Shape_Leng": 6000000, "Grid": "X-11", "Shape__Area": 2250000000000, "Shape__Length": 6000000}}, {"type": "Feature", "id": 541, "geometry": {"type": "Polygon", "coordinates": [[[168.603095561717, -37.4356072027454], [161.696751141514, -37.4356072027454], [161.696751141514, -26.0074202319812], [170.76715001241, -26.0074202319812], [175.171480403307, -26.0074202319812], [175.171480403307, -37.4356072027454], [168.603095561717, -37.4356072027454]]]}, "properties": {"FID": 541, "Shape_Leng": 6000000, "Grid": "X-12", "Shape__Area": 2250000000000, "Shape__Length": 6000000}}, {"type": "Feature", "id": 542, "geometry": {"type": "Polygon", "coordinates": [[[165.314003839406, -47.3537047024331], [161.696751141514, -47.3537047024331], [161.696751141514, -37.4356072027454], [168.603095561717, -37.4356072027454], [175.171480403307, -37.4356072027454], [175.171480403307, -47.3537047024331], [165.314003839406, -47.3537047024331]]]}, "properties": {"FID": 542, "Shape_Leng": 6000000, "Grid": "X-13", "Shape__Area": 2250000000000, "Shape__Length": 6000000}}, {"type": "Feature", "id": 543, "geometry": {"type": "Polygon", "coordinates": [[[175.171480403307, -55.7054441737093], [161.696751141514, -55.7054441737093], [161.696751141514, -54.3681772534157], [161.696751141514, -47.3537047024331], [165.314003839406, -47.3537047024331], [175.171480403307, -47.3537047024331], [175.171480403307, -55.7054441737093]]]}, "properties": {"FID": 543, "Shape_Leng": 6000000, "Grid": "X-14", "Shape__Area": 2250000000000, "Shape__Length": 6000000}}, {"type": "Feature", "id": 544, "geometry": {"type": "Polygon", "coordinates": [[[161.696751141514, -55.7054441737093], [175.171480403307, -55.7054441737093], [175.171480403307, -62.5882773287332], [161.696751141514, -62.5882773287332], [161.696751141514, -55.7054441737093]]]}, "properties": {"FID": 544, "Shape_Leng": 6000000, "Grid": "X-15", "Shape__Area": 2250000000000, "Shape__Length": 6000000}}, {"type": "Feature", "id": 545, "geometry": {"type": "Polygon", "coordinates": [[[161.696751141514, -62.5882773287332], [175.171480403307, -62.5882773287332], [175.171480403307, -68.1776762364548], [161.696751141514, -68.1776762364548], [161.696751141514, -62.5882773287332]]]}, "properties": {"FID": 545, "Shape_Leng": 6000000, "Grid": "X-16", "Shape__Area": 2250000000000, "Shape__Length": 6000000}}, {"type": "Feature", "id": 546, "geometry": {"type": "Polygon", "coordinates": [[[161.696751141514, -68.1776762364548], [175.171480403307, -68.1776762364548], [175.171480403307, -72.6726762942099], [161.696751141514, -72.6726762942099], [161.696751141514, -68.1776762364548]]]}, "properties": {"FID": 546, "Shape_Leng": 6000000, "Grid": "X-17", "Shape__Area": 2250000000000, "Shape__Length": 6000000}}, {"type": "Feature", "id": 547, "geometry": {"type": "Polygon", "coordinates": [[[161.696751141514, -72.6726762942099], [175.171480403307, -72.6726762942099], [175.171480403307, -76.2647777185781], [161.696751141514, -76.2647777185781], [161.696751141514, -72.6726762942099]]]}, "properties": {"FID": 547, "Shape_Leng": 6000000, "Grid": "X-18", "Shape__Area": 2250000000000, "Shape__Length": 6000000}}, {"type": "Feature", "id": 548, "geometry": {"type": "Polygon", "coordinates": [[[161.696751141514, -76.2647777185781], [175.171480403307, -76.2647777185781], [175.171480403307, -79.1237548350744], [161.696751141514, -79.1237548350744], [161.696751141514, -76.2647777185781]]]}, "properties": {"FID": 548, "Shape_Leng": 6000000, "Grid": "X-19", "Shape__Area": 2250000000000, "Shape__Length": 6000000}}, {"type": "Feature", "id": 549, "geometry": {"type": "Polygon", "coordinates": [[[161.696751141514, -79.1237548350744], [175.171480403307, -79.1237548350744], [175.171480403307, -81.3934028410464], [161.696751141514, -81.3934028410464], [161.696751141514, -79.1237548350744]]]}, "properties": {"FID": 549, "Shape_Leng": 6000000, "Grid": "X-20", "Shape__Area": 2250000000000, "Shape__Length": 6000000}}, {"type": "Feature", "id": 550, "geometry": {"type": "Polygon", "coordinates": [[[161.696751141514, -81.3934028410464], [175.171480403307, -81.3934028410464], [175.171480403307, -83.1922884414757], [161.696751141514, -83.1922884414757], [161.696751141514, -81.3934028410464]]]}, "properties": {"FID": 550, "Shape_Leng": 6000000, "Grid": "X-21", "Shape__Area": 2250000000000, "Shape__Length": 6000000}}, {"type": "Feature", "id": 551, "geometry": {"type": "Polygon", "coordinates": [[[161.696751141514, -83.1922884414757], [175.171480403307, -83.1922884414757], [175.171480403307, -84.6166061457018], [161.696751141514, -84.6166061457018], [161.696751141514, -83.1922884414757]]]}, "properties": {"FID": 551, "Shape_Leng": 6000000, "Grid": "X-22", "Shape__Area": 2250000000000, "Shape__Length": 6000000}}, {"type": "Feature", "id": 552, "geometry": {"type": "Polygon", "coordinates": [[[161.696751141514, -84.6166061457018], [175.171480403307, -84.6166061457018], [175.171480403307, -85.7436302342552], [161.696751141514, -85.7436302342552], [161.696751141514, -84.6166061457018]]]}, "properties": {"FID": 552, "Shape_Leng": 6000000, "Grid": "X-23", "Shape__Area": 2250000000000, "Shape__Length": 6000000}}, {"type": "Feature", "id": 553, "geometry": {"type": "Polygon", "coordinates": [[[-148.222021879721, 81.3934028410464], [-134.747292617928, 81.3934028410464], [-134.747292617928, 79.1237548350744], [-148.222021879721, 79.1237548350744], [-148.222021879721, 81.3934028410464]]]}, "properties": {"FID": 553, "Shape_Leng": 6000000, "Grid": " ", "Shape__Area": 2250000000000, "Shape__Length": 6000000}}, {"type": "Feature", "id": 554, "geometry": {"type": "Polygon", "coordinates": [[[-148.222021879721, 79.1237548350744], [-134.747292617928, 79.1237548350744], [-134.747292617928, 76.2647777185781], [-148.222021879721, 76.2647777185781], [-148.222021879721, 79.1237548350744]]]}, "properties": {"FID": 554, "Shape_Leng": 6000000, "Grid": " ", "Shape__Area": 2250000000000, "Shape__Length": 6000000}}, {"type": "Feature", "id": 555, "geometry": {"type": "Polygon", "coordinates": [[[-134.747292617928, 81.3934028410464], [-121.272563356135, 81.3934028410464], [-121.272563356135, 79.1237548350744], [-134.747292617928, 79.1237548350744], [-134.747292617928, 81.3934028410464]]]}, "properties": {"FID": 555, "Shape_Leng": 6000000, "Grid": " ", "Shape__Area": 2250000000000, "Shape__Length": 6000000}}, {"type": "Feature", "id": 556, "geometry": {"type": "Polygon", "coordinates": [[[-134.747292617928, 79.1237548350744], [-121.272563356135, 79.1237548350744], [-121.272563356135, 76.2647777185781], [-134.747292617928, 76.2647777185781], [-134.747292617928, 79.1237548350744]]]}, "properties": {"FID": 556, "Shape_Leng": 6000000, "Grid": " ", "Shape__Area": 2250000000000, "Shape__Length": 6000000}}, {"type": "Feature", "id": 557, "geometry": {"type": "Polygon", "coordinates": [[[-121.272563356135, 81.3934028410464], [-107.797834094343, 81.3934028410464], [-107.797834094343, 79.1237548350744], [-121.272563356135, 79.1237548350744], [-121.272563356135, 81.3934028410464]]]}, "properties": {"FID": 557, "Shape_Leng": 6000000, "Grid": " ", "Shape__Area": 2250000000000, "Shape__Length": 6000000}}, {"type": "Feature", "id": 558, "geometry": {"type": "Polygon", "coordinates": [[[-121.272563356135, 79.1237548350744], [-107.797834094343, 79.1237548350744], [-107.797834094343, 76.2647777185781], [-121.272563356135, 76.2647777185781], [-121.272563356135, 79.1237548350744]]]}, "properties": {"FID": 558, "Shape_Leng": 6000000, "Grid": " ", "Shape__Area": 2250000000000, "Shape__Length": 6000000}}, {"type": "Feature", "id": 559, "geometry": {"type": "Polygon", "coordinates": [[[-107.797834094343, 81.3934028410464], [-94.3231048325497, 81.3934028410464], [-94.3231048325497, 79.1237548350744], [-107.797834094343, 79.1237548350744], [-107.797834094343, 81.3934028410464]]]}, "properties": {"FID": 559, "Shape_Leng": 6000000, "Grid": " ", "Shape__Area": 2250000000000, "Shape__Length": 6000000}}, {"type": "Feature", "id": 560, "geometry": {"type": "Polygon", "coordinates": [[[-107.797834094343, 79.1237548350744], [-94.3231048325497, 79.1237548350744], [-94.3231048325497, 76.2647777185781], [-107.797834094343, 76.2647777185781], [-107.797834094343, 79.1237548350744]]]}, "properties": {"FID": 560, "Shape_Leng": 6000000, "Grid": " ", "Shape__Area": 2250000000000, "Shape__Length": 6000000}}, {"type": "Feature", "id": 561, "geometry": {"type": "Polygon", "coordinates": [[[-94.3231048325497, 81.3934028410464], [-80.8483755707569, 81.3934028410464], [-80.8483755707569, 79.1237548350744], [-94.3231048325497, 79.1237548350744], [-94.3231048325497, 81.3934028410464]]]}, "properties": {"FID": 561, "Shape_Leng": 6000000, "Grid": " ", "Shape__Area": 2250000000000, "Shape__Length": 6000000}}, {"type": "Feature", "id": 562, "geometry": {"type": "Polygon", "coordinates": [[[-94.3231048325497, 79.1237548350744], [-80.8483755707569, 79.1237548350744], [-80.8483755707569, 76.2647777185781], [-94.3231048325497, 76.2647777185781], [-94.3231048325497, 79.1237548350744]]]}, "properties": {"FID": 562, "Shape_Leng": 6000000, "Grid": " ", "Shape__Area": 2250000000000, "Shape__Length": 6000000}}, {"type": "Feature", "id": 563, "geometry": {"type": "Polygon", "coordinates": [[[-80.8483755707569, 81.3934028410464], [-67.3736463089641, 81.3934028410464], [-67.3736463089641, 79.1237548350744], [-80.8483755707569, 79.1237548350744], [-80.8483755707569, 81.3934028410464]]]}, "properties": {"FID": 563, "Shape_Leng": 6000000, "Grid": " ", "Shape__Area": 2250000000000, "Shape__Length": 6000000}}, {"type": "Feature", "id": 564, "geometry": {"type": "Polygon", "coordinates": [[[-78.0026251029589, 76.2647777185781], [-80.8483755707569, 76.2647777185781], [-80.8483755707569, 79.1237548350744], [-67.3736463089641, 79.1237548350744], [-67.3736463089641, 77.5049972238166], [-67.3736463089641, 76.2647777185781], [-78.0026251029589, 76.2647777185781]]]}, "properties": {"FID": 564, "Shape_Leng": 6000000, "Grid": " ", "Shape__Area": 2250000000000, "Shape__Length": 6000000}}, {"type": "Feature", "id": 565, "geometry": {"type": "Polygon", "coordinates": [[[-67.3736463089641, 81.3934028410464], [-53.8989170471713, 81.3934028410464], [-53.8989170471713, 79.1237548350744], [-67.3736463089641, 79.1237548350744], [-67.3736463089641, 81.3934028410464]]]}, "properties": {"FID": 565, "Shape_Leng": 6000000, "Grid": " ", "Shape__Area": 2250000000000, "Shape__Length": 6000000}}, {"type": "Feature", "id": 566, "geometry": {"type": "Polygon", "coordinates": [[[-53.8989170471713, 76.2647777185781], [-67.3736463089641, 76.2647777185781], [-67.3736463089641, 77.5049972238166], [-67.3736463089641, 79.1237548350744], [-53.8989170471713, 79.1237548350744], [-53.8989170471713, 78.6412595393771], [-53.8989170471713, 76.2647777185781]]]}, "properties": {"FID": 566, "Shape_Leng": 6000000, "Grid": " ", "Shape__Area": 2250000000000, "Shape__Length": 6000000}}, {"type": "Feature", "id": 567, "geometry": {"type": "Polygon", "coordinates": [[[-46.1571434803084, 79.1237548350744], [-53.8989170471713, 79.1237548350744], [-53.8989170471713, 81.3934028410464], [-40.4241877853785, 81.3934028410464], [-40.4241877853785, 79.4147761867459], [-40.4241877853785, 79.1237548350744], [-46.1571434803084, 79.1237548350744]]]}, "properties": {"FID": 567, "Shape_Leng": 6000000, "Grid": " ", "Shape__Area": 2250000000000, "Shape__Length": 6000000}}, {"type": "Feature", "id": 568, "geometry": {"type": "Polygon", "coordinates": [[[-52.0571375722656, 76.2647777185781], [-53.8989170471713, 76.2647777185781], [-53.8989170471713, 78.6412595393771], [-53.8989170471713, 79.1237548350744], [-46.1571434803084, 79.1237548350744], [-40.4241877853785, 79.1237548350744], [-40.4241877853785, 77.5828665224757], [-40.4241877853785, 76.2647777185781], [-52.0571375722656, 76.2647777185781]]]}, "properties": {"FID": 568, "Shape_Leng": 6000000, "Grid": " ", "Shape__Area": 2250000000000, "Shape__Length": 6000000}}, {"type": "Feature", "id": 569, "geometry": {"type": "Polygon", "coordinates": [[[-34.140355265887, 79.1237548350744], [-40.4241877853785, 79.1237548350744], [-40.4241877853785, 79.4147761867459], [-40.4241877853785, 81.3934028410464], [-26.9494585235856, 81.3934028410464], [-26.9494585235856, 79.9087066448659], [-26.9494585235856, 79.1237548350744], [-34.1403550781391, 79.1237548350744], [-34.140355265887, 79.1237548350744]]]}, "properties": {"FID": 569, "Shape_Leng": 6000000, "Grid": " ", "Shape__Area": 2250000000000, "Shape__Length": 6000000}}, {"type": "Feature", "id": 570, "geometry": {"type": "Polygon", "coordinates": [[[-38.4531040098744, 76.2647777185781], [-40.4241877853785, 76.2647777185781], [-40.4241877853785, 77.5828665224757], [-40.4241877853785, 79.1237548350744], [-34.140355265887, 79.1237548350744], [-34.1403550781391, 79.1237548350744], [-26.9494585235856, 79.1237548350744], [-26.9494585235856, 78.5997705763691], [-26.9494585235856, 76.2647777185781], [-38.4531037304983, 76.2647777185781], [-38.4531040098744, 76.2647777185781]]]}, "properties": {"FID": 570, "Shape_Leng": 6000000, "Grid": " ", "Shape__Area": 2250000000000, "Shape__Length": 6000000}}, {"type": "Feature", "id": 571, "geometry": {"type": "Polygon", "coordinates": [[[-16.0753247661112, 79.1237548350744], [-26.9494585235856, 79.1237548350744], [-26.9494585235856, 79.9087066448659], [-26.9494585235856, 81.3934028410464], [-13.4747292617928, 81.3934028410464], [-13.4747292617928, 80.2170950723528], [-13.4747292617928, 79.2160709850763], [-13.4747292617928, 79.1237548350744], [-16.0753247661112, 79.1237548350744]]]}, "properties": {"FID": 571, "Shape_Leng": 6000000, "Grid": " ", "Shape__Area": 2250000000000, "Shape__Length": 6000000}}, {"type": "Feature", "id": 572, "geometry": {"type": "Polygon", "coordinates": [[[-13.4747292617928, 76.2647777185781], [-26.9494585235856, 76.2647777185781], [-26.9494585235856, 78.5997705763691], [-26.9494585235856, 79.1237548350744], [-16.0753247661112, 79.1237548350744], [-13.4747292617928, 79.1237548350744], [-13.4747292617928, 76.2647777185781]]]}, "properties": {"FID": 572, "Shape_Leng": 6000000, "Grid": " ", "Shape__Area": 2250000000000, "Shape__Length": 6000000}}, {"type": "Feature", "id": 573, "geometry": {"type": "Polygon", "coordinates": [[[0, 79.1237548350744], [-13.4747292617928, 79.1237548350744], [-13.4747292617928, 79.2160709850763], [-13.4747292617928, 80.2170950723528], [-13.4747292617928, 81.3934028410464], [0, 81.3934028410464], [0, 80.3837171342091], [0, 79.5142850769641], [0, 79.1237548350744]]]}, "properties": {"FID": 573, "Shape_Leng": 6000000, "Grid": " ", "Shape__Area": 2250000000000, "Shape__Length": 6000000}}, {"type": "Feature", "id": 574, "geometry": {"type": "Polygon", "coordinates": [[[-5.20193171001273, 76.2647777185781], [-13.4747292617928, 76.2647777185781], [-13.4747292617928, 79.1237548350744], [0, 79.1237548350744], [0, 78.2704539201242], [0, 78.2704483007069], [0, 77.2703349904246], [0, 77.2703348686885], [0, 76.2647777185781], [-2.16552845312303, 76.2647777185781], [-2.16552850342867, 76.2647777185781], [-5.20191520975758, 76.2647777185781], [-5.20193171001273, 76.2647777185781]]]}, "properties": {"FID": 574, "Shape_Leng": 6000000, "Grid": " ", "Shape__Area": 2250000000000, "Shape__Length": 6000000}}, {"type": "Feature", "id": 575, "geometry": {"type": "Polygon", "coordinates": [[[3.31822233256496, 79.1237548350744], [0, 79.1237548350744], [0, 79.5142850769641], [0, 80.3837171342091], [0, 81.3934028410464], [13.4747292617928, 81.3934028410464], [13.4747292617928, 80.4170828147162], [13.4747292617928, 79.6282765232642], [13.4747292617928, 79.503430181714], [13.4747292617928, 79.5034281129879], [13.4747292617928, 79.5034279972858], [13.4747292617928, 79.1237548350744], [6.60243301925354, 79.1237548350744], [6.60243213261637, 79.1237548350744], [3.31824361095911, 79.1237548350744], [3.31822233256496, 79.1237548350744]]]}, "properties": {"FID": 575, "Shape_Leng": 6000000, "Grid": " ", "Shape__Area": 2250000000000, "Shape__Length": 6000000}}, {"type": "Feature", "id": 576, "geometry": {"type": "Polygon", "coordinates": [[[1.48471827190558, 76.2647777185781], [0, 76.2647777185781], [0, 77.2703348686885], [0, 77.2703349904246], [0, 78.2704483007069], [0, 78.2704539201242], [0, 79.1237548350744], [3.31822233256496, 79.1237548350744], [3.31824361095911, 79.1237548350744], [6.60243213261637, 79.1237548350744], [6.60243301925354, 79.1237548350744], [13.4747292617928, 79.1237548350744], [13.4747292617928, 76.2647777185781], [6.49530956661267, 76.2647777185781], [6.4953091938118, 76.2647777185781], [5.77528330051297, 76.2647777185781], [1.48471914596636, 76.2647777185781], [1.48471827190558, 76.2647777185781]]]}, "properties": {"FID": 576, "Shape_Leng": 6000000, "Grid": " ", "Shape__Area": 2250000000000, "Shape__Length": 6000000}}, {"type": "Feature", "id": 577, "geometry": {"type": "Polygon", "coordinates": [[[16.9954270300554, 79.1237548350744], [13.4747292617928, 79.1237548350744], [13.4747292617928, 79.5034279972858], [13.4747292617928, 79.5034281129879], [13.4747292617928, 79.503430181714], [13.4747292617928, 79.6282765232642], [13.4747292617928, 80.4170828147162], [13.4747292617928, 81.3934028410464], [26.9494585235856, 81.3934028410464], [26.9494585235856, 80.3189924199372], [26.9494585235856, 79.6338846964402], [26.9494585235856, 79.2902177041412], [26.9494585235856, 79.2902156017256], [26.9494585235856, 79.2902154995596], [26.9494585235856, 79.1237548350744], [16.9954270300554, 79.1237548350744]]]}, "properties": {"FID": 577, "Shape_Leng": 6000000, "Grid": " ", "Shape__Area": 2250000000000, "Shape__Length": 6000000}}, {"type": "Feature", "id": 578, "geometry": {"type": "Polygon", "coordinates": [[[19.1710813379767, 76.2647777185781], [13.4747292617928, 76.2647777185781], [13.4747292617928, 79.1237548350744], [16.9954270300554, 79.1237548350744], [26.9494585235856, 79.1237548350744], [26.9494585235856, 76.7487154736783], [26.9494585235856, 76.2647777185781], [25.7719740600301, 76.2647777185781], [19.1710813379767, 76.2647777185781]]]}, "properties": {"FID": 578, "Shape_Leng": 6000000, "Grid": " ", "Shape__Area": 2250000000000, "Shape__Length": 6000000}}, {"type": "Feature", "id": 579, "geometry": {"type": "Polygon", "coordinates": [[[33.8263764590228, 79.1237548350744], [26.9494585235856, 79.1237548350744], [26.9494585235856, 79.2902154995596], [26.9494585235856, 79.2902156017256], [26.9494585235856, 79.2902177041412], [26.9494585235856, 79.6338846964402], [26.9494585235856, 80.3189924199372], [26.9494585235856, 81.3934028410464], [40.4241877853785, 81.3934028410464], [40.4241877853785, 80.0843357863281], [40.4241877853785, 79.475504949212], [40.4241877853785, 79.1237548350744], [33.8263813467563, 79.1237548350744], [33.8263765219049, 79.1237548350744], [33.8263764590228, 79.1237548350744]]]}, "properties": {"FID": 579, "Shape_Leng": 6000000, "Grid": " ", "Shape__Area": 2250000000000, "Shape__Length": 6000000}}, {"type": "Feature", "id": 580, "geometry": {"type": "Polygon", "coordinates": [[[30.8756169993879, 76.2647777185781], [26.9494585235856, 76.2647777185781], [26.9494585235856, 76.7487154736783], [26.9494585235856, 79.1237548350744], [33.8263764590228, 79.1237548350744], [33.8263765219049, 79.1237548350744], [33.8263813467563, 79.1237548350744], [40.4241877853785, 79.1237548350744], [40.4241877853785, 76.2647777185781], [30.8756325869547, 76.2647777185781], [30.8756318000305, 76.2647777185781], [30.8756169993879, 76.2647777185781]]]}, "properties": {"FID": 580, "Shape_Leng": 6000000, "Grid": " ", "Shape__Area": 2250000000000, "Shape__Length": 6000000}}, {"type": "Feature", "id": 581, "geometry": {"type": "Polygon", "coordinates": [[[53.8989170471713, 79.1237548350744], [40.4241877853785, 79.1237548350744], [40.4241877853785, 79.475504949212], [40.4241877853785, 80.0843357863281], [40.4241877853785, 81.3934028410464], [53.8989170471713, 81.3934028410464], [53.8989170471713, 79.7007038159473], [53.8989170471713, 79.1432375497689], [53.8989170471713, 79.1237548350744]]]}, "properties": {"FID": 581, "Shape_Leng": 6000000, "Grid": " ", "Shape__Area": 2250000000000, "Shape__Length": 6000000}}, {"type": "Feature", "id": 582, "geometry": {"type": "Polygon", "coordinates": [[[40.4241877853785, 79.1237548350744], [53.8989170471713, 79.1237548350744], [53.8989170471713, 76.2647777185781], [40.4241877853785, 76.2647777185781], [40.4241877853785, 79.1237548350744]]]}, "properties": {"FID": 582, "Shape_Leng": 6000000, "Grid": " ", "Shape__Area": 2250000000000, "Shape__Length": 6000000}}, {"type": "Feature", "id": 583, "geometry": {"type": "Polygon", "coordinates": [[[54.5089229609255, 79.1237548350744], [53.8989170471713, 79.1237548350744], [53.8989170471713, 79.1432375497689], [53.8989170471713, 79.7007038159473], [53.8989170471713, 81.3934028410464], [67.3736463089641, 81.3934028410464], [67.3736463089641, 79.204956104172], [67.3736463089641, 79.1237548350744], [54.5089229609255, 79.1237548350744]]]}, "properties": {"FID": 583, "Shape_Leng": 6000000, "Grid": " ", "Shape__Area": 2250000000000, "Shape__Length": 6000000}}, {"type": "Feature", "id": 584, "geometry": {"type": "Polygon", "coordinates": [[[67.3736463089641, 76.2647777185781], [53.8989170471713, 76.2647777185781], [53.8989170471713, 79.1237548350744], [54.5089229609255, 79.1237548350744], [67.3736463089641, 79.1237548350744], [67.3736463089641, 78.6160062423361], [67.3736463089641, 76.2647777185781]]]}, "properties": {"FID": 584, "Shape_Leng": 6000000, "Grid": " ", "Shape__Area": 2250000000000, "Shape__Length": 6000000}}, {"type": "Feature", "id": 585, "geometry": {"type": "Polygon", "coordinates": [[[69.2496307516869, 79.1237548350744], [67.3736463089641, 79.1237548350744], [67.3736463089641, 79.204956104172], [67.3736463089641, 81.3934028410464], [80.8483755707569, 81.3934028410464], [80.8483755707569, 79.1237548350744], [69.2496307516869, 79.1237548350744]]]}, "properties": {"FID": 585, "Shape_Leng": 6000000, "Grid": " ", "Shape__Area": 2250000000000, "Shape__Length": 6000000}}, {"type": "Feature", "id": 586, "geometry": {"type": "Polygon", "coordinates": [[[80.8483755707569, 76.2647777185781], [67.3736463089641, 76.2647777185781], [67.3736463089641, 78.6160062423361], [67.3736463089641, 79.1237548350744], [69.2496307516869, 79.1237548350744], [80.8483755707569, 79.1237548350744], [80.8483755707569, 78.5309975404946], [80.8483755707569, 77.8585305775909], [80.8483755707569, 76.2647777185781]]]}, "properties": {"FID": 586, "Shape_Leng": 6000000, "Grid": " ", "Shape__Area": 2250000000000, "Shape__Length": 6000000}}, {"type": "Feature", "id": 587, "geometry": {"type": "Polygon", "coordinates": [[[80.8483755707569, 81.3934028410464], [94.3231048325497, 81.3934028410464], [94.3231048325497, 79.1237548350744], [80.8483755707569, 79.1237548350744], [80.8483755707569, 81.3934028410464]]]}, "properties": {"FID": 587, "Shape_Leng": 6000000, "Grid": " ", "Shape__Area": 2250000000000, "Shape__Length": 6000000}}, {"type": "Feature", "id": 588, "geometry": {"type": "Polygon", "coordinates": [[[94.3231048325497, 76.2647777185781], [80.8483755707569, 76.2647777185781], [80.8483755707569, 77.8585305775909], [80.8483755707569, 78.5309975404946], [80.8483755707569, 79.1237548350744], [94.3231048325497, 79.1237548350744], [94.3231048325497, 77.6184056370199], [94.3231048325497, 76.8160497823857], [94.3231048325497, 76.2647777185781]]]}, "properties": {"FID": 588, "Shape_Leng": 6000000, "Grid": " ", "Shape__Area": 2250000000000, "Shape__Length": 6000000}}, {"type": "Feature", "id": 589, "geometry": {"type": "Polygon", "coordinates": [[[94.3231048325497, 81.3934028410464], [107.797834094343, 81.3934028410464], [107.797834094343, 79.1237548350744], [94.3231048325497, 79.1237548350744], [94.3231048325497, 81.3934028410464]]]}, "properties": {"FID": 589, "Shape_Leng": 6000000, "Grid": " ", "Shape__Area": 2250000000000, "Shape__Length": 6000000}}, {"type": "Feature", "id": 590, "geometry": {"type": "Polygon", "coordinates": [[[100.077881833728, 76.2647777185781], [94.3231048325497, 76.2647777185781], [94.3231048325497, 76.8160497823857], [94.3231048325497, 77.6184056370199], [94.3231048325497, 79.1237548350744], [107.797834094343, 79.1237548350744], [107.797834094343, 76.3818252209163], [107.797834094343, 76.2647777185781], [100.077881833728, 76.2647777185781]]]}, "properties": {"FID": 590, "Shape_Leng": 6000000, "Grid": " ", "Shape__Area": 2250000000000, "Shape__Length": 6000000}}, {"type": "Feature", "id": 591, "geometry": {"type": "Polygon", "coordinates": [[[107.797834094343, 81.3934028410464], [121.272563356135, 81.3934028410464], [121.272563356135, 79.1237548350744], [107.797834094343, 79.1237548350744], [107.797834094343, 81.3934028410464]]]}, "properties": {"FID": 591, "Shape_Leng": 6000000, "Grid": " ", "Shape__Area": 2250000000000, "Shape__Length": 6000000}}, {"type": "Feature", "id": 592, "geometry": {"type": "Polygon", "coordinates": [[[108.769232220847, 76.2647777185781], [107.797834094343, 76.2647777185781], [107.797834094343, 76.3818252209163], [107.797834094343, 79.1237548350744], [121.272563356135, 79.1237548350744], [121.272563356135, 76.2647777185781], [108.769232220847, 76.2647777185781]]]}, "properties": {"FID": 592, "Shape_Leng": 6000000, "Grid": " ", "Shape__Area": 2250000000000, "Shape__Length": 6000000}}, {"type": "Feature", "id": 593, "geometry": {"type": "Polygon", "coordinates": [[[121.272563356135, 81.3934028410464], [134.747292617928, 81.3934028410464], [134.747292617928, 79.1237548350744], [121.272563356135, 79.1237548350744], [121.272563356135, 81.3934028410464]]]}, "properties": {"FID": 593, "Shape_Leng": 6000000, "Grid": " ", "Shape__Area": 2250000000000, "Shape__Length": 6000000}}, {"type": "Feature", "id": 594, "geometry": {"type": "Polygon", "coordinates": [[[121.272563356135, 79.1237548350744], [134.747292617928, 79.1237548350744], [134.747292617928, 76.2647777185781], [121.272563356135, 76.2647777185781], [121.272563356135, 79.1237548350744]]]}, "properties": {"FID": 594, "Shape_Leng": 6000000, "Grid": " ", "Shape__Area": 2250000000000, "Shape__Length": 6000000}}, {"type": "Feature", "id": 595, "geometry": {"type": "Polygon", "coordinates": [[[134.747292617928, 81.3934028410464], [148.222021879721, 81.3934028410464], [148.222021879721, 79.1237548350744], [134.747292617928, 79.1237548350744], [134.747292617928, 81.3934028410464]]]}, "properties": {"FID": 595, "Shape_Leng": 6000000, "Grid": " ", "Shape__Area": 2250000000000, "Shape__Length": 6000000}}, {"type": "Feature", "id": 596, "geometry": {"type": "Polygon", "coordinates": [[[134.747292617928, 79.1237548350744], [148.222021879721, 79.1237548350744], [148.222021879721, 76.2647777185781], [134.747292617928, 76.2647777185781], [134.747292617928, 79.1237548350744]]]}, "properties": {"FID": 596, "Shape_Leng": 6000000, "Grid": " ", "Shape__Area": 2250000000000, "Shape__Length": 6000000}}, {"type": "Feature", "id": 597, "geometry": {"type": "Polygon", "coordinates": [[[148.222021879721, 81.3934028410464], [161.696751141514, 81.3934028410464], [161.696751141514, 79.1237548350744], [148.222021879721, 79.1237548350744], [148.222021879721, 81.3934028410464]]]}, "properties": {"FID": 597, "Shape_Leng": 6000000, "Grid": " ", "Shape__Area": 2250000000000, "Shape__Length": 6000000}}, {"type": "Feature", "id": 598, "geometry": {"type": "Polygon", "coordinates": [[[148.222021879721, 79.1237548350744], [161.696751141514, 79.1237548350744], [161.696751141514, 76.2647777185781], [148.222021879721, 76.2647777185781], [148.222021879721, 79.1237548350744]]]}, "properties": {"FID": 598, "Shape_Leng": 6000000, "Grid": " ", "Shape__Area": 2250000000000, "Shape__Length": 6000000}}, {"type": "Feature", "id": 599, "geometry": {"type": "Polygon", "coordinates": [[[161.696751141514, 81.3934028410464], [175.171480403307, 81.3934028410464], [175.171480403307, 79.1237548350744], [161.696751141514, 79.1237548350744], [161.696751141514, 81.3934028410464]]]}, "properties": {"FID": 599, "Shape_Leng": 6000000, "Grid": " ", "Shape__Area": 2250000000000, "Shape__Length": 6000000}}, {"type": "Feature", "id": 600, "geometry": {"type": "Polygon", "coordinates": [[[161.696751141514, 79.1237548350744], [175.171480403307, 79.1237548350744], [175.171480403307, 76.2647777185781], [161.696751141514, 76.2647777185781], [161.696751141514, 79.1237548350744]]]}, "properties": {"FID": 600, "Shape_Leng": 6000000, "Grid": " ", "Shape__Area": 2250000000000, "Shape__Length": 6000000}}, {"type": "Feature", "id": 601, "geometry": {"type": "Polygon", "coordinates": [[[-161.696751141514, 76.2647777185781], [-148.222021879721, 76.2647777185781], [-148.222021879721, 72.6726762942099], [-161.696751141514, 72.6726762942099], [-161.696751141514, 76.2647777185781]]]}, "properties": {"FID": 601, "Shape_Leng": 6000000, "Grid": " ", "Shape__Area": 2250000000000, "Shape__Length": 6000000}}, {"type": "Feature", "id": 602, "geometry": {"type": "Polygon", "coordinates": [[[-161.696751141514, 72.6726762942099], [-148.222021879721, 72.6726762942099], [-148.222021879721, 68.1776762364547], [-161.696751141514, 68.1776762364547], [-161.696751141514, 72.6726762942099]]]}, "properties": {"FID": 602, "Shape_Leng": 6000000, "Grid": " ", "Shape__Area": 2250000000000, "Shape__Length": 6000000}}, {"type": "Feature", "id": 603, "geometry": {"type": "Polygon", "coordinates": [[[-161.696751141514, 68.1776762364547], [-148.222021879721, 68.1776762364547], [-148.222021879721, 62.5882773287332], [-161.696751141514, 62.5882773287332], [-161.696751141514, 68.1776762364547]]]}, "properties": {"FID": 603, "Shape_Leng": 6000000, "Grid": " ", "Shape__Area": 2250000000000, "Shape__Length": 6000000}}, {"type": "Feature", "id": 604, "geometry": {"type": "Polygon", "coordinates": [[[-161.696751141514, 62.5882773287332], [-148.222021879721, 62.5882773287332], [-148.222021879721, 55.7054441737093], [-161.696751141514, 55.7054441737093], [-161.696751141514, 62.5882773287332]]]}, "properties": {"FID": 604, "Shape_Leng": 6000000, "Grid": " ", "Shape__Area": 2250000000000, "Shape__Length": 6000000}}, {"type": "Feature", "id": 605, "geometry": {"type": "Polygon", "coordinates": [[[-161.696751141514, 55.7054441737093], [-148.222021879721, 55.7054441737093], [-148.222021879721, 47.3537047024331], [-161.696751141514, 47.3537047024331], [-161.696751141514, 55.7054441737093]]]}, "properties": {"FID": 605, "Shape_Leng": 6000000, "Grid": " ", "Shape__Area": 2250000000000, "Shape__Length": 6000000}}, {"type": "Feature", "id": 606, "geometry": {"type": "Polygon", "coordinates": [[[-161.696751141514, 47.3537047024331], [-148.222021879721, 47.3537047024331], [-148.222021879721, 37.4356072027454], [-161.696751141514, 37.4356072027454], [-161.696751141514, 47.3537047024331]]]}, "properties": {"FID": 606, "Shape_Leng": 6000000, "Grid": " ", "Shape__Area": 2250000000000, "Shape__Length": 6000000}}, {"type": "Feature", "id": 607, "geometry": {"type": "Polygon", "coordinates": [[[-161.696751141514, 37.4356072027454], [-148.222021879721, 37.4356072027454], [-148.222021879721, 26.0074202319812], [-161.696751141514, 26.0074202319812], [-161.696751141514, 37.4356072027454]]]}, "properties": {"FID": 607, "Shape_Leng": 6000000, "Grid": " ", "Shape__Area": 2250000000000, "Shape__Length": 6000000}}, {"type": "Feature", "id": 608, "geometry": {"type": "Polygon", "coordinates": [[[-149.731465319523, 13.3522076267078], [-161.696751141514, 13.3522076267078], [-161.696751141514, 26.0074202319812], [-148.222021879721, 26.0074202319812], [-148.222021879721, 18.8775827226671], [-148.222021879721, 13.3522076267078], [-149.731465319523, 13.3522076267078]]]}, "properties": {"FID": 608, "Shape_Leng": 6000000, "Grid": " ", "Shape__Area": 2250000000000, "Shape__Length": 6000000}}, {"type": "Feature", "id": 609, "geometry": {"type": "Polygon", "coordinates": [[[-152.42822073819, 0], [-161.696751141514, 0], [-161.696751141514, 13.3522076267078], [-149.731465319523, 13.3522076267078], [-148.222021879721, 13.3522076267078], [-148.222021879721, 0], [-152.42822073819, 0]]]}, "properties": {"FID": 609, "Shape_Leng": 6000000, "Grid": " ", "Shape__Area": 2250000000000, "Shape__Length": 6000000}}, {"type": "Feature", "id": 610, "geometry": {"type": "Polygon", "coordinates": [[[-153.99483510785, -13.3522076267078], [-161.696751141514, -13.3522076267078], [-161.696751141514, 0], [-152.42822073819, 0], [-148.222021879721, 0], [-148.222021879721, -13.3522076267078], [-153.99483510785, -13.3522076267078]]]}, "properties": {"FID": 610, "Shape_Leng": 6000000, "Grid": " ", "Shape__Area": 2250000000000, "Shape__Length": 6000000}}, {"type": "Feature", "id": 611, "geometry": {"type": "Polygon", "coordinates": [[[-154.462126979465, -26.0074202319812], [-161.696751141514, -26.0074202319812], [-161.696751141514, -13.3522076267078], [-153.99483510785, -13.3522076267078], [-148.222021879721, -13.3522076267078], [-148.222021879721, -26.0074202319812], [-154.462126979465, -26.0074202319812]]]}, "properties": {"FID": 611, "Shape_Leng": 6000000, "Grid": " ", "Shape__Area": 2250000000000, "Shape__Length": 6000000}}, {"type": "Feature", "id": 612, "geometry": {"type": "Polygon", "coordinates": [[[-153.840805963647, -37.4356072027454], [-161.696751141514, -37.4356072027454], [-161.696751141514, -26.0074202319812], [-154.462126979465, -26.0074202319812], [-148.222021879721, -26.0074202319812], [-148.222021879721, -37.4356072027454], [-153.840805963647, -37.4356072027454]]]}, "properties": {"FID": 612, "Shape_Leng": 6000000, "Grid": " ", "Shape__Area": 2250000000000, "Shape__Length": 6000000}}, {"type": "Feature", "id": 613, "geometry": {"type": "Polygon", "coordinates": [[[-152.117192438893, -47.3537047024331], [-161.696751141514, -47.3537047024331], [-161.696751141514, -37.4356072027454], [-153.840805963647, -37.4356072027454], [-148.222021879721, -37.4356072027454], [-148.222021879721, -47.3537047024331], [-152.117192438893, -47.3537047024331]]]}, "properties": {"FID": 613, "Shape_Leng": 6000000, "Grid": " ", "Shape__Area": 2250000000000, "Shape__Length": 6000000}}, {"type": "Feature", "id": 614, "geometry": {"type": "Polygon", "coordinates": [[[-148.580391326219, -55.7054441737093], [-161.696751141514, -55.7054441737093], [-161.696751141514, -47.3537047024331], [-152.117192438893, -47.3537047024331], [-148.222021879721, -47.3537047024331], [-148.222021879721, -53.7940061324121], [-148.222021879721, -55.7054441737093], [-148.261129005248, -55.7054441737093], [-148.580391326219, -55.7054441737093]]]}, "properties": {"FID": 614, "Shape_Leng": 6000000, "Grid": " ", "Shape__Area": 2250000000000, "Shape__Length": 6000000}}, {"type": "Feature", "id": 615, "geometry": {"type": "Polygon", "coordinates": [[[-148.222021879721, -62.5882773287332], [-161.696751141514, -62.5882773287332], [-161.696751141514, -55.7054441737093], [-148.580391326219, -55.7054441737093], [-148.261129005248, -55.7054441737093], [-148.222021879721, -55.7054441737093], [-148.222021879721, -55.7620509591386], [-148.222021879721, -56.2880422312815], [-148.222021879721, -62.5882773287332]]]}, "properties": {"FID": 615, "Shape_Leng": 6000000, "Grid": " ", "Shape__Area": 2250000000000, "Shape__Length": 6000000}}, {"type": "Feature", "id": 616, "geometry": {"type": "Polygon", "coordinates": [[[-161.696751141514, -62.5882773287332], [-148.222021879721, -62.5882773287332], [-148.222021879721, -68.1776762364548], [-161.696751141514, -68.1776762364548], [-161.696751141514, -62.5882773287332]]]}, "properties": {"FID": 616, "Shape_Leng": 6000000, "Grid": " ", "Shape__Area": 2250000000000, "Shape__Length": 6000000}}, {"type": "Feature", "id": 617, "geometry": {"type": "Polygon", "coordinates": [[[-161.696751141514, -68.1776762364548], [-148.222021879721, -68.1776762364548], [-148.222021879721, -72.6726762942099], [-161.696751141514, -72.6726762942099], [-161.696751141514, -68.1776762364548]]]}, "properties": {"FID": 617, "Shape_Leng": 6000000, "Grid": " ", "Shape__Area": 2250000000000, "Shape__Length": 6000000}}, {"type": "Feature", "id": 618, "geometry": {"type": "Polygon", "coordinates": [[[-161.696751141514, -72.6726762942099], [-148.222021879721, -72.6726762942099], [-148.222021879721, -76.2647777185781], [-161.696751141514, -76.2647777185781], [-161.696751141514, -72.6726762942099]]]}, "properties": {"FID": 618, "Shape_Leng": 6000000, "Grid": " ", "Shape__Area": 2250000000000, "Shape__Length": 6000000}}, {"type": "Feature", "id": 619, "geometry": {"type": "Polygon", "coordinates": [[[-161.696751141514, -76.2647777185781], [-148.222021879721, -76.2647777185781], [-148.222021879721, -79.1237548350744], [-161.696751141514, -79.1237548350744], [-161.696751141514, -76.2647777185781]]]}, "properties": {"FID": 619, "Shape_Leng": 6000000, "Grid": " ", "Shape__Area": 2250000000000, "Shape__Length": 6000000}}, {"type": "Feature", "id": 620, "geometry": {"type": "Polygon", "coordinates": [[[-161.696751141514, -79.1237548350744], [-148.222021879721, -79.1237548350744], [-148.222021879721, -81.3934028410464], [-161.696751141514, -81.3934028410464], [-161.696751141514, -79.1237548350744]]]}, "properties": {"FID": 620, "Shape_Leng": 6000000, "Grid": " ", "Shape__Area": 2250000000000, "Shape__Length": 6000000}}, {"type": "Feature", "id": 621, "geometry": {"type": "Polygon", "coordinates": [[[-161.696751141514, -81.3934028410464], [-148.222021879721, -81.3934028410464], [-148.222021879721, -83.1922884414757], [-161.696751141514, -83.1922884414757], [-161.696751141514, -81.3934028410464]]]}, "properties": {"FID": 621, "Shape_Leng": 6000000, "Grid": " ", "Shape__Area": 2250000000000, "Shape__Length": 6000000}}, {"type": "Feature", "id": 622, "geometry": {"type": "Polygon", "coordinates": [[[-161.696751141514, -83.1922884414757], [-148.222021879721, -83.1922884414757], [-148.222021879721, -84.6166061457018], [-161.696751141514, -84.6166061457018], [-161.696751141514, -83.1922884414757]]]}, "properties": {"FID": 622, "Shape_Leng": 6000000, "Grid": " ", "Shape__Area": 2250000000000, "Shape__Length": 6000000}}, {"type": "Feature", "id": 623, "geometry": {"type": "Polygon", "coordinates": [[[-161.696751141514, -84.6166061457018], [-148.222021879721, -84.6166061457018], [-148.222021879721, -85.7436302342552], [-161.696751141514, -85.7436302342552], [-161.696751141514, -84.6166061457018]]]}, "properties": {"FID": 623, "Shape_Leng": 6000000, "Grid": " ", "Shape__Area": 2250000000000, "Shape__Length": 6000000}}, {"type": "Feature", "id": 624, "geometry": {"type": "Polygon", "coordinates": [[[-161.696751141514, 81.3934028410464], [-148.222021879721, 81.3934028410464], [-148.222021879721, 79.1237548350744], [-161.696751141514, 79.1237548350744], [-161.696751141514, 81.3934028410464]]]}, "properties": {"FID": 624, "Shape_Leng": 6000000, "Grid": " ", "Shape__Area": 2250000000000, "Shape__Length": 6000000}}, {"type": "Feature", "id": 625, "geometry": {"type": "Polygon", "coordinates": [[[-161.696751141514, 79.1237548350744], [-148.222021879721, 79.1237548350744], [-148.222021879721, 76.2647777185781], [-161.696751141514, 76.2647777185781], [-161.696751141514, 79.1237548350744]]]}, "properties": {"FID": 625, "Shape_Leng": 6000000, "Grid": " ", "Shape__Area": 2250000000000, "Shape__Length": 6000000}}, {"type": "Feature", "id": 626, "geometry": {"type": "Polygon", "coordinates": [[[-175.171480403307, 83.1922884414756], [-161.696751141514, 83.1922884414756], [-161.696751141514, 81.3934028410464], [-175.171480403307, 81.3934028410464], [-175.171480403307, 83.1922884414756]]]}, "properties": {"FID": 626, "Shape_Leng": 6000000, "Grid": " ", "Shape__Area": 2250000000000, "Shape__Length": 6000000}}, {"type": "Feature", "id": 627, "geometry": {"type": "Polygon", "coordinates": [[[-175.171480403307, 84.6166061457018], [-161.696751141514, 84.6166061457018], [-161.696751141514, 83.1922884414756], [-175.171480403307, 83.1922884414756], [-175.171480403307, 84.6166061457018]]]}, "properties": {"FID": 627, "Shape_Leng": 6000000, "Grid": " ", "Shape__Area": 2250000000000, "Shape__Length": 6000000}}, {"type": "Feature", "id": 628, "geometry": {"type": "Polygon", "coordinates": [[[-175.171480403307, 76.2647777185781], [-161.696751141514, 76.2647777185781], [-161.696751141514, 72.6726762942099], [-175.171480403307, 72.6726762942099], [-175.171480403307, 76.2647777185781]]]}, "properties": {"FID": 628, "Shape_Leng": 6000000, "Grid": " ", "Shape__Area": 2250000000000, "Shape__Length": 6000000}}, {"type": "Feature", "id": 629, "geometry": {"type": "Polygon", "coordinates": [[[-175.171480403307, 72.6726762942099], [-161.696751141514, 72.6726762942099], [-161.696751141514, 68.1776762364547], [-175.171480403307, 68.1776762364547], [-175.171480403307, 72.6726762942099]]]}, "properties": {"FID": 629, "Shape_Leng": 6000000, "Grid": " ", "Shape__Area": 2250000000000, "Shape__Length": 6000000}}, {"type": "Feature", "id": 630, "geometry": {"type": "Polygon", "coordinates": [[[-175.171480403307, 68.1776762364547], [-161.696751141514, 68.1776762364547], [-161.696751141514, 62.5882773287332], [-175.171480403307, 62.5882773287332], [-175.171480403307, 68.1776762364547]]]}, "properties": {"FID": 630, "Shape_Leng": 6000000, "Grid": " ", "Shape__Area": 2250000000000, "Shape__Length": 6000000}}, {"type": "Feature", "id": 631, "geometry": {"type": "Polygon", "coordinates": [[[-175.171480403307, 62.5882773287332], [-161.696751141514, 62.5882773287332], [-161.696751141514, 55.7054441737093], [-175.171480403307, 55.7054441737093], [-175.171480403307, 62.5882773287332]]]}, "properties": {"FID": 631, "Shape_Leng": 6000000, "Grid": " ", "Shape__Area": 2250000000000, "Shape__Length": 6000000}}, {"type": "Feature", "id": 632, "geometry": {"type": "Polygon", "coordinates": [[[-175.171480403307, 55.7054441737093], [-161.696751141514, 55.7054441737093], [-161.696751141514, 47.3537047024331], [-175.171480403307, 47.3537047024331], [-175.171480403307, 55.7054441737093]]]}, "properties": {"FID": 632, "Shape_Leng": 6000000, "Grid": " ", "Shape__Area": 2250000000000, "Shape__Length": 6000000}}, {"type": "Feature", "id": 633, "geometry": {"type": "Polygon", "coordinates": [[[-175.171480403307, 47.3537047024331], [-161.696751141514, 47.3537047024331], [-161.696751141514, 37.4356072027454], [-175.171480403307, 37.4356072027454], [-175.171480403307, 47.3537047024331]]]}, "properties": {"FID": 633, "Shape_Leng": 6000000, "Grid": " ", "Shape__Area": 2250000000000, "Shape__Length": 6000000}}, {"type": "Feature", "id": 634, "geometry": {"type": "Polygon", "coordinates": [[[-175.171480403307, 37.4356072027454], [-161.696751141514, 37.4356072027454], [-161.696751141514, 26.0074202319812], [-175.171480403307, 26.0074202319812], [-175.171480403307, 37.4356072027454]]]}, "properties": {"FID": 634, "Shape_Leng": 6000000, "Grid": " ", "Shape__Area": 2250000000000, "Shape__Length": 6000000}}, {"type": "Feature", "id": 635, "geometry": {"type": "Polygon", "coordinates": [[[-163.206194581316, 13.3522076267078], [-175.171480403307, 13.3522076267078], [-175.171480403307, 26.0074202319812], [-161.696751141514, 26.0074202319812], [-161.696751141514, 18.8775827226671], [-161.696751141514, 13.3522076267078], [-163.206194581316, 13.3522076267078]]]}, "properties": {"FID": 635, "Shape_Leng": 6000000, "Grid": " ", "Shape__Area": 2250000000000, "Shape__Length": 6000000}}, {"type": "Feature", "id": 636, "geometry": {"type": "Polygon", "coordinates": [[[-165.902949999983, 0], [-175.171480403307, 0], [-175.171480403307, 13.3522076267078], [-163.206194581316, 13.3522076267078], [-161.696751141514, 13.3522076267078], [-161.696751141514, 0], [-165.902949999983, 0]]]}, "properties": {"FID": 636, "Shape_Leng": 6000000, "Grid": " ", "Shape__Area": 2250000000000, "Shape__Length": 6000000}}, {"type": "Feature", "id": 637, "geometry": {"type": "Polygon", "coordinates": [[[-167.469564369643, -13.3522076267078], [-175.171480403307, -13.3522076267078], [-175.171480403307, 0], [-165.902949999983, 0], [-161.696751141514, 0], [-161.696751141514, -13.3522076267078], [-167.469564369643, -13.3522076267078]]]}, "properties": {"FID": 637, "Shape_Leng": 6000000, "Grid": " ", "Shape__Area": 2250000000000, "Shape__Length": 6000000}}, {"type": "Feature", "id": 638, "geometry": {"type": "Polygon", "coordinates": [[[-167.936856241258, -26.0074202319812], [-175.171480403307, -26.0074202319812], [-175.171480403307, -13.3522076267078], [-167.469564369643, -13.3522076267078], [-161.696751141514, -13.3522076267078], [-161.696751141514, -26.0074202319812], [-167.936856241258, -26.0074202319812]]]}, "properties": {"FID": 638, "Shape_Leng": 6000000, "Grid": " ", "Shape__Area": 2250000000000, "Shape__Length": 6000000}}, {"type": "Feature", "id": 639, "geometry": {"type": "Polygon", "coordinates": [[[-167.31553522544, -37.4356072027454], [-175.171480403307, -37.4356072027454], [-175.171480403307, -26.0074202319812], [-167.936856241258, -26.0074202319812], [-161.696751141514, -26.0074202319812], [-161.696751141514, -37.4356072027454], [-167.31553522544, -37.4356072027454]]]}, "properties": {"FID": 639, "Shape_Leng": 6000000, "Grid": " ", "Shape__Area": 2250000000000, "Shape__Length": 6000000}}, {"type": "Feature", "id": 640, "geometry": {"type": "Polygon", "coordinates": [[[-165.591921700686, -47.3537047024331], [-175.171480403307, -47.3537047024331], [-175.171480403307, -37.4356072027454], [-167.31553522544, -37.4356072027454], [-161.696751141514, -37.4356072027454], [-161.696751141514, -47.3537047024331], [-165.591921700686, -47.3537047024331]]]}, "properties": {"FID": 640, "Shape_Leng": 6000000, "Grid": " ", "Shape__Area": 2250000000000, "Shape__Length": 6000000}}, {"type": "Feature", "id": 641, "geometry": {"type": "Polygon", "coordinates": [[[-162.055120588012, -55.7054441737093], [-175.171480403307, -55.7054441737093], [-175.171480403307, -47.3537047024331], [-165.591921700686, -47.3537047024331], [-161.696751141514, -47.3537047024331], [-161.696751141514, -53.7940061324121], [-161.696751141514, -55.7054441737093], [-161.73585826704, -55.7054441737093], [-162.055120588012, -55.7054441737093]]]}, "properties": {"FID": 641, "Shape_Leng": 6000000, "Grid": " ", "Shape__Area": 2250000000000, "Shape__Length": 6000000}}, {"type": "Feature", "id": 642, "geometry": {"type": "Polygon", "coordinates": [[[-161.696751141514, -62.5882773287332], [-175.171480403307, -62.5882773287332], [-175.171480403307, -55.7054441737093], [-162.055120588012, -55.7054441737093], [-161.73585826704, -55.7054441737093], [-161.696751141514, -55.7054441737093], [-161.696751141514, -55.7620509591386], [-161.696751141514, -56.2880422312815], [-161.696751141514, -62.5882773287332]]]}, "properties": {"FID": 642, "Shape_Leng": 6000000, "Grid": " ", "Shape__Area": 2250000000000, "Shape__Length": 6000000}}, {"type": "Feature", "id": 643, "geometry": {"type": "Polygon", "coordinates": [[[-175.171480403307, -62.5882773287332], [-161.696751141514, -62.5882773287332], [-161.696751141514, -68.1776762364548], [-175.171480403307, -68.1776762364548], [-175.171480403307, -62.5882773287332]]]}, "properties": {"FID": 643, "Shape_Leng": 6000000, "Grid": " ", "Shape__Area": 2250000000000, "Shape__Length": 6000000}}, {"type": "Feature", "id": 644, "geometry": {"type": "Polygon", "coordinates": [[[-175.171480403307, -68.1776762364548], [-161.696751141514, -68.1776762364548], [-161.696751141514, -72.6726762942099], [-175.171480403307, -72.6726762942099], [-175.171480403307, -68.1776762364548]]]}, "properties": {"FID": 644, "Shape_Leng": 6000000, "Grid": " ", "Shape__Area": 2250000000000, "Shape__Length": 6000000}}, {"type": "Feature", "id": 645, "geometry": {"type": "Polygon", "coordinates": [[[-175.171480403307, -72.6726762942099], [-161.696751141514, -72.6726762942099], [-161.696751141514, -76.2647777185781], [-175.171480403307, -76.2647777185781], [-175.171480403307, -72.6726762942099]]]}, "properties": {"FID": 645, "Shape_Leng": 6000000, "Grid": " ", "Shape__Area": 2250000000000, "Shape__Length": 6000000}}, {"type": "Feature", "id": 646, "geometry": {"type": "Polygon", "coordinates": [[[-175.171480403307, -76.2647777185781], [-161.696751141514, -76.2647777185781], [-161.696751141514, -79.1237548350744], [-175.171480403307, -79.1237548350744], [-175.171480403307, -76.2647777185781]]]}, "properties": {"FID": 646, "Shape_Leng": 6000000, "Grid": " ", "Shape__Area": 2250000000000, "Shape__Length": 6000000}}, {"type": "Feature", "id": 647, "geometry": {"type": "Polygon", "coordinates": [[[-175.171480403307, -79.1237548350744], [-161.696751141514, -79.1237548350744], [-161.696751141514, -81.3934028410464], [-175.171480403307, -81.3934028410464], [-175.171480403307, -79.1237548350744]]]}, "properties": {"FID": 647, "Shape_Leng": 6000000, "Grid": " ", "Shape__Area": 2250000000000, "Shape__Length": 6000000}}, {"type": "Feature", "id": 648, "geometry": {"type": "Polygon", "coordinates": [[[-175.171480403307, -81.3934028410464], [-161.696751141514, -81.3934028410464], [-161.696751141514, -83.1922884414757], [-175.171480403307, -83.1922884414757], [-175.171480403307, -81.3934028410464]]]}, "properties": {"FID": 648, "Shape_Leng": 6000000, "Grid": " ", "Shape__Area": 2250000000000, "Shape__Length": 6000000}}, {"type": "Feature", "id": 649, "geometry": {"type": "Polygon", "coordinates": [[[-175.171480403307, -83.1922884414757], [-161.696751141514, -83.1922884414757], [-161.696751141514, -84.6166061457018], [-175.171480403307, -84.6166061457018], [-175.171480403307, -83.1922884414757]]]}, "properties": {"FID": 649, "Shape_Leng": 6000000, "Grid": " ", "Shape__Area": 2250000000000, "Shape__Length": 6000000}}, {"type": "Feature", "id": 650, "geometry": {"type": "Polygon", "coordinates": [[[-175.171480403307, -84.6166061457018], [-161.696751141514, -84.6166061457018], [-161.696751141514, -85.7436302342552], [-175.171480403307, -85.7436302342552], [-175.171480403307, -84.6166061457018]]]}, "properties": {"FID": 650, "Shape_Leng": 6000000, "Grid": " ", "Shape__Area": 2250000000000, "Shape__Length": 6000000}}, {"type": "Feature", "id": 651, "geometry": {"type": "Polygon", "coordinates": [[[-175.171480403307, 81.3934028410464], [-161.696751141514, 81.3934028410464], [-161.696751141514, 79.1237548350744], [-175.171480403307, 79.1237548350744], [-175.171480403307, 81.3934028410464]]]}, "properties": {"FID": 651, "Shape_Leng": 6000000, "Grid": " ", "Shape__Area": 2250000000000, "Shape__Length": 6000000}}, {"type": "Feature", "id": 652, "geometry": {"type": "Polygon", "coordinates": [[[-175.171480403307, 79.1237548350744], [-161.696751141514, 79.1237548350744], [-161.696751141514, 76.2647777185781], [-175.171480403307, 76.2647777185781], [-175.171480403307, 79.1237548350744]]]}, "properties": {"FID": 652, "Shape_Leng": 6000000, "Grid": " ", "Shape__Area": 2250000000000, "Shape__Length": 6000000}}, {"type": "Feature", "id": 653, "geometry": {"type": "Polygon", "coordinates": [[[-148.222021879721, 83.1922884414756], [-134.747292617928, 83.1922884414756], [-134.747292617928, 81.3934028410464], [-148.222021879721, 81.3934028410464], [-148.222021879721, 83.1922884414756]]]}, "properties": {"FID": 653, "Shape_Leng": 6000000, "Grid": " ", "Shape__Area": 2250000000000, "Shape__Length": 6000000}}, {"type": "Feature", "id": 654, "geometry": {"type": "Polygon", "coordinates": [[[-134.747292617928, 83.1922884414756], [-121.272563356135, 83.1922884414756], [-121.272563356135, 81.3934028410464], [-134.747292617928, 81.3934028410464], [-134.747292617928, 83.1922884414756]]]}, "properties": {"FID": 654, "Shape_Leng": 6000000, "Grid": " ", "Shape__Area": 2250000000000, "Shape__Length": 6000000}}, {"type": "Feature", "id": 655, "geometry": {"type": "Polygon", "coordinates": [[[-121.272563356135, 83.1922884414756], [-107.797834094343, 83.1922884414756], [-107.797834094343, 81.3934028410464], [-121.272563356135, 81.3934028410464], [-121.272563356135, 83.1922884414756]]]}, "properties": {"FID": 655, "Shape_Leng": 6000000, "Grid": " ", "Shape__Area": 2250000000000, "Shape__Length": 6000000}}, {"type": "Feature", "id": 656, "geometry": {"type": "Polygon", "coordinates": [[[-107.797834094343, 83.1922884414756], [-94.3231048325497, 83.1922884414756], [-94.3231048325497, 81.3934028410464], [-107.797834094343, 81.3934028410464], [-107.797834094343, 83.1922884414756]]]}, "properties": {"FID": 656, "Shape_Leng": 6000000, "Grid": " ", "Shape__Area": 2250000000000, "Shape__Length": 6000000}}, {"type": "Feature", "id": 657, "geometry": {"type": "Polygon", "coordinates": [[[-94.3231048325497, 83.1922884414756], [-80.8483755707569, 83.1922884414756], [-80.8483755707569, 81.3934028410464], [-94.3231048325497, 81.3934028410464], [-94.3231048325497, 83.1922884414756]]]}, "properties": {"FID": 657, "Shape_Leng": 6000000, "Grid": " ", "Shape__Area": 2250000000000, "Shape__Length": 6000000}}, {"type": "Feature", "id": 658, "geometry": {"type": "Polygon", "coordinates": [[[-80.8483755707569, 83.1922884414756], [-67.3736463089641, 83.1922884414756], [-67.3736463089641, 81.3934028410464], [-80.8483755707569, 81.3934028410464], [-80.8483755707569, 83.1922884414756]]]}, "properties": {"FID": 658, "Shape_Leng": 6000000, "Grid": " ", "Shape__Area": 2250000000000, "Shape__Length": 6000000}}, {"type": "Feature", "id": 659, "geometry": {"type": "Polygon", "coordinates": [[[-67.3736463089641, 83.1922884414756], [-53.8989170471713, 83.1922884414756], [-53.8989170471713, 81.3934028410464], [-67.3736463089641, 81.3934028410464], [-67.3736463089641, 83.1922884414756]]]}, "properties": {"FID": 659, "Shape_Leng": 6000000, "Grid": " ", "Shape__Area": 2250000000000, "Shape__Length": 6000000}}, {"type": "Feature", "id": 660, "geometry": {"type": "Polygon", "coordinates": [[[-46.1571434803084, 81.3934028410464], [-53.8989170471713, 81.3934028410464], [-53.8989170471713, 83.1922884414756], [-40.4241877853785, 83.1922884414756], [-40.4241877853785, 81.6241920023374], [-40.4241877853785, 81.3934028410464], [-46.1571434803084, 81.3934028410464]]]}, "properties": {"FID": 660, "Shape_Leng": 6000000, "Grid": " ", "Shape__Area": 2250000000000, "Shape__Length": 6000000}}, {"type": "Feature", "id": 661, "geometry": {"type": "Polygon", "coordinates": [[[-34.140355265887, 81.3934028410464], [-40.4241877853785, 81.3934028410464], [-40.4241877853785, 81.6241920023374], [-40.4241877853785, 83.1922884414756], [-26.9494585235856, 83.1922884414756], [-26.9494585235856, 82.01580235416], [-26.9494585235856, 81.3934028410464], [-34.1403550781391, 81.3934028410464], [-34.140355265887, 81.3934028410464]]]}, "properties": {"FID": 661, "Shape_Leng": 6000000, "Grid": " ", "Shape__Area": 2250000000000, "Shape__Length": 6000000}}, {"type": "Feature", "id": 662, "geometry": {"type": "Polygon", "coordinates": [[[-16.0753247661112, 81.3934028410464], [-26.9494585235856, 81.3934028410464], [-26.9494585235856, 82.01580235416], [-26.9494585235856, 83.1922884414756], [-13.4747292617928, 83.1922884414756], [-13.4747292617928, 82.2602498362188], [-13.4747292617928, 81.4666169321782], [-13.4747292617928, 81.3934028410464], [-16.0753247661112, 81.3934028410464]]]}, "properties": {"FID": 662, "Shape_Leng": 6000000, "Grid": " ", "Shape__Area": 2250000000000, "Shape__Length": 6000000}}, {"type": "Feature", "id": 663, "geometry": {"type": "Polygon", "coordinates": [[[0, 81.3934028410464], [-13.4747292617928, 81.3934028410464], [-13.4747292617928, 81.4666169321782], [-13.4747292617928, 82.2602498362188], [-13.4747292617928, 83.1922884414756], [0, 83.1922884414756], [0, 82.3923070644136], [0, 81.7030963544555], [0, 81.3934028410464]]]}, "properties": {"FID": 663, "Shape_Leng": 6000000, "Grid": " ", "Shape__Area": 2250000000000, "Shape__Length": 6000000}}, {"type": "Feature", "id": 664, "geometry": {"type": "Polygon", "coordinates": [[[3.31822233256496, 81.3934028410464], [0, 81.3934028410464], [0, 81.7030963544555], [0, 82.3923070644136], [0, 83.1922884414756], [13.4747292617928, 83.1922884414756], [13.4747292617928, 82.4187497605022], [13.4747292617928, 81.793478706344], [13.4747292617928, 81.6944893274797], [13.4747292617928, 81.694487687147], [13.4747292617928, 81.6944875954047], [13.4747292617928, 81.3934028410464], [6.60243301925354, 81.3934028410464], [6.60243213261637, 81.3934028410464], [3.31824361095911, 81.3934028410464], [3.31822233256496, 81.3934028410464]]]}, "properties": {"FID": 664, "Shape_Leng": 6000000, "Grid": " ", "Shape__Area": 2249999999999.999, "Shape__Length": 6000000}}, {"type": "Feature", "id": 665, "geometry": {"type": "Polygon", "coordinates": [[[16.9954270300554, 81.3934028410464], [13.4747292617928, 81.3934028410464], [13.4747292617928, 81.6944875954047], [13.4747292617928, 81.694487687147], [13.4747292617928, 81.6944893274797], [13.4747292617928, 81.793478706344], [13.4747292617928, 82.4187497605022], [13.4747292617928, 83.1922884414756], [26.9494585235856, 83.1922884414756], [26.9494585235856, 82.3410105822401], [26.9494585235856, 81.7979251969567], [26.9494585235856, 81.5254182010728], [26.9494585235856, 81.5254165338122], [26.9494585235856, 81.5254164527924], [26.9494585235856, 81.3934028410464], [16.9954270300554, 81.3934028410464]]]}, "properties": {"FID": 665, "Shape_Leng": 6000000, "Grid": " ", "Shape__Area": 2250000000000, "Shape__Length": 6000000}}, {"type": "Feature", "id": 666, "geometry": {"type": "Polygon", "coordinates": [[[33.8263764590228, 81.3934028410464], [26.9494585235856, 81.3934028410464], [26.9494585235856, 81.5254164527924], [26.9494585235856, 81.5254165338122], [26.9494585235856, 81.5254182010728], [26.9494585235856, 81.7979251969567], [26.9494585235856, 82.3410105822401], [26.9494585235856, 83.1922884414756], [40.4241877853785, 83.1922884414756], [40.4241877853785, 82.1550219592733], [40.4241877853785, 81.6723466891342], [40.4241877853785, 81.3934028410464], [33.8263813467563, 81.3934028410464], [33.8263765219049, 81.3934028410464], [33.8263764590228, 81.3934028410464]]]}, "properties": {"FID": 666, "Shape_Leng": 6000000, "Grid": " ", "Shape__Area": 2250000000000, "Shape__Length": 6000000}}, {"type": "Feature", "id": 667, "geometry": {"type": "Polygon", "coordinates": [[[53.8989170471713, 81.3934028410464], [40.4241877853785, 81.3934028410464], [40.4241877853785, 81.6723466891342], [40.4241877853785, 82.1550219592733], [40.4241877853785, 83.1922884414756], [53.8989170471713, 83.1922884414756], [53.8989170471713, 81.8509022060492], [53.8989170471713, 81.4088545398236], [53.8989170471713, 81.3934028410464]]]}, "properties": {"FID": 667, "Shape_Leng": 6000000, "Grid": " ", "Shape__Area": 2250000000000, "Shape__Length": 6000000}}, {"type": "Feature", "id": 668, "geometry": {"type": "Polygon", "coordinates": [[[54.5089229609255, 81.3934028410464], [53.8989170471713, 81.3934028410464], [53.8989170471713, 81.4088545398236], [53.8989170471713, 81.8509022060492], [53.8989170471713, 83.1922884414756], [67.3736463089641, 83.1922884414756], [67.3736463089641, 81.4578021632598], [67.3736463089641, 81.3934028410464], [54.5089229609255, 81.3934028410464]]]}, "properties": {"FID": 668, "Shape_Leng": 6000000, "Grid": " ", "Shape__Area": 2250000000000, "Shape__Length": 6000000}}, {"type": "Feature", "id": 669, "geometry": {"type": "Polygon", "coordinates": [[[69.2496307516869, 81.3934028410464], [67.3736463089641, 81.3934028410464], [67.3736463089641, 81.4578021632598], [67.3736463089641, 83.1922884414756], [80.8483755707569, 83.1922884414756], [80.8483755707569, 81.3934028410464], [69.2496307516869, 81.3934028410464]]]}, "properties": {"FID": 669, "Shape_Leng": 6000000, "Grid": " ", "Shape__Area": 2250000000000, "Shape__Length": 6000000}}, {"type": "Feature", "id": 670, "geometry": {"type": "Polygon", "coordinates": [[[80.8483755707569, 83.1922884414756], [94.3231048325497, 83.1922884414756], [94.3231048325497, 81.3934028410464], [80.8483755707569, 81.3934028410464], [80.8483755707569, 83.1922884414756]]]}, "properties": {"FID": 670, "Shape_Leng": 6000000, "Grid": " ", "Shape__Area": 2250000000000, "Shape__Length": 6000000}}, {"type": "Feature", "id": 671, "geometry": {"type": "Polygon", "coordinates": [[[94.3231048325497, 83.1922884414756], [107.797834094343, 83.1922884414756], [107.797834094343, 81.3934028410464], [94.3231048325497, 81.3934028410464], [94.3231048325497, 83.1922884414756]]]}, "properties": {"FID": 671, "Shape_Leng": 6000000, "Grid": " ", "Shape__Area": 2250000000000, "Shape__Length": 6000000}}, {"type": "Feature", "id": 672, "geometry": {"type": "Polygon", "coordinates": [[[107.797834094343, 83.1922884414756], [121.272563356135, 83.1922884414756], [121.272563356135, 81.3934028410464], [107.797834094343, 81.3934028410464], [107.797834094343, 83.1922884414756]]]}, "properties": {"FID": 672, "Shape_Leng": 6000000, "Grid": " ", "Shape__Area": 2250000000000, "Shape__Length": 6000000}}, {"type": "Feature", "id": 673, "geometry": {"type": "Polygon", "coordinates": [[[121.272563356135, 83.1922884414756], [134.747292617928, 83.1922884414756], [134.747292617928, 81.3934028410464], [121.272563356135, 81.3934028410464], [121.272563356135, 83.1922884414756]]]}, "properties": {"FID": 673, "Shape_Leng": 6000000, "Grid": " ", "Shape__Area": 2250000000000, "Shape__Length": 6000000}}, {"type": "Feature", "id": 674, "geometry": {"type": "Polygon", "coordinates": [[[134.747292617928, 83.1922884414756], [148.222021879721, 83.1922884414756], [148.222021879721, 81.3934028410464], [134.747292617928, 81.3934028410464], [134.747292617928, 83.1922884414756]]]}, "properties": {"FID": 674, "Shape_Leng": 6000000, "Grid": " ", "Shape__Area": 2250000000000, "Shape__Length": 6000000}}, {"type": "Feature", "id": 675, "geometry": {"type": "Polygon", "coordinates": [[[148.222021879721, 83.1922884414756], [161.696751141514, 83.1922884414756], [161.696751141514, 81.3934028410464], [148.222021879721, 81.3934028410464], [148.222021879721, 83.1922884414756]]]}, "properties": {"FID": 675, "Shape_Leng": 6000000, "Grid": " ", "Shape__Area": 2250000000000, "Shape__Length": 6000000}}, {"type": "Feature", "id": 676, "geometry": {"type": "Polygon", "coordinates": [[[161.696751141514, 83.1922884414756], [175.171480403307, 83.1922884414756], [175.171480403307, 81.3934028410464], [161.696751141514, 81.3934028410464], [161.696751141514, 83.1922884414756]]]}, "properties": {"FID": 676, "Shape_Leng": 6000000, "Grid": " ", "Shape__Area": 2250000000000, "Shape__Length": 6000000}}, {"type": "Feature", "id": 677, "geometry": {"type": "Polygon", "coordinates": [[[-161.696751141514, 83.1922884414756], [-148.222021879721, 83.1922884414756], [-148.222021879721, 81.3934028410464], [-161.696751141514, 81.3934028410464], [-161.696751141514, 83.1922884414756]]]}, "properties": {"FID": 677, "Shape_Leng": 6000000, "Grid": " ", "Shape__Area": 2250000000000, "Shape__Length": 6000000}}, {"type": "Feature", "id": 678, "geometry": {"type": "Polygon", "coordinates": [[[-148.222021879721, 84.6166061457018], [-134.747292617928, 84.6166061457018], [-134.747292617928, 83.1922884414756], [-148.222021879721, 83.1922884414756], [-148.222021879721, 84.6166061457018]]]}, "properties": {"FID": 678, "Shape_Leng": 6000000, "Grid": " ", "Shape__Area": 2250000000000, "Shape__Length": 6000000}}, {"type": "Feature", "id": 679, "geometry": {"type": "Polygon", "coordinates": [[[-134.747292617928, 84.6166061457018], [-121.272563356135, 84.6166061457018], [-121.272563356135, 83.1922884414756], [-134.747292617928, 83.1922884414756], [-134.747292617928, 84.6166061457018]]]}, "properties": {"FID": 679, "Shape_Leng": 6000000, "Grid": " ", "Shape__Area": 2250000000000, "Shape__Length": 6000000}}, {"type": "Feature", "id": 680, "geometry": {"type": "Polygon", "coordinates": [[[-121.272563356135, 84.6166061457018], [-107.797834094343, 84.6166061457018], [-107.797834094343, 83.1922884414756], [-121.272563356135, 83.1922884414756], [-121.272563356135, 84.6166061457018]]]}, "properties": {"FID": 680, "Shape_Leng": 6000000, "Grid": " ", "Shape__Area": 2250000000000, "Shape__Length": 6000000}}, {"type": "Feature", "id": 681, "geometry": {"type": "Polygon", "coordinates": [[[-107.797834094343, 84.6166061457018], [-94.3231048325497, 84.6166061457018], [-94.3231048325497, 83.1922884414756], [-107.797834094343, 83.1922884414756], [-107.797834094343, 84.6166061457018]]]}, "properties": {"FID": 681, "Shape_Leng": 6000000, "Grid": " ", "Shape__Area": 2250000000000, "Shape__Length": 6000000}}, {"type": "Feature", "id": 682, "geometry": {"type": "Polygon", "coordinates": [[[-94.3231048325497, 84.6166061457018], [-80.8483755707569, 84.6166061457018], [-80.8483755707569, 83.1922884414756], [-94.3231048325497, 83.1922884414756], [-94.3231048325497, 84.6166061457018]]]}, "properties": {"FID": 682, "Shape_Leng": 6000000, "Grid": " ", "Shape__Area": 2250000000000, "Shape__Length": 6000000}}, {"type": "Feature", "id": 683, "geometry": {"type": "Polygon", "coordinates": [[[-80.8483755707569, 84.6166061457018], [-67.3736463089641, 84.6166061457018], [-67.3736463089641, 83.1922884414756], [-80.8483755707569, 83.1922884414756], [-80.8483755707569, 84.6166061457018]]]}, "properties": {"FID": 683, "Shape_Leng": 6000000, "Grid": " ", "Shape__Area": 2250000000000, "Shape__Length": 6000000}}, {"type": "Feature", "id": 684, "geometry": {"type": "Polygon", "coordinates": [[[-67.3736463089641, 84.6166061457018], [-53.8989170471713, 84.6166061457018], [-53.8989170471713, 83.1922884414756], [-67.3736463089641, 83.1922884414756], [-67.3736463089641, 84.6166061457018]]]}, "properties": {"FID": 684, "Shape_Leng": 6000000, "Grid": " ", "Shape__Area": 2250000000000, "Shape__Length": 6000000}}, {"type": "Feature", "id": 685, "geometry": {"type": "Polygon", "coordinates": [[[-46.1571434803084, 83.1922884414756], [-53.8989170471713, 83.1922884414756], [-53.8989170471713, 84.6166061457018], [-40.4241877853785, 84.6166061457018], [-40.4241877853785, 83.37508702437], [-40.4241877853785, 83.1922884414756], [-46.1571434803084, 83.1922884414756]]]}, "properties": {"FID": 685, "Shape_Leng": 6000000, "Grid": " ", "Shape__Area": 2250000000000, "Shape__Length": 6000000}}, {"type": "Feature", "id": 686, "geometry": {"type": "Polygon", "coordinates": [[[-34.140355265887, 83.1922884414756], [-40.4241877853785, 83.1922884414756], [-40.4241877853785, 83.37508702437], [-40.4241877853785, 84.6166061457018], [-26.9494585235856, 84.6166061457018], [-26.9494585235856, 83.6852196093093], [-26.9494585235856, 83.1922884414756], [-34.1403550781391, 83.1922884414756], [-34.140355265887, 83.1922884414756]]]}, "properties": {"FID": 686, "Shape_Leng": 6000000, "Grid": " ", "Shape__Area": 2250000000000, "Shape__Length": 6000000}}, {"type": "Feature", "id": 687, "geometry": {"type": "Polygon", "coordinates": [[[-16.0753247661112, 83.1922884414756], [-26.9494585235856, 83.1922884414756], [-26.9494585235856, 83.6852196093093], [-26.9494585235856, 84.6166061457018], [-13.4747292617928, 84.6166061457018], [-13.4747292617928, 83.8787795520499], [-13.4747292617928, 83.2502805228488], [-13.4747292617928, 83.1922884414756], [-16.0753247661112, 83.1922884414756]]]}, "properties": {"FID": 687, "Shape_Leng": 6000000, "Grid": " ", "Shape__Area": 2250000000000, "Shape__Length": 6000000}}, {"type": "Feature", "id": 688, "geometry": {"type": "Polygon", "coordinates": [[[0, 83.1922884414756], [-13.4747292617928, 83.1922884414756], [-13.4747292617928, 83.2502805228488], [-13.4747292617928, 83.8787795520499], [-13.4747292617928, 84.6166061457018], [0, 84.6166061457018], [0, 83.9833371999779], [0, 83.4375792568938], [0, 83.1922884414756]]]}, "properties": {"FID": 688, "Shape_Leng": 6000000, "Grid": " ", "Shape__Area": 2250000000000, "Shape__Length": 6000000}}, {"type": "Feature", "id": 689, "geometry": {"type": "Polygon", "coordinates": [[[3.31822233256496, 83.1922884414756], [0, 83.1922884414756], [0, 83.4375792568938], [0, 83.9833371999779], [0, 84.6166061457018], [13.4747292617928, 84.6166061457018], [13.4747292617928, 84.0042727486581], [13.4747292617928, 83.5091591959658], [13.4747292617928, 83.4307626069273], [13.4747292617928, 83.4307613078032], [13.4747292617928, 83.4307612351443], [13.4747292617928, 83.1922884414756], [6.60243301925354, 83.1922884414756], [6.60243213261637, 83.1922884414756], [3.31824361095911, 83.1922884414756], [3.31822233256496, 83.1922884414756]]]}, "properties": {"FID": 689, "Shape_Leng": 6000000, "Grid": " ", "Shape__Area": 2249999999999.9995, "Shape__Length": 6000000}}, {"type": "Feature", "id": 690, "geometry": {"type": "Polygon", "coordinates": [[[16.9954270300554, 83.1922884414756], [13.4747292617928, 83.1922884414756], [13.4747292617928, 83.4307612351443], [13.4747292617928, 83.4307613078032], [13.4747292617928, 83.4307626069273], [13.4747292617928, 83.5091591959658], [13.4747292617928, 84.0042727486581], [13.4747292617928, 84.6166061457018], [26.9494585235856, 84.6166061457018], [26.9494585235856, 83.9427234085056], [26.9494585235856, 83.5126805962047], [26.9494585235856, 83.2968548675696], [26.9494585235856, 83.296853547012], [26.9494585235856, 83.29685348284], [26.9494585235856, 83.1922884414756], [16.9954270300554, 83.1922884414756]]]}, "properties": {"FID": 690, "Shape_Leng": 6000000, "Grid": " ", "Shape__Area": 2250000000000, "Shape__Length": 6000000}}, {"type": "Feature", "id": 691, "geometry": {"type": "Polygon", "coordinates": [[[33.8263764590228, 83.1922884414756], [26.9494585235856, 83.1922884414756], [26.9494585235856, 83.29685348284], [26.9494585235856, 83.296853547012], [26.9494585235856, 83.2968548675696], [26.9494585235856, 83.5126805962047], [26.9494585235856, 83.9427234085056], [26.9494585235856, 84.6166061457018], [40.4241877853785, 84.6166061457018], [40.4241877853785, 83.795459953218], [40.4241877853785, 83.4132258063827], [40.4241877853785, 83.1922884414756], [33.8263813467563, 83.1922884414756], [33.8263765219049, 83.1922884414756], [33.8263764590228, 83.1922884414756]]]}, "properties": {"FID": 691, "Shape_Leng": 6000000, "Grid": " ", "Shape__Area": 2250000000000, "Shape__Length": 6000000}}, {"type": "Feature", "id": 692, "geometry": {"type": "Polygon", "coordinates": [[[53.8989170471713, 83.1922884414756], [40.4241877853785, 83.1922884414756], [40.4241877853785, 83.4132258063827], [40.4241877853785, 83.795459953218], [40.4241877853785, 84.6166061457018], [53.8989170471713, 84.6166061457018], [53.8989170471713, 83.5546351996702], [53.8989170471713, 83.2045277361773], [53.8989170471713, 83.1922884414756]]]}, "properties": {"FID": 692, "Shape_Leng": 6000000, "Grid": " ", "Shape__Area": 2250000000000, "Shape__Length": 6000000}}, {"type": "Feature", "id": 693, "geometry": {"type": "Polygon", "coordinates": [[[54.5089229609255, 83.1922884414756], [53.8989170471713, 83.1922884414756], [53.8989170471713, 83.2045277361773], [53.8989170471713, 83.5546351996702], [53.8989170471713, 84.6166061457018], [67.3736463089641, 84.6166061457018], [67.3736463089641, 83.2432985505433], [67.3736463089641, 83.1922884414756], [54.5089229609255, 83.1922884414756]]]}, "properties": {"FID": 693, "Shape_Leng": 6000000, "Grid": " ", "Shape__Area": 2250000000000, "Shape__Length": 6000000}}, {"type": "Feature", "id": 694, "geometry": {"type": "Polygon", "coordinates": [[[69.2496307516869, 83.1922884414756], [67.3736463089641, 83.1922884414756], [67.3736463089641, 83.2432985505433], [67.3736463089641, 84.6166061457018], [80.8483755707569, 84.6166061457018], [80.8483755707569, 83.1922884414756], [69.2496307516869, 83.1922884414756]]]}, "properties": {"FID": 694, "Shape_Leng": 6000000, "Grid": " ", "Shape__Area": 2250000000000, "Shape__Length": 6000000}}, {"type": "Feature", "id": 695, "geometry": {"type": "Polygon", "coordinates": [[[80.8483755707569, 84.6166061457018], [94.3231048325497, 84.6166061457018], [94.3231048325497, 83.1922884414756], [80.8483755707569, 83.1922884414756], [80.8483755707569, 84.6166061457018]]]}, "properties": {"FID": 695, "Shape_Leng": 6000000, "Grid": " ", "Shape__Area": 2250000000000, "Shape__Length": 6000000}}, {"type": "Feature", "id": 696, "geometry": {"type": "Polygon", "coordinates": [[[94.3231048325497, 84.6166061457018], [107.797834094343, 84.6166061457018], [107.797834094343, 83.1922884414756], [94.3231048325497, 83.1922884414756], [94.3231048325497, 84.6166061457018]]]}, "properties": {"FID": 696, "Shape_Leng": 6000000, "Grid": " ", "Shape__Area": 2250000000000, "Shape__Length": 6000000}}, {"type": "Feature", "id": 697, "geometry": {"type": "Polygon", "coordinates": [[[107.797834094343, 84.6166061457018], [121.272563356135, 84.6166061457018], [121.272563356135, 83.1922884414756], [107.797834094343, 83.1922884414756], [107.797834094343, 84.6166061457018]]]}, "properties": {"FID": 697, "Shape_Leng": 6000000, "Grid": " ", "Shape__Area": 2250000000000, "Shape__Length": 6000000}}, {"type": "Feature", "id": 698, "geometry": {"type": "Polygon", "coordinates": [[[121.272563356135, 84.6166061457018], [134.747292617928, 84.6166061457018], [134.747292617928, 83.1922884414756], [121.272563356135, 83.1922884414756], [121.272563356135, 84.6166061457018]]]}, "properties": {"FID": 698, "Shape_Leng": 6000000, "Grid": " ", "Shape__Area": 2250000000000, "Shape__Length": 6000000}}, {"type": "Feature", "id": 699, "geometry": {"type": "Polygon", "coordinates": [[[134.747292617928, 84.6166061457018], [148.222021879721, 84.6166061457018], [148.222021879721, 83.1922884414756], [134.747292617928, 83.1922884414756], [134.747292617928, 84.6166061457018]]]}, "properties": {"FID": 699, "Shape_Leng": 6000000, "Grid": " ", "Shape__Area": 2250000000000, "Shape__Length": 6000000}}, {"type": "Feature", "id": 700, "geometry": {"type": "Polygon", "coordinates": [[[148.222021879721, 84.6166061457018], [161.696751141514, 84.6166061457018], [161.696751141514, 83.1922884414756], [148.222021879721, 83.1922884414756], [148.222021879721, 84.6166061457018]]]}, "properties": {"FID": 700, "Shape_Leng": 6000000, "Grid": " ", "Shape__Area": 2250000000000, "Shape__Length": 6000000}}, {"type": "Feature", "id": 701, "geometry": {"type": "Polygon", "coordinates": [[[161.696751141514, 84.6166061457018], [175.171480403307, 84.6166061457018], [175.171480403307, 83.1922884414756], [161.696751141514, 83.1922884414756], [161.696751141514, 84.6166061457018]]]}, "properties": {"FID": 701, "Shape_Leng": 6000000, "Grid": " ", "Shape__Area": 2250000000000, "Shape__Length": 6000000}}, {"type": "Feature", "id": 702, "geometry": {"type": "Polygon", "coordinates": [[[-161.696751141514, 84.6166061457018], [-148.222021879721, 84.6166061457018], [-148.222021879721, 83.1922884414756], [-161.696751141514, 83.1922884414756], [-161.696751141514, 84.6166061457018]]]}, "properties": {"FID": 702, "Shape_Leng": 6000000, "Grid": " ", "Shape__Area": 2250000000000, "Shape__Length": 6000000}}, {"type": "Feature", "id": 703, "geometry": {"type": "Polygon", "coordinates": [[[175.171480403307, 83.1922884414756], [180, 83.1922884414756], [180, 82], [180, 81.3934028410464], [175.171480403307, 81.3934028410464], [175.171480403307, 83.1922884414756]], [[-180, 83.1922884414756], [-171.353790334901, 83.1922884414756], [-171.353790334901, 81.3934028410464], [-180, 81.3934028410464], [-180, 82], [-180, 83.1922884414756]]]}, "properties": {"FID": 703, "Shape_Leng": 6000000, "Grid": " ", "Shape__Area": 2250000000000, "Shape__Length": 6000000}}, {"type": "Feature", "id": 704, "geometry": {"type": "Polygon", "coordinates": [[[175.171480403307, 84.6166061457018], [180, 84.6166061457018], [180, 84], [180, 83.1922884414756], [175.171480403307, 83.1922884414756], [175.171480403307, 84.6166061457018]], [[-180, 84.6166061457018], [-171.353790334901, 84.6166061457018], [-171.353790334901, 83.1922884414756], [-180, 83.1922884414756], [-180, 84], [-180, 84.6166061457018]]]}, "properties": {"FID": 704, "Shape_Leng": 6000000, "Grid": " ", "Shape__Area": 2250000000000, "Shape__Length": 6000000}}, {"type": "Feature", "id": 705, "geometry": {"type": "Polygon", "coordinates": [[[175.171480403307, 76.2647777185781], [180, 76.2647777185781], [180, 76], [180, 74], [180, 72.6726762942099], [175.171480403307, 72.6726762942099], [175.171480403307, 76.2647777185781]], [[-180, 76.2647777185781], [-171.353790334901, 76.2647777185781], [-171.353790334901, 72.6726762942099], [-180, 72.6726762942099], [-180, 74], [-180, 76], [-180, 76.2647777185781]]]}, "properties": {"FID": 705, "Shape_Leng": 6000000, "Grid": " ", "Shape__Area": 2250000000000, "Shape__Length": 6000000}}, {"type": "Feature", "id": 706, "geometry": {"type": "Polygon", "coordinates": [[[175.171480403307, 72.6726762942099], [180, 72.6726762942099], [180, 72], [180, 70], [180, 68.1776762364547], [175.171480403307, 68.1776762364547], [175.171480403307, 72.6726762942099]], [[-180, 72.6726762942099], [-171.353790334901, 72.6726762942099], [-171.353790334901, 68.1776762364547], [-180, 68.1776762364547], [-180, 70], [-180, 72], [-180, 72.6726762942099]]]}, "properties": {"FID": 706, "Shape_Leng": 6000000, "Grid": " ", "Shape__Area": 2250000000000, "Shape__Length": 6000000}}, {"type": "Feature", "id": 707, "geometry": {"type": "Polygon", "coordinates": [[[175.171480403307, 68.1776762364547], [180, 68.1776762364547], [180, 68], [180, 66], [180, 64], [180, 62.5882773287332], [175.171480403307, 62.5882773287332], [175.171480403307, 68.1776762364547]], [[-180, 68.1776762364547], [-171.353790334901, 68.1776762364547], [-171.353790334901, 62.5882773287332], [-180, 62.5882773287332], [-180, 64], [-180, 66], [-180, 68], [-180, 68.1776762364547]]]}, "properties": {"FID": 707, "Shape_Leng": 6000000, "Grid": " ", "Shape__Area": 2250000000000, "Shape__Length": 6000000}}, {"type": "Feature", "id": 708, "geometry": {"type": "Polygon", "coordinates": [[[175.171480403307, 62.5882773287332], [180, 62.5882773287332], [180, 62], [180, 60], [180, 58], [180, 56], [180, 55.7054441737093], [175.171480403307, 55.7054441737093], [175.171480403307, 62.5882773287332]], [[-180, 62.5882773287332], [-171.353790334901, 62.5882773287332], [-171.353790334901, 55.7054441737093], [-180, 55.7054441737093], [-180, 56], [-180, 58], [-180, 60], [-180, 62], [-180, 62.5882773287332]]]}, "properties": {"FID": 708, "Shape_Leng": 6000000, "Grid": " ", "Shape__Area": 2250000000000, "Shape__Length": 6000000}}, {"type": "Feature", "id": 709, "geometry": {"type": "Polygon", "coordinates": [[[175.171480403307, 55.7054441737093], [180, 55.7054441737093], [180, 54], [180, 52], [180, 50], [180, 48], [180, 47.3537047024331], [175.171480403307, 47.3537047024331], [175.171480403307, 55.7054441737093]], [[-180, 55.7054441737093], [-171.353790334901, 55.7054441737093], [-171.353790334901, 47.3537047024331], [-180, 47.3537047024331], [-180, 48], [-180, 50], [-180, 52], [-180, 54], [-180, 55.7054441737093]]]}, "properties": {"FID": 709, "Shape_Leng": 6000000, "Grid": " ", "Shape__Area": 2250000000000, "Shape__Length": 6000000}}, {"type": "Feature", "id": 710, "geometry": {"type": "Polygon", "coordinates": [[[175.171480403307, 47.3537047024331], [180, 47.3537047024331], [180, 46], [180, 44], [180, 42], [180, 40], [180, 38], [180, 37.4356072027454], [175.171480403307, 37.4356072027454], [175.171480403307, 47.3537047024331]], [[-180, 47.3537047024331], [-171.353790334901, 47.3537047024331], [-171.353790334901, 37.4356072027454], [-180, 37.4356072027454], [-180, 38], [-180, 40], [-180, 42], [-180, 44], [-180, 46], [-180, 47.3537047024331]]]}, "properties": {"FID": 710, "Shape_Leng": 6000000, "Grid": " ", "Shape__Area": 2250000000000, "Shape__Length": 6000000}}, {"type": "Feature", "id": 711, "geometry": {"type": "Polygon", "coordinates": [[[175.171480403307, 37.4356072027454], [180, 37.4356072027454], [180, 36], [180, 34], [180, 32], [180, 30], [180, 28], [180, 26.0074202319812], [175.171480403307, 26.0074202319812], [175.171480403307, 37.4356072027454]], [[-180, 37.4356072027454], [-171.353790334901, 37.4356072027454], [-171.353790334901, 26.0074202319812], [-180, 26.0074202319812], [-180, 28], [-180, 30], [-180, 32], [-180, 34], [-180, 36], [-180, 37.4356072027454]]]}, "properties": {"FID": 711, "Shape_Leng": 6000000, "Grid": " ", "Shape__Area": 2250000000000, "Shape__Length": 6000000}}, {"type": "Feature", "id": 712, "geometry": {"type": "Polygon", "coordinates": [[[-172.863233774702, 13.3522076267078], [-180, 13.3522076267078], [-180, 14], [-180, 16], [-180, 18], [-180, 20], [-180, 22], [-180, 24], [-180, 26], [-180, 26.0074202319812], [-171.353790334901, 26.0074202319812], [-171.353790334901, 18.8775827226671], [-171.353790334901, 13.3522076267078], [-172.863233774702, 13.3522076267078]], [[180, 13.3522076267078], [175.171480403307, 13.3522076267078], [175.171480403307, 26.0074202319812], [180, 26.0074202319812], [180, 26], [180, 24], [180, 22], [180, 20], [180, 18], [180, 16], [180, 14], [180, 13.3522076267078]]]}, "properties": {"FID": 712, "Shape_Leng": 6000000, "Grid": " ", "Shape__Area": 2250000000000.002, "Shape__Length": 6000000}}, {"type": "Feature", "id": 713, "geometry": {"type": "Polygon", "coordinates": [[[-175.559989193369, 0], [-180, 0], [-180, 2], [-180, 4], [-180, 6], [-180, 8], [-180, 10], [-180, 12], [-180, 13.3522076267078], [-172.863233774702, 13.3522076267078], [-171.353790334901, 13.3522076267078], [-171.353790334901, 0], [-175.559989193369, 0]], [[180, 0], [175.171480403307, 0], [175.171480403307, 13.3522076267078], [180, 13.3522076267078], [180, 12], [180, 10], [180, 8], [180, 6], [180, 4], [180, 2], [180, 0]]]}, "properties": {"FID": 713, "Shape_Leng": 6000000, "Grid": " ", "Shape__Area": 2250000000000, "Shape__Length": 6000000}}, {"type": "Feature", "id": 714, "geometry": {"type": "Polygon", "coordinates": [[[-177.12660356303, -13.3522076267078], [-180, -13.3522076267078], [-180, -12], [-180, -10], [-180, -8], [-180, -6], [-180, -4], [-180, -2], [-180, 0], [-175.559989193369, 0], [-171.353790334901, 0], [-171.353790334901, -13.3522076267078], [-177.12660356303, -13.3522076267078]], [[180, -13.3522076267078], [175.171480403307, -13.3522076267078], [175.171480403307, 0], [180, 0], [180, -2], [180, -4], [180, -6], [180, -8], [180, -10], [180, -12], [180, -13.3522076267078]]]}, "properties": {"FID": 714, "Shape_Leng": 6000000, "Grid": " ", "Shape__Area": 2250000000000, "Shape__Length": 6000000}}, {"type": "Feature", "id": 715, "geometry": {"type": "Polygon", "coordinates": [[[-177.593895434644, -26.0074202319812], [-180, -26.0074202319812], [-180, -26], [-180, -24], [-180, -22], [-180, -20], [-180, -18], [-180, -16], [-180, -14], [-180, -13.3522076267078], [-177.12660356303, -13.3522076267078], [-171.353790334901, -13.3522076267078], [-171.353790334901, -26.0074202319812], [-177.593895434644, -26.0074202319812]], [[180, -26.0074202319812], [175.171480403307, -26.0074202319812], [175.171480403307, -13.3522076267078], [180, -13.3522076267078], [180, -14], [180, -16], [180, -18], [180, -20], [180, -22], [180, -24], [180, -26], [180, -26.0074202319812]]]}, "properties": {"FID": 715, "Shape_Leng": 6000000, "Grid": " ", "Shape__Area": 2250000000000, "Shape__Length": 6000000}}, {"type": "Feature", "id": 716, "geometry": {"type": "Polygon", "coordinates": [[[-176.972574418827, -37.4356072027454], [-180, -37.4356072027454], [-180, -36], [-180, -34], [-180, -32], [-180, -30], [-180, -28], [-180, -26.0074202319812], [-177.593895434644, -26.0074202319812], [-171.353790334901, -26.0074202319812], [-171.353790334901, -37.4356072027454], [-176.972574418827, -37.4356072027454]], [[180, -37.4356072027454], [175.171480403307, -37.4356072027454], [175.171480403307, -26.0074202319812], [180, -26.0074202319812], [180, -28], [180, -30], [180, -32], [180, -34], [180, -36], [180, -37.4356072027454]]]}, "properties": {"FID": 716, "Shape_Leng": 6000000, "Grid": " ", "Shape__Area": 2250000000000, "Shape__Length": 6000000}}, {"type": "Feature", "id": 717, "geometry": {"type": "Polygon", "coordinates": [[[-175.248960894073, -47.3537047024331], [-180, -47.3537047024331], [-180, -46], [-180, -44], [-180, -42], [-180, -40], [-180, -38], [-180, -37.4356072027454], [-176.972574418827, -37.4356072027454], [-171.353790334901, -37.4356072027454], [-171.353790334901, -47.3537047024331], [-175.248960894073, -47.3537047024331]], [[180, -47.3537047024331], [175.171480403307, -47.3537047024331], [175.171480403307, -37.4356072027454], [180, -37.4356072027454], [180, -38], [180, -40], [180, -42], [180, -44], [180, -46], [180, -47.3537047024331]]]}, "properties": {"FID": 717, "Shape_Leng": 6000000, "Grid": " ", "Shape__Area": 2250000000000, "Shape__Length": 6000000}}, {"type": "Feature", "id": 718, "geometry": {"type": "Polygon", "coordinates": [[[-171.712159781398, -55.7054441737093], [-180, -55.7054441737093], [-180, -54], [-180, -52], [-180, -50], [-180, -48], [-180, -47.3537047024331], [-175.248960894073, -47.3537047024331], [-171.353790334901, -47.3537047024331], [-171.353790334901, -53.7940061324121], [-171.353790334901, -55.7054441737093], [-171.392897460427, -55.7054441737093], [-171.712159781398, -55.7054441737093]], [[180, -55.7054441737093], [175.171480403307, -55.7054441737093], [175.171480403307, -47.3537047024331], [180, -47.3537047024331], [180, -48], [180, -50], [180, -52], [180, -54], [180, -55.7054441737093]]]}, "properties": {"FID": 718, "Shape_Leng": 6000000, "Grid": " ", "Shape__Area": 2250000000000, "Shape__Length": 6000000}}, {"type": "Feature", "id": 719, "geometry": {"type": "Polygon", "coordinates": [[[-171.353790334901, -62.5882773287332], [-180, -62.5882773287332], [-180, -62], [-180, -60], [-180, -58], [-180, -56], [-180, -55.7054441737093], [-171.712159781398, -55.7054441737093], [-171.392897460427, -55.7054441737093], [-171.353790334901, -55.7054441737093], [-171.353790334901, -55.7620509591386], [-171.353790334901, -56.2880422312815], [-171.353790334901, -62.5882773287332]], [[180, -62.5882773287332], [175.171480403307, -62.5882773287332], [175.171480403307, -55.7054441737093], [180, -55.7054441737093], [180, -56], [180, -58], [180, -60], [180, -62], [180, -62.5882773287332]]]}, "properties": {"FID": 719, "Shape_Leng": 6000000, "Grid": " ", "Shape__Area": 2250000000000, "Shape__Length": 6000000}}, {"type": "Feature", "id": 720, "geometry": {"type": "Polygon", "coordinates": [[[175.171480403307, -62.5882773287332], [180, -62.5882773287332], [180, -64], [180, -66], [180, -68], [180, -68.1776762364548], [175.171480403307, -68.1776762364548], [175.171480403307, -62.5882773287332]], [[-180, -62.5882773287332], [-171.353790334901, -62.5882773287332], [-171.353790334901, -68.1776762364548], [-180, -68.1776762364548], [-180, -68], [-180, -66], [-180, -64], [-180, -62.5882773287332]]]}, "properties": {"FID": 720, "Shape_Leng": 6000000, "Grid": " ", "Shape__Area": 2250000000000, "Shape__Length": 6000000}}, {"type": "Feature", "id": 721, "geometry": {"type": "Polygon", "coordinates": [[[175.171480403307, -68.1776762364548], [180, -68.1776762364548], [180, -70], [180, -72], [180, -72.6726762942099], [175.171480403307, -72.6726762942099], [175.171480403307, -68.1776762364548]], [[-180, -68.1776762364548], [-171.353790334901, -68.1776762364548], [-171.353790334901, -72.6726762942099], [-180, -72.6726762942099], [-180, -72], [-180, -70], [-180, -68.1776762364548]]]}, "properties": {"FID": 721, "Shape_Leng": 6000000, "Grid": " ", "Shape__Area": 2250000000000, "Shape__Length": 6000000}}, {"type": "Feature", "id": 722, "geometry": {"type": "Polygon", "coordinates": [[[175.171480403307, -72.6726762942099], [180, -72.6726762942099], [180, -74], [180, -76], [180, -76.2647777185781], [175.171480403307, -76.2647777185781], [175.171480403307, -72.6726762942099]], [[-180, -72.6726762942099], [-171.353790334901, -72.6726762942099], [-171.353790334901, -76.2647777185781], [-180, -76.2647777185781], [-180, -76], [-180, -74], [-180, -72.6726762942099]]]}, "properties": {"FID": 722, "Shape_Leng": 6000000, "Grid": " ", "Shape__Area": 2250000000000, "Shape__Length": 6000000}}, {"type": "Feature", "id": 723, "geometry": {"type": "Polygon", "coordinates": [[[175.171480403307, -76.2647777185781], [180, -76.2647777185781], [180, -78], [180, -79.1237548350744], [175.171480403307, -79.1237548350744], [175.171480403307, -76.2647777185781]], [[-180, -76.2647777185781], [-171.353790334901, -76.2647777185781], [-171.353790334901, -79.1237548350744], [-180, -79.1237548350744], [-180, -78], [-180, -76.2647777185781]]]}, "properties": {"FID": 723, "Shape_Leng": 6000000, "Grid": " ", "Shape__Area": 2250000000000, "Shape__Length": 6000000}}, {"type": "Feature", "id": 724, "geometry": {"type": "Polygon", "coordinates": [[[175.171480403307, -79.1237548350744], [180, -79.1237548350744], [180, -80], [180, -81.3934028410464], [175.171480403307, -81.3934028410464], [175.171480403307, -79.1237548350744]], [[-180, -79.1237548350744], [-171.353790334901, -79.1237548350744], [-171.353790334901, -81.3934028410464], [-180, -81.3934028410464], [-180, -80], [-180, -79.1237548350744]]]}, "properties": {"FID": 724, "Shape_Leng": 6000000, "Grid": " ", "Shape__Area": 2250000000000, "Shape__Length": 6000000}}, {"type": "Feature", "id": 725, "geometry": {"type": "Polygon", "coordinates": [[[175.171480403307, -81.3934028410464], [180, -81.3934028410464], [180, -82], [180, -83.1922884414757], [175.171480403307, -83.1922884414757], [175.171480403307, -81.3934028410464]], [[-180, -81.3934028410464], [-171.353790334901, -81.3934028410464], [-171.353790334901, -83.1922884414757], [-180, -83.1922884414757], [-180, -82], [-180, -81.3934028410464]]]}, "properties": {"FID": 725, "Shape_Leng": 6000000, "Grid": " ", "Shape__Area": 2250000000000, "Shape__Length": 6000000}}, {"type": "Feature", "id": 726, "geometry": {"type": "Polygon", "coordinates": [[[175.171480403307, -83.1922884414757], [180, -83.1922884414757], [180, -84], [180, -84.6166061457018], [175.171480403307, -84.6166061457018], [175.171480403307, -83.1922884414757]], [[-180, -83.1922884414757], [-171.353790334901, -83.1922884414757], [-171.353790334901, -84.6166061457018], [-180, -84.6166061457018], [-180, -84], [-180, -83.1922884414757]]]}, "properties": {"FID": 726, "Shape_Leng": 6000000, "Grid": " ", "Shape__Area": 2250000000000, "Shape__Length": 6000000}}, {"type": "Feature", "id": 727, "geometry": {"type": "Polygon", "coordinates": [[[175.171480403307, -84.6166061457018], [180, -84.6166061457018], [180, -85.7436302342552], [175.171480403307, -85.7436302342552], [175.171480403307, -84.6166061457018]], [[-180, -84.6166061457018], [-171.353790334901, -84.6166061457018], [-171.353790334901, -85.7436302342552], [-180, -85.7436302342552], [-180, -84.6166061457018]]]}, "properties": {"FID": 727, "Shape_Leng": 6000000, "Grid": " ", "Shape__Area": 2250000000000, "Shape__Length": 6000000}}, {"type": "Feature", "id": 728, "geometry": {"type": "Polygon", "coordinates": [[[175.171480403307, 81.3934028410464], [180, 81.3934028410464], [180, 80], [180, 79.1237548350744], [175.171480403307, 79.1237548350744], [175.171480403307, 81.3934028410464]], [[-180, 81.3934028410464], [-171.353790334901, 81.3934028410464], [-171.353790334901, 79.1237548350744], [-180, 79.1237548350744], [-180, 80], [-180, 81.3934028410464]]]}, "properties": {"FID": 728, "Shape_Leng": 6000000, "Grid": " ", "Shape__Area": 2250000000000, "Shape__Length": 6000000}}, {"type": "Feature", "id": 729, "geometry": {"type": "Polygon", "coordinates": [[[175.171480403307, 79.1237548350744], [180, 79.1237548350744], [180, 78], [180, 76.2647777185781], [175.171480403307, 76.2647777185781], [175.171480403307, 79.1237548350744]], [[-180, 79.1237548350744], [-171.353790334901, 79.1237548350744], [-171.353790334901, 76.2647777185781], [-180, 76.2647777185781], [-180, 78], [-180, 79.1237548350744]]]}, "properties": {"FID": 729, "Shape_Leng": 6000000, "Grid": " ", "Shape__Area": 2250000000000, "Shape__Length": 6000000}}, {"type": "Feature", "id": 730, "geometry": {"type": "Polygon", "coordinates": [[[-171.353790334901, 83.1922884414756], [-157.879061073108, 83.1922884414756], [-157.879061073108, 81.3934028410464], [-171.353790334901, 81.3934028410464], [-171.353790334901, 83.1922884414756]]]}, "properties": {"FID": 730, "Shape_Leng": 6000000, "Grid": " ", "Shape__Area": 2250000000000, "Shape__Length": 6000000}}, {"type": "Feature", "id": 731, "geometry": {"type": "Polygon", "coordinates": [[[-171.353790334901, 84.6166061457018], [-157.879061073108, 84.6166061457018], [-157.879061073108, 83.1922884414756], [-171.353790334901, 83.1922884414756], [-171.353790334901, 84.6166061457018]]]}, "properties": {"FID": 731, "Shape_Leng": 6000000, "Grid": " ", "Shape__Area": 2250000000000, "Shape__Length": 6000000}}, {"type": "Feature", "id": 732, "geometry": {"type": "Polygon", "coordinates": [[[-171.353790334901, 76.2647777185781], [-157.879061073108, 76.2647777185781], [-157.879061073108, 72.6726762942099], [-171.353790334901, 72.6726762942099], [-171.353790334901, 76.2647777185781]]]}, "properties": {"FID": 732, "Shape_Leng": 6000000, "Grid": " ", "Shape__Area": 2250000000000, "Shape__Length": 6000000}}, {"type": "Feature", "id": 733, "geometry": {"type": "Polygon", "coordinates": [[[-171.353790334901, 72.6726762942099], [-157.879061073108, 72.6726762942099], [-157.879061073108, 68.1776762364547], [-171.353790334901, 68.1776762364547], [-171.353790334901, 72.6726762942099]]]}, "properties": {"FID": 733, "Shape_Leng": 6000000, "Grid": " ", "Shape__Area": 2250000000000, "Shape__Length": 6000000}}, {"type": "Feature", "id": 734, "geometry": {"type": "Polygon", "coordinates": [[[-171.353790334901, 68.1776762364547], [-157.879061073108, 68.1776762364547], [-157.879061073108, 62.5882773287332], [-171.353790334901, 62.5882773287332], [-171.353790334901, 68.1776762364547]]]}, "properties": {"FID": 734, "Shape_Leng": 6000000, "Grid": " ", "Shape__Area": 2250000000000, "Shape__Length": 6000000}}, {"type": "Feature", "id": 735, "geometry": {"type": "Polygon", "coordinates": [[[-171.353790334901, 62.5882773287332], [-157.879061073108, 62.5882773287332], [-157.879061073108, 55.7054441737093], [-171.353790334901, 55.7054441737093], [-171.353790334901, 62.5882773287332]]]}, "properties": {"FID": 735, "Shape_Leng": 6000000, "Grid": " ", "Shape__Area": 2250000000000, "Shape__Length": 6000000}}, {"type": "Feature", "id": 736, "geometry": {"type": "Polygon", "coordinates": [[[-171.353790334901, 55.7054441737093], [-157.879061073108, 55.7054441737093], [-157.879061073108, 47.3537047024331], [-171.353790334901, 47.3537047024331], [-171.353790334901, 55.7054441737093]]]}, "properties": {"FID": 736, "Shape_Leng": 6000000, "Grid": " ", "Shape__Area": 2250000000000, "Shape__Length": 6000000}}, {"type": "Feature", "id": 737, "geometry": {"type": "Polygon", "coordinates": [[[-171.353790334901, 47.3537047024331], [-157.879061073108, 47.3537047024331], [-157.879061073108, 37.4356072027454], [-171.353790334901, 37.4356072027454], [-171.353790334901, 47.3537047024331]]]}, "properties": {"FID": 737, "Shape_Leng": 6000000, "Grid": " ", "Shape__Area": 2250000000000, "Shape__Length": 6000000}}, {"type": "Feature", "id": 738, "geometry": {"type": "Polygon", "coordinates": [[[-171.353790334901, 37.4356072027454], [-157.879061073108, 37.4356072027454], [-157.879061073108, 26.0074202319812], [-171.353790334901, 26.0074202319812], [-171.353790334901, 37.4356072027454]]]}, "properties": {"FID": 738, "Shape_Leng": 6000000, "Grid": " ", "Shape__Area": 2250000000000, "Shape__Length": 6000000}}, {"type": "Feature", "id": 739, "geometry": {"type": "Polygon", "coordinates": [[[-159.38850451291, 13.3522076267078], [-171.353790334901, 13.3522076267078], [-171.353790334901, 26.0074202319812], [-157.879061073108, 26.0074202319812], [-157.879061073108, 18.8775827226671], [-157.879061073108, 13.3522076267078], [-159.38850451291, 13.3522076267078]]]}, "properties": {"FID": 739, "Shape_Leng": 6000000, "Grid": " ", "Shape__Area": 2250000000000.002, "Shape__Length": 6000000}}, {"type": "Feature", "id": 740, "geometry": {"type": "Polygon", "coordinates": [[[-162.085259931577, 0], [-171.353790334901, 0], [-171.353790334901, 13.3522076267078], [-159.38850451291, 13.3522076267078], [-157.879061073108, 13.3522076267078], [-157.879061073108, 0], [-162.085259931577, 0]]]}, "properties": {"FID": 740, "Shape_Leng": 6000000, "Grid": " ", "Shape__Area": 2250000000000, "Shape__Length": 6000000}}, {"type": "Feature", "id": 741, "geometry": {"type": "Polygon", "coordinates": [[[-163.651874301237, -13.3522076267078], [-171.353790334901, -13.3522076267078], [-171.353790334901, 0], [-162.085259931577, 0], [-157.879061073108, 0], [-157.879061073108, -13.3522076267078], [-163.651874301237, -13.3522076267078]]]}, "properties": {"FID": 741, "Shape_Leng": 6000000, "Grid": " ", "Shape__Area": 2250000000000, "Shape__Length": 6000000}}, {"type": "Feature", "id": 742, "geometry": {"type": "Polygon", "coordinates": [[[-164.119166172852, -26.0074202319812], [-171.353790334901, -26.0074202319812], [-171.353790334901, -13.3522076267078], [-163.651874301237, -13.3522076267078], [-157.879061073108, -13.3522076267078], [-157.879061073108, -26.0074202319812], [-164.119166172852, -26.0074202319812]]]}, "properties": {"FID": 742, "Shape_Leng": 6000000, "Grid": " ", "Shape__Area": 2250000000000, "Shape__Length": 6000000}}, {"type": "Feature", "id": 743, "geometry": {"type": "Polygon", "coordinates": [[[-163.497845157034, -37.4356072027454], [-171.353790334901, -37.4356072027454], [-171.353790334901, -26.0074202319812], [-164.119166172852, -26.0074202319812], [-157.879061073108, -26.0074202319812], [-157.879061073108, -37.4356072027454], [-163.497845157034, -37.4356072027454]]]}, "properties": {"FID": 743, "Shape_Leng": 6000000, "Grid": " ", "Shape__Area": 2250000000000, "Shape__Length": 6000000}}, {"type": "Feature", "id": 744, "geometry": {"type": "Polygon", "coordinates": [[[-161.77423163228, -47.3537047024331], [-171.353790334901, -47.3537047024331], [-171.353790334901, -37.4356072027454], [-163.497845157034, -37.4356072027454], [-157.879061073108, -37.4356072027454], [-157.879061073108, -47.3537047024331], [-161.77423163228, -47.3537047024331]]]}, "properties": {"FID": 744, "Shape_Leng": 6000000, "Grid": " ", "Shape__Area": 2250000000000, "Shape__Length": 6000000}}, {"type": "Feature", "id": 745, "geometry": {"type": "Polygon", "coordinates": [[[-158.237430519605, -55.7054441737093], [-171.353790334901, -55.7054441737093], [-171.353790334901, -47.3537047024331], [-161.77423163228, -47.3537047024331], [-157.879061073108, -47.3537047024331], [-157.879061073108, -53.7940061324121], [-157.879061073108, -55.7054441737093], [-157.918168198634, -55.7054441737093], [-158.237430519605, -55.7054441737093]]]}, "properties": {"FID": 745, "Shape_Leng": 6000000, "Grid": " ", "Shape__Area": 2250000000000, "Shape__Length": 6000000}}, {"type": "Feature", "id": 746, "geometry": {"type": "Polygon", "coordinates": [[[-157.879061073108, -62.5882773287332], [-171.353790334901, -62.5882773287332], [-171.353790334901, -55.7054441737093], [-158.237430519605, -55.7054441737093], [-157.918168198634, -55.7054441737093], [-157.879061073108, -55.7054441737093], [-157.879061073108, -55.7620509591386], [-157.879061073108, -56.2880422312815], [-157.879061073108, -62.5882773287332]]]}, "properties": {"FID": 746, "Shape_Leng": 6000000, "Grid": " ", "Shape__Area": 2250000000000, "Shape__Length": 6000000}}, {"type": "Feature", "id": 747, "geometry": {"type": "Polygon", "coordinates": [[[-171.353790334901, -62.5882773287332], [-157.879061073108, -62.5882773287332], [-157.879061073108, -68.1776762364548], [-171.353790334901, -68.1776762364548], [-171.353790334901, -62.5882773287332]]]}, "properties": {"FID": 747, "Shape_Leng": 6000000, "Grid": " ", "Shape__Area": 2250000000000, "Shape__Length": 6000000}}, {"type": "Feature", "id": 748, "geometry": {"type": "Polygon", "coordinates": [[[-171.353790334901, -68.1776762364548], [-157.879061073108, -68.1776762364548], [-157.879061073108, -72.6726762942099], [-171.353790334901, -72.6726762942099], [-171.353790334901, -68.1776762364548]]]}, "properties": {"FID": 748, "Shape_Leng": 6000000, "Grid": " ", "Shape__Area": 2250000000000, "Shape__Length": 6000000}}, {"type": "Feature", "id": 749, "geometry": {"type": "Polygon", "coordinates": [[[-171.353790334901, -72.6726762942099], [-157.879061073108, -72.6726762942099], [-157.879061073108, -76.2647777185781], [-171.353790334901, -76.2647777185781], [-171.353790334901, -72.6726762942099]]]}, "properties": {"FID": 749, "Shape_Leng": 6000000, "Grid": " ", "Shape__Area": 2250000000000, "Shape__Length": 6000000}}, {"type": "Feature", "id": 750, "geometry": {"type": "Polygon", "coordinates": [[[-171.353790334901, -76.2647777185781], [-157.879061073108, -76.2647777185781], [-157.879061073108, -79.1237548350744], [-171.353790334901, -79.1237548350744], [-171.353790334901, -76.2647777185781]]]}, "properties": {"FID": 750, "Shape_Leng": 6000000, "Grid": " ", "Shape__Area": 2250000000000, "Shape__Length": 6000000}}, {"type": "Feature", "id": 751, "geometry": {"type": "Polygon", "coordinates": [[[-171.353790334901, -79.1237548350744], [-157.879061073108, -79.1237548350744], [-157.879061073108, -81.3934028410464], [-171.353790334901, -81.3934028410464], [-171.353790334901, -79.1237548350744]]]}, "properties": {"FID": 751, "Shape_Leng": 6000000, "Grid": " ", "Shape__Area": 2250000000000, "Shape__Length": 6000000}}, {"type": "Feature", "id": 752, "geometry": {"type": "Polygon", "coordinates": [[[-171.353790334901, -81.3934028410464], [-157.879061073108, -81.3934028410464], [-157.879061073108, -83.1922884414757], [-171.353790334901, -83.1922884414757], [-171.353790334901, -81.3934028410464]]]}, "properties": {"FID": 752, "Shape_Leng": 6000000, "Grid": " ", "Shape__Area": 2250000000000, "Shape__Length": 6000000}}, {"type": "Feature", "id": 753, "geometry": {"type": "Polygon", "coordinates": [[[-171.353790334901, -83.1922884414757], [-157.879061073108, -83.1922884414757], [-157.879061073108, -84.6166061457018], [-171.353790334901, -84.6166061457018], [-171.353790334901, -83.1922884414757]]]}, "properties": {"FID": 753, "Shape_Leng": 6000000, "Grid": " ", "Shape__Area": 2250000000000, "Shape__Length": 6000000}}, {"type": "Feature", "id": 754, "geometry": {"type": "Polygon", "coordinates": [[[-171.353790334901, -84.6166061457018], [-157.879061073108, -84.6166061457018], [-157.879061073108, -85.7436302342552], [-171.353790334901, -85.7436302342552], [-171.353790334901, -84.6166061457018]]]}, "properties": {"FID": 754, "Shape_Leng": 6000000, "Grid": " ", "Shape__Area": 2250000000000, "Shape__Length": 6000000}}, {"type": "Feature", "id": 755, "geometry": {"type": "Polygon", "coordinates": [[[-171.353790334901, 81.3934028410464], [-157.879061073108, 81.3934028410464], [-157.879061073108, 79.1237548350744], [-171.353790334901, 79.1237548350744], [-171.353790334901, 81.3934028410464]]]}, "properties": {"FID": 755, "Shape_Leng": 6000000, "Grid": " ", "Shape__Area": 2250000000000, "Shape__Length": 6000000}}, {"type": "Feature", "id": 756, "geometry": {"type": "Polygon", "coordinates": [[[-171.353790334901, 79.1237548350744], [-157.879061073108, 79.1237548350744], [-157.879061073108, 76.2647777185781], [-171.353790334901, 76.2647777185781], [-171.353790334901, 79.1237548350744]]]}, "properties": {"FID": 756, "Shape_Leng": 6000000, "Grid": " ", "Shape__Area": 2250000000000, "Shape__Length": 6000000}}, {"type": "Feature", "id": 757, "geometry": {"type": "Polygon", "coordinates": [[[-175.171480403307, -86.6350577920184], [-161.696751141514, -86.6350577920184], [-161.696751141514, -87.33996244151], [-175.171480403307, -87.33996244151], [-175.171480403307, -86.6350577920184]]]}, "properties": {"FID": 757, "Shape_Leng": 6000000, "Grid": " ", "Shape__Area": 2250000000000, "Shape__Length": 6000000}}, {"type": "Feature", "id": 758, "geometry": {"type": "Polygon", "coordinates": [[[-175.171480403307, -85.7436302342552], [-161.696751141514, -85.7436302342552], [-161.696751141514, -86.6350577920184], [-175.171480403307, -86.6350577920184], [-175.171480403307, -85.7436302342552]]]}, "properties": {"FID": 758, "Shape_Leng": 6000000, "Grid": " ", "Shape__Area": 2250000000000, "Shape__Length": 6000000}}, {"type": "Feature", "id": 759, "geometry": {"type": "Polygon", "coordinates": [[[-148.222021879721, -86.6350577920184], [-134.747292617928, -86.6350577920184], [-134.747292617928, -87.33996244151], [-148.222021879721, -87.33996244151], [-148.222021879721, -86.6350577920184]]]}, "properties": {"FID": 759, "Shape_Leng": 6000000, "Grid": " ", "Shape__Area": 2250000000000, "Shape__Length": 6000000}}, {"type": "Feature", "id": 760, "geometry": {"type": "Polygon", "coordinates": [[[-134.747292617928, -86.6350577920184], [-121.272563356135, -86.6350577920184], [-121.272563356135, -87.33996244151], [-134.747292617928, -87.33996244151], [-134.747292617928, -86.6350577920184]]]}, "properties": {"FID": 760, "Shape_Leng": 6000000, "Grid": " ", "Shape__Area": 2250000000000, "Shape__Length": 6000000}}, {"type": "Feature", "id": 761, "geometry": {"type": "Polygon", "coordinates": [[[-121.272563356135, -86.6350577920184], [-107.797834094343, -86.6350577920184], [-107.797834094343, -87.33996244151], [-121.272563356135, -87.33996244151], [-121.272563356135, -86.6350577920184]]]}, "properties": {"FID": 761, "Shape_Leng": 6000000, "Grid": " ", "Shape__Area": 2250000000000, "Shape__Length": 6000000}}, {"type": "Feature", "id": 762, "geometry": {"type": "Polygon", "coordinates": [[[-107.797834094343, -86.6350577920184], [-94.3231048325497, -86.6350577920184], [-94.3231048325497, -87.33996244151], [-107.797834094343, -87.33996244151], [-107.797834094343, -86.6350577920184]]]}, "properties": {"FID": 762, "Shape_Leng": 6000000, "Grid": " ", "Shape__Area": 2250000000000, "Shape__Length": 6000000}}, {"type": "Feature", "id": 763, "geometry": {"type": "Polygon", "coordinates": [[[-94.3231048325497, -86.6350577920184], [-80.8483755707569, -86.6350577920184], [-80.8483755707569, -87.33996244151], [-94.3231048325497, -87.33996244151], [-94.3231048325497, -86.6350577920184]]]}, "properties": {"FID": 763, "Shape_Leng": 6000000, "Grid": " ", "Shape__Area": 2250000000000, "Shape__Length": 6000000}}, {"type": "Feature", "id": 764, "geometry": {"type": "Polygon", "coordinates": [[[-80.8483755707569, -86.6350577920184], [-67.3736463089641, -86.6350577920184], [-67.3736463089641, -87.33996244151], [-80.8483755707569, -87.33996244151], [-80.8483755707569, -86.6350577920184]]]}, "properties": {"FID": 764, "Shape_Leng": 6000000, "Grid": " ", "Shape__Area": 2250000000000, "Shape__Length": 6000000}}, {"type": "Feature", "id": 765, "geometry": {"type": "Polygon", "coordinates": [[[-67.3736463089641, -86.6350577920184], [-53.8989170471713, -86.6350577920184], [-53.8989170471713, -87.33996244151], [-67.3736463089641, -87.33996244151], [-67.3736463089641, -86.6350577920184]]]}, "properties": {"FID": 765, "Shape_Leng": 6000000, "Grid": " ", "Shape__Area": 2250000000000, "Shape__Length": 6000000}}, {"type": "Feature", "id": 766, "geometry": {"type": "Polygon", "coordinates": [[[-46.1571434803084, -87.33996244151], [-53.8989170471713, -87.33996244151], [-53.8989170471713, -86.6350577920184], [-40.4241877853785, -86.6350577920184], [-40.4241877853785, -87.2664219589025], [-40.4241877853785, -87.33996244151], [-46.1571434803084, -87.33996244151]]]}, "properties": {"FID": 766, "Shape_Leng": 6000000, "Grid": " ", "Shape__Area": 2250000000000, "Shape__Length": 6000000}}, {"type": "Feature", "id": 767, "geometry": {"type": "Polygon", "coordinates": [[[-34.140355265887, -87.33996244151], [-40.4241877853785, -87.33996244151], [-40.4241877853785, -87.2664219589025], [-40.4241877853785, -86.6350577920184], [-26.9494585235856, -86.6350577920184], [-26.9494585235856, -87.1319322715737], [-26.9494585235856, -87.33996244151], [-34.1403550781391, -87.33996244151], [-34.140355265887, -87.33996244151]]]}, "properties": {"FID": 767, "Shape_Leng": 6000000, "Grid": " ", "Shape__Area": 2250000000000, "Shape__Length": 6000000}}, {"type": "Feature", "id": 768, "geometry": {"type": "Polygon", "coordinates": [[[-16.0753247661112, -87.33996244151], [-26.9494585235856, -87.33996244151], [-26.9494585235856, -87.1319322715737], [-26.9494585235856, -86.6350577920184], [-13.4747292617928, -86.6350577920184], [-13.4747292617928, -87.0410994332583], [-13.4747292617928, -87.3170626947262], [-13.4747292617928, -87.33996244151], [-16.0753247661112, -87.33996244151]]]}, "properties": {"FID": 768, "Shape_Leng": 6000000, "Grid": " ", "Shape__Area": 2250000000000, "Shape__Length": 6000000}}, {"type": "Feature", "id": 769, "geometry": {"type": "Polygon", "coordinates": [[[0, -87.33996244151], [-13.4747292617928, -87.33996244151], [-13.4747292617928, -87.3170626947262], [-13.4747292617928, -87.0410994332583], [-13.4747292617928, -86.6350577920184], [0, -86.6350577920184], [0, -86.9896060066087], [0, -87.2403430215569], [0, -87.33996244151]]]}, "properties": {"FID": 769, "Shape_Leng": 6000000, "Grid": " ", "Shape__Area": 2250000000000, "Shape__Length": 6000000}}, {"type": "Feature", "id": 770, "geometry": {"type": "Polygon", "coordinates": [[[3.31822233256496, -87.33996244151], [0, -87.33996244151], [0, -87.2403430215569], [0, -86.9896060066087], [0, -86.6350577920184], [13.4747292617928, -86.6350577920184], [13.4747292617928, -86.97908003938], [13.4747292617928, -87.2098556820597], [13.4747292617928, -87.2432117796348], [13.4747292617928, -87.2432123257991], [13.4747292617928, -87.2432123563457], [13.4747292617928, -87.33996244151], [6.60243301925354, -87.33996244151], [6.60243213261637, -87.33996244151], [3.31824361095911, -87.33996244151], [3.31822233256496, -87.33996244151]]]}, "properties": {"FID": 770, "Shape_Leng": 6000000, "Grid": " ", "Shape__Area": 2249999999999.999, "Shape__Length": 6000000}}, {"type": "Feature", "id": 771, "geometry": {"type": "Polygon", "coordinates": [[[16.9954270300554, -87.33996244151], [13.4747292617928, -87.33996244151], [13.4747292617928, -87.2432123563457], [13.4747292617928, -87.2432123257991], [13.4747292617928, -87.2432117796348], [13.4747292617928, -87.2098556820597], [13.4747292617928, -86.97908003938], [13.4747292617928, -86.6350577920184], [26.9494585235856, -86.6350577920184], [26.9494585235856, -87.0098186356353], [26.9494585235856, -87.2083385126999], [26.9494585235856, -87.2983851497742], [26.9494585235856, -87.2983856959825], [26.9494585235856, -87.33996244151], [16.9954270300554, -87.33996244151]]]}, "properties": {"FID": 771, "Shape_Leng": 6000000, "Grid": " ", "Shape__Area": 2250000000000, "Shape__Length": 6000000}}, {"type": "Feature", "id": 772, "geometry": {"type": "Polygon", "coordinates": [[[33.8263764590228, -87.33996244151], [26.9494585235856, -87.33996244151], [26.9494585235856, -87.2983856959825], [26.9494585235856, -87.2983851497742], [26.9494585235856, -87.2083385126999], [26.9494585235856, -87.0098186356353], [26.9494585235856, -86.6350577920184], [40.4241877853785, -86.6350577920184], [40.4241877853785, -87.0808928167107], [40.4241877853785, -87.2505648256952], [40.4241877853785, -87.33996244151], [33.8263813467563, -87.33996244151], [33.8263765219049, -87.33996244151], [33.8263764590228, -87.33996244151]]]}, "properties": {"FID": 772, "Shape_Leng": 6000000, "Grid": " ", "Shape__Area": 2250000000000, "Shape__Length": 6000000}}, {"type": "Feature", "id": 773, "geometry": {"type": "Polygon", "coordinates": [[[53.8989170471713, -87.33996244151], [40.4241877853785, -87.33996244151], [40.4241877853785, -87.2505648256952], [40.4241877853785, -87.0808928167107], [40.4241877853785, -86.6350577920184], [53.8989170471713, -86.6350577920184], [53.8989170471713, -87.1901353575199], [53.8989170471713, -87.3351619081934], [53.8989170471713, -87.33996244151]]]}, "properties": {"FID": 773, "Shape_Leng": 6000000, "Grid": " ", "Shape__Area": 2250000000000, "Shape__Length": 6000000}}, {"type": "Feature", "id": 774, "geometry": {"type": "Polygon", "coordinates": [[[54.5089229609255, -87.33996244151], [53.8989170471713, -87.33996244151], [53.8989170471713, -87.3351619081934], [53.8989170471713, -87.1901353575199], [53.8989170471713, -86.6350577920184], [67.3736463089641, -86.6350577920184], [67.3736463089641, -87.3198404945487], [67.3736463089641, -87.33996244151], [54.5089229609255, -87.33996244151]]]}, "properties": {"FID": 774, "Shape_Leng": 6000000, "Grid": " ", "Shape__Area": 2250000000000, "Shape__Length": 6000000}}, {"type": "Feature", "id": 775, "geometry": {"type": "Polygon", "coordinates": [[[69.2496307516869, -87.33996244151], [67.3736463089641, -87.33996244151], [67.3736463089641, -87.3198404945487], [67.3736463089641, -86.6350577920184], [80.8483755707569, -86.6350577920184], [80.8483755707569, -87.33996244151], [69.2496307516869, -87.33996244151]]]}, "properties": {"FID": 775, "Shape_Leng": 6000000, "Grid": " ", "Shape__Area": 2250000000000, "Shape__Length": 6000000}}, {"type": "Feature", "id": 776, "geometry": {"type": "Polygon", "coordinates": [[[80.8483755707569, -86.6350577920184], [94.3231048325497, -86.6350577920184], [94.3231048325497, -87.33996244151], [80.8483755707569, -87.33996244151], [80.8483755707569, -86.6350577920184]]]}, "properties": {"FID": 776, "Shape_Leng": 6000000, "Grid": " ", "Shape__Area": 2250000000000, "Shape__Length": 6000000}}, {"type": "Feature", "id": 777, "geometry": {"type": "Polygon", "coordinates": [[[94.3231048325497, -86.6350577920184], [107.797834094343, -86.6350577920184], [107.797834094343, -87.33996244151], [94.3231048325497, -87.33996244151], [94.3231048325497, -86.6350577920184]]]}, "properties": {"FID": 777, "Shape_Leng": 6000000, "Grid": " ", "Shape__Area": 2250000000000, "Shape__Length": 6000000}}, {"type": "Feature", "id": 778, "geometry": {"type": "Polygon", "coordinates": [[[107.797834094343, -86.6350577920184], [121.272563356135, -86.6350577920184], [121.272563356135, -87.33996244151], [107.797834094343, -87.33996244151], [107.797834094343, -86.6350577920184]]]}, "properties": {"FID": 778, "Shape_Leng": 6000000, "Grid": " ", "Shape__Area": 2250000000000, "Shape__Length": 6000000}}, {"type": "Feature", "id": 779, "geometry": {"type": "Polygon", "coordinates": [[[121.272563356135, -86.6350577920184], [134.747292617928, -86.6350577920184], [134.747292617928, -87.33996244151], [121.272563356135, -87.33996244151], [121.272563356135, -86.6350577920184]]]}, "properties": {"FID": 779, "Shape_Leng": 6000000, "Grid": " ", "Shape__Area": 2250000000000, "Shape__Length": 6000000}}, {"type": "Feature", "id": 780, "geometry": {"type": "Polygon", "coordinates": [[[134.747292617928, -86.6350577920184], [148.222021879721, -86.6350577920184], [148.222021879721, -87.33996244151], [134.747292617928, -87.33996244151], [134.747292617928, -86.6350577920184]]]}, "properties": {"FID": 780, "Shape_Leng": 6000000, "Grid": " ", "Shape__Area": 2250000000000, "Shape__Length": 6000000}}, {"type": "Feature", "id": 781, "geometry": {"type": "Polygon", "coordinates": [[[148.222021879721, -86.6350577920184], [161.696751141514, -86.6350577920184], [161.696751141514, -87.33996244151], [148.222021879721, -87.33996244151], [148.222021879721, -86.6350577920184]]]}, "properties": {"FID": 781, "Shape_Leng": 6000000, "Grid": " ", "Shape__Area": 2250000000000, "Shape__Length": 6000000}}, {"type": "Feature", "id": 782, "geometry": {"type": "Polygon", "coordinates": [[[161.696751141514, -86.6350577920184], [175.171480403307, -86.6350577920184], [175.171480403307, -87.33996244151], [161.696751141514, -87.33996244151], [161.696751141514, -86.6350577920184]]]}, "properties": {"FID": 782, "Shape_Leng": 6000000, "Grid": " ", "Shape__Area": 2250000000000, "Shape__Length": 6000000}}, {"type": "Feature", "id": 783, "geometry": {"type": "Polygon", "coordinates": [[[-161.696751141514, -86.6350577920184], [-148.222021879721, -86.6350577920184], [-148.222021879721, -87.33996244151], [-161.696751141514, -87.33996244151], [-161.696751141514, -86.6350577920184]]]}, "properties": {"FID": 783, "Shape_Leng": 6000000, "Grid": " ", "Shape__Area": 2250000000000, "Shape__Length": 6000000}}, {"type": "Feature", "id": 784, "geometry": {"type": "Polygon", "coordinates": [[[-148.222021879721, -85.7436302342552], [-134.747292617928, -85.7436302342552], [-134.747292617928, -86.6350577920184], [-148.222021879721, -86.6350577920184], [-148.222021879721, -85.7436302342552]]]}, "properties": {"FID": 784, "Shape_Leng": 6000000, "Grid": " ", "Shape__Area": 2250000000000, "Shape__Length": 6000000}}, {"type": "Feature", "id": 785, "geometry": {"type": "Polygon", "coordinates": [[[-134.747292617928, -85.7436302342552], [-121.272563356135, -85.7436302342552], [-121.272563356135, -86.6350577920184], [-134.747292617928, -86.6350577920184], [-134.747292617928, -85.7436302342552]]]}, "properties": {"FID": 785, "Shape_Leng": 6000000, "Grid": " ", "Shape__Area": 2250000000000, "Shape__Length": 6000000}}, {"type": "Feature", "id": 786, "geometry": {"type": "Polygon", "coordinates": [[[-121.272563356135, -85.7436302342552], [-107.797834094343, -85.7436302342552], [-107.797834094343, -86.6350577920184], [-121.272563356135, -86.6350577920184], [-121.272563356135, -85.7436302342552]]]}, "properties": {"FID": 786, "Shape_Leng": 6000000, "Grid": " ", "Shape__Area": 2250000000000, "Shape__Length": 6000000}}, {"type": "Feature", "id": 787, "geometry": {"type": "Polygon", "coordinates": [[[-107.797834094343, -85.7436302342552], [-94.3231048325497, -85.7436302342552], [-94.3231048325497, -86.6350577920184], [-107.797834094343, -86.6350577920184], [-107.797834094343, -85.7436302342552]]]}, "properties": {"FID": 787, "Shape_Leng": 6000000, "Grid": " ", "Shape__Area": 2250000000000, "Shape__Length": 6000000}}, {"type": "Feature", "id": 788, "geometry": {"type": "Polygon", "coordinates": [[[-94.3231048325497, -85.7436302342552], [-80.8483755707569, -85.7436302342552], [-80.8483755707569, -86.6350577920184], [-94.3231048325497, -86.6350577920184], [-94.3231048325497, -85.7436302342552]]]}, "properties": {"FID": 788, "Shape_Leng": 6000000, "Grid": " ", "Shape__Area": 2250000000000, "Shape__Length": 6000000}}, {"type": "Feature", "id": 789, "geometry": {"type": "Polygon", "coordinates": [[[-80.8483755707569, -85.7436302342552], [-67.3736463089641, -85.7436302342552], [-67.3736463089641, -86.6350577920184], [-80.8483755707569, -86.6350577920184], [-80.8483755707569, -85.7436302342552]]]}, "properties": {"FID": 789, "Shape_Leng": 6000000, "Grid": " ", "Shape__Area": 2250000000000, "Shape__Length": 6000000}}, {"type": "Feature", "id": 790, "geometry": {"type": "Polygon", "coordinates": [[[-67.3736463089641, -85.7436302342552], [-53.8989170471713, -85.7436302342552], [-53.8989170471713, -86.6350577920184], [-67.3736463089641, -86.6350577920184], [-67.3736463089641, -85.7436302342552]]]}, "properties": {"FID": 790, "Shape_Leng": 6000000, "Grid": " ", "Shape__Area": 2250000000000, "Shape__Length": 6000000}}, {"type": "Feature", "id": 791, "geometry": {"type": "Polygon", "coordinates": [[[-46.1571434803084, -86.6350577920184], [-53.8989170471713, -86.6350577920184], [-53.8989170471713, -85.7436302342552], [-40.4241877853785, -85.7436302342552], [-40.4241877853785, -86.5420501277767], [-40.4241877853785, -86.6350577920184], [-46.1571434803084, -86.6350577920184]]]}, "properties": {"FID": 791, "Shape_Leng": 6000000, "Grid": " ", "Shape__Area": 2250000000000, "Shape__Length": 6000000}}, {"type": "Feature", "id": 792, "geometry": {"type": "Polygon", "coordinates": [[[-34.140355265887, -86.6350577920184], [-40.4241877853785, -86.6350577920184], [-40.4241877853785, -86.5420501277767], [-40.4241877853785, -85.7436302342552], [-26.9494585235856, -85.7436302342552], [-26.9494585235856, -86.3719636157072], [-26.9494585235856, -86.6350577920184], [-34.1403550781391, -86.6350577920184], [-34.140355265887, -86.6350577920184]]]}, "properties": {"FID": 792, "Shape_Leng": 6000000, "Grid": " ", "Shape__Area": 2250000000000, "Shape__Length": 6000000}}, {"type": "Feature", "id": 793, "geometry": {"type": "Polygon", "coordinates": [[[-16.0753247661112, -86.6350577920184], [-26.9494585235856, -86.6350577920184], [-26.9494585235856, -86.3719636157072], [-26.9494585235856, -85.7436302342552], [-13.4747292617928, -85.7436302342552], [-13.4747292617928, -86.2570924533862], [-13.4747292617928, -86.6060959854646], [-13.4747292617928, -86.6350577920184], [-16.0753247661112, -86.6350577920184]]]}, "properties": {"FID": 793, "Shape_Leng": 6000000, "Grid": " ", "Shape__Area": 2250000000000, "Shape__Length": 6000000}}, {"type": "Feature", "id": 794, "geometry": {"type": "Polygon", "coordinates": [[[0, -86.6350577920184], [-13.4747292617928, -86.6350577920184], [-13.4747292617928, -86.6060959854646], [-13.4747292617928, -86.2570924533862], [-13.4747292617928, -85.7436302342552], [0, -85.7436302342552], [0, -86.1919728716029], [0, -86.5090681435738], [0, -86.6350577920184]]]}, "properties": {"FID": 794, "Shape_Leng": 6000000, "Grid": " ", "Shape__Area": 2250000000000, "Shape__Length": 6000000}}, {"type": "Feature", "id": 795, "geometry": {"type": "Polygon", "coordinates": [[[3.31822233256496, -86.6350577920184], [0, -86.6350577920184], [0, -86.5090681435738], [0, -86.1919728716029], [0, -85.7436302342552], [13.4747292617928, -85.7436302342552], [13.4747292617928, -86.1786616432189], [13.4747292617928, -86.4705111364824], [13.4747292617928, -86.5126962460669], [13.4747292617928, -86.5126969367982], [13.4747292617928, -86.5126969754302], [13.4747292617928, -86.6350577920184], [6.60243301925354, -86.6350577920184], [6.60243213261637, -86.6350577920184], [3.31824361095911, -86.6350577920184], [3.31822233256496, -86.6350577920184]]]}, "properties": {"FID": 795, "Shape_Leng": 6000000, "Grid": " ", "Shape__Area": 2249999999999.9995, "Shape__Length": 6000000}}, {"type": "Feature", "id": 796, "geometry": {"type": "Polygon", "coordinates": [[[16.9954270300554, -86.6350577920184], [13.4747292617928, -86.6350577920184], [13.4747292617928, -86.5126969754302], [13.4747292617928, -86.5126969367982], [13.4747292617928, -86.5126962460669], [13.4747292617928, -86.4705111364824], [13.4747292617928, -86.1786616432189], [13.4747292617928, -85.7436302342552], [26.9494585235856, -85.7436302342552], [26.9494585235856, -86.217534043497], [26.9494585235856, -86.4685923966767], [26.9494585235856, -86.5824742095322], [26.9494585235856, -86.5824748839423], [26.9494585235856, -86.5824749167149], [26.9494585235856, -86.6350577920184], [16.9954270300554, -86.6350577920184]]]}, "properties": {"FID": 796, "Shape_Leng": 6000000, "Grid": " ", "Shape__Area": 2250000000000, "Shape__Length": 6000000}}, {"type": "Feature", "id": 797, "geometry": {"type": "Polygon", "coordinates": [[[33.8263764590228, -86.6350577920184], [26.9494585235856, -86.6350577920184], [26.9494585235856, -86.5824749167149], [26.9494585235856, -86.5824748839423], [26.9494585235856, -86.5824742095322], [26.9494585235856, -86.4685923966767], [26.9494585235856, -86.217534043497], [26.9494585235856, -85.7436302342552], [40.4241877853785, -85.7436302342552], [40.4241877853785, -86.3074165565627], [40.4241877853785, -86.5219956147683], [40.4241877853785, -86.6350577920184], [33.8263813467563, -86.6350577920184], [33.8263765219049, -86.6350577920184], [33.8263764590228, -86.6350577920184]]]}, "properties": {"FID": 797, "Shape_Leng": 6000000, "Grid": " ", "Shape__Area": 2250000000000, "Shape__Length": 6000000}}, {"type": "Feature", "id": 798, "geometry": {"type": "Polygon", "coordinates": [[[53.8989170471713, -86.6350577920184], [40.4241877853785, -86.6350577920184], [40.4241877853785, -86.5219956147683], [40.4241877853785, -86.3074165565627], [40.4241877853785, -85.7436302342552], [53.8989170471713, -85.7436302342552], [53.8989170471713, -86.4455712157146], [53.8989170471713, -86.6289864399824], [53.8989170471713, -86.6350577920184]]]}, "properties": {"FID": 798, "Shape_Leng": 6000000, "Grid": " ", "Shape__Area": 2250000000000, "Shape__Length": 6000000}}, {"type": "Feature", "id": 799, "geometry": {"type": "Polygon", "coordinates": [[[54.5089229609255, -86.6350577920184], [53.8989170471713, -86.6350577920184], [53.8989170471713, -86.6289864399824], [53.8989170471713, -86.4455712157146], [53.8989170471713, -85.7436302342552], [67.3736463089641, -85.7436302342552], [67.3736463089641, -86.6096091205222], [67.3736463089641, -86.6350577920184], [54.5089229609255, -86.6350577920184]]]}, "properties": {"FID": 799, "Shape_Leng": 6000000, "Grid": " ", "Shape__Area": 2250000000000, "Shape__Length": 6000000}}, {"type": "Feature", "id": 800, "geometry": {"type": "Polygon", "coordinates": [[[69.2496307516869, -86.6350577920184], [67.3736463089641, -86.6350577920184], [67.3736463089641, -86.6096091205222], [67.3736463089641, -85.7436302342552], [80.8483755707569, -85.7436302342552], [80.8483755707569, -86.6350577920184], [69.2496307516869, -86.6350577920184]]]}, "properties": {"FID": 800, "Shape_Leng": 6000000, "Grid": " ", "Shape__Area": 2250000000000, "Shape__Length": 6000000}}, {"type": "Feature", "id": 801, "geometry": {"type": "Polygon", "coordinates": [[[80.8483755707569, -85.7436302342552], [94.3231048325497, -85.7436302342552], [94.3231048325497, -86.6350577920184], [80.8483755707569, -86.6350577920184], [80.8483755707569, -85.7436302342552]]]}, "properties": {"FID": 801, "Shape_Leng": 6000000, "Grid": " ", "Shape__Area": 2250000000000, "Shape__Length": 6000000}}, {"type": "Feature", "id": 802, "geometry": {"type": "Polygon", "coordinates": [[[94.3231048325497, -85.7436302342552], [107.797834094343, -85.7436302342552], [107.797834094343, -86.6350577920184], [94.3231048325497, -86.6350577920184], [94.3231048325497, -85.7436302342552]]]}, "properties": {"FID": 802, "Shape_Leng": 6000000, "Grid": " ", "Shape__Area": 2250000000000, "Shape__Length": 6000000}}, {"type": "Feature", "id": 803, "geometry": {"type": "Polygon", "coordinates": [[[107.797834094343, -85.7436302342552], [121.272563356135, -85.7436302342552], [121.272563356135, -86.6350577920184], [107.797834094343, -86.6350577920184], [107.797834094343, -85.7436302342552]]]}, "properties": {"FID": 803, "Shape_Leng": 6000000, "Grid": " ", "Shape__Area": 2250000000000, "Shape__Length": 6000000}}, {"type": "Feature", "id": 804, "geometry": {"type": "Polygon", "coordinates": [[[121.272563356135, -85.7436302342552], [134.747292617928, -85.7436302342552], [134.747292617928, -86.6350577920184], [121.272563356135, -86.6350577920184], [121.272563356135, -85.7436302342552]]]}, "properties": {"FID": 804, "Shape_Leng": 6000000, "Grid": " ", "Shape__Area": 2250000000000, "Shape__Length": 6000000}}, {"type": "Feature", "id": 805, "geometry": {"type": "Polygon", "coordinates": [[[134.747292617928, -85.7436302342552], [148.222021879721, -85.7436302342552], [148.222021879721, -86.6350577920184], [134.747292617928, -86.6350577920184], [134.747292617928, -85.7436302342552]]]}, "properties": {"FID": 805, "Shape_Leng": 6000000, "Grid": " ", "Shape__Area": 2250000000000, "Shape__Length": 6000000}}, {"type": "Feature", "id": 806, "geometry": {"type": "Polygon", "coordinates": [[[148.222021879721, -85.7436302342552], [161.696751141514, -85.7436302342552], [161.696751141514, -86.6350577920184], [148.222021879721, -86.6350577920184], [148.222021879721, -85.7436302342552]]]}, "properties": {"FID": 806, "Shape_Leng": 6000000, "Grid": " ", "Shape__Area": 2250000000000, "Shape__Length": 6000000}}, {"type": "Feature", "id": 807, "geometry": {"type": "Polygon", "coordinates": [[[161.696751141514, -85.7436302342552], [175.171480403307, -85.7436302342552], [175.171480403307, -86.6350577920184], [161.696751141514, -86.6350577920184], [161.696751141514, -85.7436302342552]]]}, "properties": {"FID": 807, "Shape_Leng": 6000000, "Grid": " ", "Shape__Area": 2250000000000, "Shape__Length": 6000000}}, {"type": "Feature", "id": 808, "geometry": {"type": "Polygon", "coordinates": [[[-161.696751141514, -85.7436302342552], [-148.222021879721, -85.7436302342552], [-148.222021879721, -86.6350577920184], [-161.696751141514, -86.6350577920184], [-161.696751141514, -85.7436302342552]]]}, "properties": {"FID": 808, "Shape_Leng": 6000000, "Grid": " ", "Shape__Area": 2250000000000, "Shape__Length": 6000000}}, {"type": "Feature", "id": 809, "geometry": {"type": "Polygon", "coordinates": [[[175.171480403307, -86.6350577920184], [180, -86.6350577920184], [180, -87.33996244151], [175.171480403307, -87.33996244151], [175.171480403307, -86.6350577920184]], [[-180, -86.6350577920184], [-171.353790334901, -86.6350577920184], [-171.353790334901, -87.33996244151], [-180, -87.33996244151], [-180, -86.6350577920184]]]}, "properties": {"FID": 809, "Shape_Leng": 6000000, "Grid": " ", "Shape__Area": 2250000000000, "Shape__Length": 6000000}}, {"type": "Feature", "id": 810, "geometry": {"type": "Polygon", "coordinates": [[[175.171480403307, -85.7436302342552], [180, -85.7436302342552], [180, -86], [180, -86.6350577920184], [175.171480403307, -86.6350577920184], [175.171480403307, -85.7436302342552]], [[-180, -85.7436302342552], [-171.353790334901, -85.7436302342552], [-171.353790334901, -86.6350577920184], [-180, -86.6350577920184], [-180, -86], [-180, -85.7436302342552]]]}, "properties": {"FID": 810, "Shape_Leng": 6000000, "Grid": " ", "Shape__Area": 2250000000000, "Shape__Length": 6000000}}, {"type": "Feature", "id": 811, "geometry": {"type": "Polygon", "coordinates": [[[-171.353790334901, -86.6350577920184], [-157.879061073108, -86.6350577920184], [-157.879061073108, -87.33996244151], [-171.353790334901, -87.33996244151], [-171.353790334901, -86.6350577920184]]]}, "properties": {"FID": 811, "Shape_Leng": 6000000, "Grid": " ", "Shape__Area": 2250000000000, "Shape__Length": 6000000}}, {"type": "Feature", "id": 812, "geometry": {"type": "Polygon", "coordinates": [[[-171.353790334901, -85.7436302342552], [-157.879061073108, -85.7436302342552], [-157.879061073108, -86.6350577920184], [-171.353790334901, -86.6350577920184], [-171.353790334901, -85.7436302342552]]]}, "properties": {"FID": 812, "Shape_Leng": 6000000, "Grid": " ", "Shape__Area": 2250000000000, "Shape__Length": 6000000}}]}