category,kind,directory,asset,model,author,license,confidence,score,faces,url
Starships,individual,Individuals/079,079,X-wing starfighter | T-65C-A2,Alana G,,inherited,1.0,,https://sketchfab.com/3d-models/none-2397144aa2314e8fb03bf131d8f56af4
Starships,individual,Individuals/1-138,1-138,Kei Truck Scout Transport,JohnMesplay,,inherited,1.0,,https://sketchfab.com/3d-models/none-0cb4b243a9dd4d1ca1ab30a17f23ac81
Starships,individual,Individuals/10114,10114,X-wing starfighter | T-65C-A2,Alana G,,inherited,1.0,,https://sketchfab.com/3d-models/none-2397144aa2314e8fb03bf131d8f56af4
Starships,individual,Individuals/10127,10127,X-wing starfighter | T-65C-A2,Alana G,,inherited,1.0,,https://sketchfab.com/3d-models/none-2397144aa2314e8fb03bf131d8f56af4
Starships,individual,Individuals/10291,10291,X-wing starfighter | T-65C-A2,Alana G,,inherited,1.0,,https://sketchfab.com/3d-models/none-2397144aa2314e8fb03bf131d8f56af4
Starships,individual,Individuals/124,124,Star Wars: Raider-class Corvette,Daniel,,inherited,1.0,,https://sketchfab.com/3d-models/none-8732794c82044aafb1c74a55b07674e0
Starships,individual,Individuals/13X,13X,Star Wars: Imperial II Star Destroyer,Daniel,,inherited,1.0,,https://sketchfab.com/3d-models/none-b8bd2d35f7604670ab85242c06c6d280
Starships,individual,Individuals/327-A,327-A,Naboo Royal Starship (J-type 327 Nubian),hobbit84,,strong,0.769,,https://sketchfab.com/3d-models/none-f631077977754b5591298ecfa201380b
Starships,individual,Individuals/337,337,Star Wars: Raider-class Corvette,Daniel,,inherited,1.0,,https://sketchfab.com/3d-models/none-8732794c82044aafb1c74a55b07674e0
Starships,individual,Individuals/49AX3,49AX3,Star Wars Dreadnaught-Class Heavy Cruiser,flannelandfilm,,inherited,1.0,,https://sketchfab.com/3d-models/none-14e6ad1266104dec96541b17000925f2
Starships,individual,Individuals/5-A,5-A,LEGO Star Wars Darth Vader,Gisduyg,,exact,1.0,,https://sketchfab.com/3d-models/none-fcc27b9d42db4bf99b7d229fca964424
Starships,individual,Individuals/622,622,Venator-Class Star Destroyer,A308 Digital,,inherited,1.0,,https://sketchfab.com/3d-models/none-5c2d88be90384395a2b4c23c7203e7d6
Starships,individual,Individuals/688,688,Star Wars: Raider-class Corvette,Daniel,,inherited,1.0,,https://sketchfab.com/3d-models/none-8732794c82044aafb1c74a55b07674e0
Starships,individual,Individuals/775519,775519,Star Wars: Lambda Shuttle,Daniel,,inherited,1.0,,https://sketchfab.com/3d-models/none-9d160e16845a4b518a2d30a7c716f20d
Starships,individual,Individuals/775519 (Legends),775519,Star Wars: Lambda Shuttle,Daniel,,inherited,1.0,,https://sketchfab.com/3d-models/none-9d160e16845a4b518a2d30a7c716f20d
Starships,individual,Individuals/836-VS,836-VS,Star Wars: Gamma-class Assault Shuttle,Daniel,,inherited,1.0,,https://sketchfab.com/3d-models/none-1a0571dca4c0436d8faff6fdbb948c17
Starships,individual,Individuals/AA-589 (Legends),AA-589,X-wing starfighter | T-65C-A2,Alana G,,inherited,1.0,,https://sketchfab.com/3d-models/none-2397144aa2314e8fb03bf131d8f56af4
Starships,individual,Individuals/AG-37's freighter,AG-37's freighter,"YTS-27 light freighter ""The Kowakian Corsair""",JP_2793,,inherited,1.0,,https://sketchfab.com/3d-models/none-3e187fed67034c488a0a9e41eae36628
Starships,individual,Individuals/AL6-KM44,AL6-KM44,"YTS-27 light freighter ""The Kowakian Corsair""",JP_2793,,inherited,1.0,,https://sketchfab.com/3d-models/none-3e187fed67034c488a0a9e41eae36628
Starships,individual,Individuals/ALC-9,ALC-9,"YTS-27 light freighter ""The Kowakian Corsair""",JP_2793,,inherited,1.0,,https://sketchfab.com/3d-models/none-3e187fed67034c488a0a9e41eae36628
Starships,individual,Individuals/AZ 7-62,AZ 7-62,"YTS-27 light freighter ""The Kowakian Corsair""",JP_2793,,inherited,1.0,,https://sketchfab.com/3d-models/none-3e187fed67034c488a0a9e41eae36628
Starships,individual,Individuals/AZ 7-81,AZ 7-81,"YTS-27 light freighter ""The Kowakian Corsair""",JP_2793,,inherited,1.0,,https://sketchfab.com/3d-models/none-3e187fed67034c488a0a9e41eae36628
Starships,individual,Individuals/Aay'han,Aay'han,Star Wars Episode I The Phantom Menace - AAT,Diddy_Blud_117,,weak,0.5,,https://sketchfab.com/3d-models/none-153403fa88044e50942ce31c097da370
Starships,individual,Individuals/Aayla Secura's Acclamator-class assault ship,Aayla Secura's Acclamator-class assault ship,Republic Assault Ship,StarWars-Universe,,inherited,1.0,,https://sketchfab.com/3d-models/none-e56b33bb58cc448ab134675e69dbc224
Starships,individual,Individuals/Aayla Secura's Eta-2 Actis-class interceptor,Aayla Secura's Eta-2 Actis-class interceptor,X-wing starfighter | T-65C-A2,Alana G,,inherited,1.0,,https://sketchfab.com/3d-models/none-2397144aa2314e8fb03bf131d8f56af4
Starships,individual,Individuals/Aayla Secura's Eta-2 Actis-class interceptor (Legends),Aayla Secura's Eta-2 Actis-class interceptor,X-wing starfighter | T-65C-A2,Alana G,,inherited,1.0,,https://sketchfab.com/3d-models/none-2397144aa2314e8fb03bf131d8f56af4
Starships,individual,Individuals/Abolisher (EF76 Nebulon-B escort frigate),Abolisher,Star Wars: Nebulon B Frigate,Daniel,,inherited,1.0,,https://sketchfab.com/3d-models/none-1986f7b0dee647b3b2374eb80dbd1faf
Starships,individual,Individuals/Abolisher (escort carrier),Abolisher,Star Wars: Quartermaster-class Supply Carrier,Daniel,,inherited,1.0,,https://sketchfab.com/3d-models/none-6ee2bc9379dd44aab85988d2716bad93
Starships,individual,Individuals/Abron Mar's R-41 Starchaser,Abron Mar's R-41 Starchaser,X-wing starfighter | T-65C-A2,Alana G,,inherited,1.0,,https://sketchfab.com/3d-models/none-2397144aa2314e8fb03bf131d8f56af4
Starships,individual,Individuals/Absolution,Absolution,Donachet Battlecruiser,gavinpgamer1,,inherited,1.0,,https://sketchfab.com/3d-models/none-44a6db481777492c8bd027e2b26054c1
Starships,individual,Individuals/Ace's XS stock light freighter,Ace's XS stock light freighter,"YTS-27 light freighter ""The Kowakian Corsair""",JP_2793,,inherited,1.0,,https://sketchfab.com/3d-models/none-3e187fed67034c488a0a9e41eae36628
Starships,individual,Individuals/Acheron,Acheron,Invictus Class Star Cruiser,Conner Bentley,,inherited,1.0,,https://sketchfab.com/3d-models/none-8ba24769c02b401d88f50655505c92be
Starships,individual,Individuals/Acidity,Acidity,Star Wars: Imperial II Star Destroyer,Daniel,,inherited,1.0,,https://sketchfab.com/3d-models/none-b8bd2d35f7604670ab85242c06c6d280
Starships,individual,Individuals/Ackbar's transport,Ackbar's transport,Kei Truck Scout Transport,JohnMesplay,,inherited,1.0,,https://sketchfab.com/3d-models/none-0cb4b243a9dd4d1ca1ab30a17f23ac81
Starships,individual,Individuals/Ackyuna,Ackyuna,Star Wars: Imperial II Star Destroyer,Daniel,,inherited,1.0,,https://sketchfab.com/3d-models/none-b8bd2d35f7604670ab85242c06c6d280
Starships,individual,Individuals/Active,Active,Star Wars LAAT/i Gunship,smithson17,,inherited,1.0,,https://sketchfab.com/3d-models/none-77e5a30af490488c8019dcb3780ec847
Starships,individual,Individuals/Aculeus,Aculeus,Harrower Class Dreadnought,Kuat-Entralla 3D Engineering,,inherited,1.0,,https://sketchfab.com/3d-models/none-14cc2060a4d645eb82c23171933b81ab
Starships,individual,Individuals/Acushnet,Acushnet,Star Wars: Nebulon B Frigate,Daniel,,inherited,1.0,,https://sketchfab.com/3d-models/none-1986f7b0dee647b3b2374eb80dbd1faf
Starships,individual,Individuals/Acushnet (Legends),Acushnet,Kei Truck Scout Transport,JohnMesplay,,inherited,1.0,,https://sketchfab.com/3d-models/none-0cb4b243a9dd4d1ca1ab30a17f23ac81
Starships,individual,Individuals/Adamantine,Adamantine,Invictus Class Star Cruiser,Conner Bentley,,inherited,1.0,,https://sketchfab.com/3d-models/none-8ba24769c02b401d88f50655505c92be
Starships,individual,Individuals/Adarga,Adarga,Star Wars: Imperial II Star Destroyer,Daniel,,inherited,1.0,,https://sketchfab.com/3d-models/none-b8bd2d35f7604670ab85242c06c6d280
Starships,individual,Individuals/Adi Gallia's Jedi Starfighter,Adi Gallia's Jedi Starfighter,X-wing starfighter | T-65C-A2,Alana G,,inherited,1.0,,https://sketchfab.com/3d-models/none-2397144aa2314e8fb03bf131d8f56af4
Starships,individual,Individuals/Adi Gallia's Jedi Starfighter (Legends),Adi Gallia's Jedi Starfighter,X-wing starfighter | T-65C-A2,Alana G,,inherited,1.0,,https://sketchfab.com/3d-models/none-2397144aa2314e8fb03bf131d8f56af4
Starships,individual,Individuals/Adi Gallia's flagship,Adi Gallia's flagship,Invictus Class Star Cruiser,Conner Bentley,,inherited,1.0,,https://sketchfab.com/3d-models/none-8ba24769c02b401d88f50655505c92be
Starships,individual,Individuals/Adi Gallia's flagship (Legends),Adi Gallia's flagship,Venator-Class Star Destroyer,A308 Digital,,inherited,1.0,,https://sketchfab.com/3d-models/none-5c2d88be90384395a2b4c23c7203e7d6
Starships,individual,Individuals/Adjudicator,Adjudicator,Star Wars: Imperial II Star Destroyer,Daniel,,inherited,1.0,,https://sketchfab.com/3d-models/none-b8bd2d35f7604670ab85242c06c6d280
Starships,individual,Individuals/Admiral Ackbar (Victory-class),Admiral Ackbar,Admiral Ackbar,Olof Moleman,,exact,1.0,,https://sketchfab.com/3d-models/none-dacf4cd9ba8c4aa4b0e5c4e4fe538b8b
Starships,individual,Individuals/Admiral Utu's ship,Admiral Utu's ship,Star Wars: Imperial II Star Destroyer,Daniel,,inherited,1.0,,https://sketchfab.com/3d-models/none-b8bd2d35f7604670ab85242c06c6d280
Starships,individual,Individuals/Admonitor,Admonitor,Star Wars: Imperial II Star Destroyer,Daniel,,inherited,1.0,,https://sketchfab.com/3d-models/none-b8bd2d35f7604670ab85242c06c6d280
Starships,individual,Individuals/Adon Fox's wife's transport,Adon Fox's wife's transport,Kei Truck Scout Transport,JohnMesplay,,inherited,1.0,,https://sketchfab.com/3d-models/none-0cb4b243a9dd4d1ca1ab30a17f23ac81
Starships,individual,Individuals/Advent,Advent,"YTS-27 light freighter ""The Kowakian Corsair""",JP_2793,,inherited,1.0,,https://sketchfab.com/3d-models/none-3e187fed67034c488a0a9e41eae36628
Starships,individual,Individuals/Adventure,Adventure,- Doctor Who The Adventure Games - Daleks,S🅾️Meme star wars,,exact,1.0,,https://sketchfab.com/3d-models/none-d196035a3f414bd0b6871d02f2ebb702
Starships,individual,Individuals/Adventurer (Crescent-class),Adventurer,"YTS-27 light freighter ""The Kowakian Corsair""",JP_2793,,inherited,1.0,,https://sketchfab.com/3d-models/none-3e187fed67034c488a0a9e41eae36628
Starships,individual,Individuals/Adversary (Star Destroyer),Adversary,Star Wars: Imperial II Star Destroyer,Daniel,,inherited,1.0,,https://sketchfab.com/3d-models/none-b8bd2d35f7604670ab85242c06c6d280
Starships,individual,Individuals/Aelos (frigate),Aelos,Star Wars: Nebulon B Frigate,Daniel,,inherited,1.0,,https://sketchfab.com/3d-models/none-1986f7b0dee647b3b2374eb80dbd1faf
Starships,individual,Individuals/Aeon Ranger,Aeon Ranger,"YTS-27 light freighter ""The Kowakian Corsair""",JP_2793,,inherited,1.0,,https://sketchfab.com/3d-models/none-3e187fed67034c488a0a9e41eae36628
Starships,individual,Individuals/Aerie,Aerie,Qasar-Fire Cruiser-Carrier,Kuat-Entralla 3D Engineering,,inherited,1.0,,https://sketchfab.com/3d-models/none-a506dd65a23d40efa85bcc5adba67285
Starships,individual,Individuals/Aftab Ackbar's MC95 Star Cruiser,Aftab Ackbar's MC95 Star Cruiser,Invictus Class Star Cruiser,Conner Bentley,,inherited,1.0,,https://sketchfab.com/3d-models/none-8ba24769c02b401d88f50655505c92be
Starships,individual,Individuals/Aggressor (Acclamator-class),Aggressor,Star Wars: TIE/ag Aggressor,Daniel,,exact,1.0,,https://sketchfab.com/3d-models/none-31f39b9ffa6a458a8a51927057c27af3
Starships,individual,Individuals/Aggressor (Executor-class),Aggressor,Star Wars: TIE/ag Aggressor,Daniel,,exact,1.0,,https://sketchfab.com/3d-models/none-31f39b9ffa6a458a8a51927057c27af3
Starships,individual,Individuals/Aggressor (Imperial I-class),Aggressor,Star Wars: TIE/ag Aggressor,Daniel,,exact,1.0,,https://sketchfab.com/3d-models/none-31f39b9ffa6a458a8a51927057c27af3
Starships,individual,Individuals/Aggressor (Rishi),Aggressor,Star Wars: TIE/ag Aggressor,Daniel,,exact,1.0,,https://sketchfab.com/3d-models/none-31f39b9ffa6a458a8a51927057c27af3
Starships,individual,Individuals/Aggressor (Victory-class),Aggressor,Star Wars: TIE/ag Aggressor,Daniel,,exact,1.0,,https://sketchfab.com/3d-models/none-31f39b9ffa6a458a8a51927057c27af3
Starships,individual,Individuals/Agincourt,Agincourt,Invictus Class Star Cruiser,Conner Bentley,,inherited,1.0,,https://sketchfab.com/3d-models/none-8ba24769c02b401d88f50655505c92be
Starships,individual,Individuals/Agitator,Agitator,Star Wars; CR90 Corvette,Heataker,,inherited,1.0,,https://sketchfab.com/3d-models/none-6356d19e87494ad8b6f55d0f0e9ec8a7
Starships,individual,Individuals/Agonizer (starship),Agonizer,Star Wars; Imperial-Class Star Destroyer,Heataker,,inherited,1.0,,https://sketchfab.com/3d-models/none-fa18d537db4d4020a443c1802ec0f88e
Starships,individual,Individuals/Agricultural freighter,Agricultural freighter,"YTS-27 light freighter ""The Kowakian Corsair""",JP_2793,,inherited,1.0,,https://sketchfab.com/3d-models/none-3e187fed67034c488a0a9e41eae36628
Starships,individual,Individuals/Ahr's Venator-class Star Destroyer,Ahr's Venator-class Star Destroyer,Star Wars: Imperial II Star Destroyer,Daniel,,inherited,1.0,,https://sketchfab.com/3d-models/none-b8bd2d35f7604670ab85242c06c6d280
Starships,individual,Individuals/Ahsoka Tano's Eta-2 Actis-class interceptor,Ahsoka Tano's Eta-2 Actis-class interceptor,X-wing starfighter | T-65C-A2,Alana G,,inherited,1.0,,https://sketchfab.com/3d-models/none-2397144aa2314e8fb03bf131d8f56af4
Starships,individual,Individuals/Ahsoka Tano's Eta-2 Actis-class interceptor (Legends),Ahsoka Tano's Eta-2 Actis-class interceptor,X-wing starfighter | T-65C-A2,Alana G,,inherited,1.0,,https://sketchfab.com/3d-models/none-2397144aa2314e8fb03bf131d8f56af4
Starships,individual,Individuals/Ahsoka Tano's corvette,Ahsoka Tano's corvette,Star Wars: Raider-class Corvette,Daniel,,inherited,1.0,,https://sketchfab.com/3d-models/none-8732794c82044aafb1c74a55b07674e0
Starships,individual,Individuals/Ahsoka's Delta-7B Jedi Starfighter,Ahsoka's Delta-7B Jedi Starfighter,X-wing starfighter | T-65C-A2,Alana G,,inherited,1.0,,https://sketchfab.com/3d-models/none-2397144aa2314e8fb03bf131d8f56af4
Starships,individual,Individuals/Ahsoka's Delta-7B Jedi Starfighter (Legends),Ahsoka's Delta-7B Jedi Starfighter,X-wing starfighter | T-65C-A2,Alana G,,inherited,1.0,,https://sketchfab.com/3d-models/none-2397144aa2314e8fb03bf131d8f56af4
Starships,individual,Individuals/Airship (Dantooine),Airship,Airspeeder,dylanheyes,,exact,1.0,,https://sketchfab.com/3d-models/none-b9750cb9f120484a9c0bd9e85e0af6e6
Starships,individual,Individuals/Akaga,Akaga,Star Destroyer Hallway,A308 Digital,,inherited,1.0,,https://sketchfab.com/3d-models/none-eba38859a8484637a5d61f7e9e769a7d
Starships,individual,Individuals/Akar-Deshu's Eta-2 Actis-class light interceptor,Akar-Deshu's Eta-2 Actis-class light interceptor,X-wing starfighter | T-65C-A2,Alana G,,inherited,1.0,,https://sketchfab.com/3d-models/none-2397144aa2314e8fb03bf131d8f56af4
Starships,individual,Individuals/Aken (Acclamator-class),Aken,Republic Assault Ship,StarWars-Universe,,inherited,1.0,,https://sketchfab.com/3d-models/none-e56b33bb58cc448ab134675e69dbc224
Starships,individual,Individuals/Albedo Brave,Albedo Brave,Star Wars: Imperial II Star Destroyer,Daniel,,inherited,1.0,,https://sketchfab.com/3d-models/none-b8bd2d35f7604670ab85242c06c6d280
Starships,individual,Individuals/Alert,Alert,DP-20 Corellian Gunship,Khvostik,,inherited,1.0,,https://sketchfab.com/3d-models/none-567a3d650f1540d0b0abfe46623f677a
Starships,individual,Individuals/Allecto,Allecto,Star Wars: Imperial II Star Destroyer,Daniel,,inherited,1.0,,https://sketchfab.com/3d-models/none-b8bd2d35f7604670ab85242c06c6d280
Starships,individual,Individuals/Allegiance,Allegiance,Qasar-Fire Cruiser-Carrier,Kuat-Entralla 3D Engineering,,inherited,1.0,,https://sketchfab.com/3d-models/none-a506dd65a23d40efa85bcc5adba67285
Starships,individual,Individuals/Allegiance (Imperial I-class),Allegiance,Low Poly: Imperial I Class Star Destroyer,David Onizaki,,inherited,1.0,,https://sketchfab.com/3d-models/none-f74ee8ea46214ba88f11d00d8dd29d42
Starships,individual,Individuals/Alliance (Imperious-class),Alliance,Star Wars - Rebel Alliance RZ-1 A-Wing,JD24,,exact,1.0,,https://sketchfab.com/3d-models/none-f092617b7d904497ae3d5dbee797c40d
Starships,individual,Individuals/Alliance (MC80 Star Cruiser),Alliance,Star Wars - Rebel Alliance RZ-1 A-Wing,JD24,,exact,1.0,,https://sketchfab.com/3d-models/none-f092617b7d904497ae3d5dbee797c40d
Starships,individual,Individuals/Alliance I,Alliance I,"YTS-27 light freighter ""The Kowakian Corsair""",JP_2793,,weak,0.5,,https://sketchfab.com/3d-models/none-3e187fed67034c488a0a9e41eae36628
Starships,individual,Individuals/Almirante,Almirante,Invictus Class Star Cruiser,Conner Bentley,,inherited,1.0,,https://sketchfab.com/3d-models/none-8ba24769c02b401d88f50655505c92be
Starships,individual,Individuals/Aluma,Aluma,Star Wars: Lambda Shuttle,Daniel,,inherited,1.0,,https://sketchfab.com/3d-models/none-9d160e16845a4b518a2d30a7c716f20d
Starships,individual,Individuals/Amalthea,Amalthea,Invictus Class Star Cruiser,Conner Bentley,,inherited,1.0,,https://sketchfab.com/3d-models/none-8ba24769c02b401d88f50655505c92be
Starships,individual,Individuals/Amber Star,Amber Star,Star Wars: Raider-class Corvette,Daniel,,inherited,1.0,,https://sketchfab.com/3d-models/none-8732794c82044aafb1c74a55b07674e0
Starships,individual,Individuals/Amberhawk,Amberhawk,Star Wars: Personal Luxury Yacht 3000,Daniel,,inherited,1.0,,https://sketchfab.com/3d-models/none-cb6dee6d3d964b69ba50c95b220e4f9e
Starships,individual,Individuals/Ambition,Ambition,Arquitens-Class Light Cruiser,A308 Digital,,inherited,1.0,,https://sketchfab.com/3d-models/none-802fa70fb8cd46f5b741cb6b99f66229
Starships,individual,Individuals/Ambria's Fury,Ambria's Fury,STAR WARS DROIDE B2 BY OSCAR CREATIVO,OSCAR CREATIVO,,inherited,1.0,,https://sketchfab.com/3d-models/none-bb52ea58e9f04427b9b9bf4b829e0810
Starships,individual,Individuals/Amerce,Amerce,Star Wars: Imperial II Star Destroyer,Daniel,,inherited,1.0,,https://sketchfab.com/3d-models/none-b8bd2d35f7604670ab85242c06c6d280
Starships,individual,Individuals/Amity,Amity,Space Battleship Yamato 2205,DJ-CheeF,,inherited,1.0,,https://sketchfab.com/3d-models/none-526cf6c315dd4056848f1431140d1965
Starships,individual,Individuals/Ammuud Swooper,Ammuud Swooper,"YTS-27 light freighter ""The Kowakian Corsair""",JP_2793,,inherited,1.0,,https://sketchfab.com/3d-models/none-3e187fed67034c488a0a9e41eae36628
Starships,individual,Individuals/Amos Tillian and Kam's shuttle,Amos Tillian and Kam's shuttle,Star Wars: Lambda Shuttle,Daniel,,inherited,1.0,,https://sketchfab.com/3d-models/none-9d160e16845a4b518a2d30a7c716f20d
Starships,individual,Individuals/Ana Tolla's ship,Ana Tolla's ship,"YTS-27 light freighter ""The Kowakian Corsair""",JP_2793,,inherited,1.0,,https://sketchfab.com/3d-models/none-3e187fed67034c488a0a9e41eae36628
Starships,individual,Individuals/Anakin Skywalker's Acclamator-class assault ship (Kiros),Anakin Skywalker's Acclamator-class assault ship,Invictus Class Star Cruiser,Conner Bentley,,inherited,1.0,,https://sketchfab.com/3d-models/none-8ba24769c02b401d88f50655505c92be
Starships,individual,Individuals/Anakin Skywalker's Acclamator-class assault ship (Teth),Anakin Skywalker's Acclamator-class assault ship,Republic Assault Ship,StarWars-Universe,,inherited,1.0,,https://sketchfab.com/3d-models/none-e56b33bb58cc448ab134675e69dbc224
Starships,individual,Individuals/Anakin Skywalker's Acclamator-class assault ship (Teth) (Legends),Anakin Skywalker's Acclamator-class assault ship,Republic Assault Ship,StarWars-Universe,,inherited,1.0,,https://sketchfab.com/3d-models/none-e56b33bb58cc448ab134675e69dbc224
Starships,individual,Individuals/Anakin Skywalker's Delta-7B Aethersprite-class light interceptor,Anakin Skywalker's Delta-7B Aethersprite-class light interceptor,X-wing starfighter | T-65C-A2,Alana G,,inherited,1.0,,https://sketchfab.com/3d-models/none-2397144aa2314e8fb03bf131d8f56af4
Starships,individual,Individuals/Anakin Skywalker's Delta-7B Aethersprite-class light interceptor (Legends),Anakin Skywalker's Delta-7B Aethersprite-class light interceptor,Star Wars: TIE/in Interceptor,Daniel,,inherited,1.0,,https://sketchfab.com/3d-models/none-80171ec2930b4949836bcf24d9694c41
Starships,individual,Individuals/Anakin Skywalker's Eta-2 Actis-class interceptor,Anakin Skywalker's Eta-2 Actis-class interceptor,SWBF2(Custom) - Anakin's Eta-2 Actis Interceptor,Zorg_Sinister,,strong,0.955,,https://sketchfab.com/3d-models/none-b76f59276bc444458d5faaa9e6321cfc
Starships,individual,Individuals/Anakin Skywalker's Eta-2 Actis-class interceptor (Legends),Anakin Skywalker's Eta-2 Actis-class interceptor,SWBF2(Custom) - Anakin's Eta-2 Actis Interceptor,Zorg_Sinister,,strong,0.955,,https://sketchfab.com/3d-models/none-b76f59276bc444458d5faaa9e6321cfc
Starships,individual,Individuals/Anakin Skywalker's N-1 starfighter,Anakin Skywalker's N-1 starfighter,X-wing starfighter | T-65C-A2,Alana G,,inherited,1.0,,https://sketchfab.com/3d-models/none-2397144aa2314e8fb03bf131d8f56af4
Starships,individual,Individuals/Anakin Skywalker's red Delta-7 Aethersprite-class light interceptor,Anakin Skywalker's red Delta-7 Aethersprite-class light interceptor,X-wing starfighter | T-65C-A2,Alana G,,inherited,1.0,,https://sketchfab.com/3d-models/none-2397144aa2314e8fb03bf131d8f56af4
Starships,individual,Individuals/Anakin Skywalker's red Delta-7B Aethersprite-class light interceptor,Anakin Skywalker's red Delta-7B Aethersprite-class light interceptor,X-wing starfighter | T-65C-A2,Alana G,,inherited,1.0,,https://sketchfab.com/3d-models/none-2397144aa2314e8fb03bf131d8f56af4
Starships,individual,Individuals/Anakin Solo (starship),Anakin Solo,Darth Vaders Lightsaber - Blender 2.90,Darth Iron,,weak,0.5,,https://sketchfab.com/3d-models/none-489bedad97b14989b99a7ea47096410a
Starships,individual,Individuals/Anakin's flagship,Anakin's flagship,Star Wars: Imperial II Star Destroyer,Daniel,,inherited,1.0,,https://sketchfab.com/3d-models/none-b8bd2d35f7604670ab85242c06c6d280
Starships,individual,Individuals/Anakin's shuttle,Anakin's shuttle,Star Wars: Lambda Shuttle,Daniel,,inherited,1.0,,https://sketchfab.com/3d-models/none-9d160e16845a4b518a2d30a7c716f20d
Starships,individual,Individuals/Anakin's shuttle (Legends),Anakin's shuttle,Star Wars: Lambda Shuttle,Daniel,,inherited,1.0,,https://sketchfab.com/3d-models/none-9d160e16845a4b518a2d30a7c716f20d
Starships,individual,Individuals/Annihilator,Annihilator,Star Wars: Imperial II Star Destroyer,Daniel,,inherited,1.0,,https://sketchfab.com/3d-models/none-b8bd2d35f7604670ab85242c06c6d280
Starships,individual,Individuals/Annihilator (Executor-class) (Legends),Annihilator,Star Wars Dreadnought,bruhepic925,,inherited,1.0,,https://sketchfab.com/3d-models/none-d146d98ea3b346548f463181331b9e70
Starships,individual,Individuals/Annihilator (Imperial I-class),Annihilator,Star Wars: Imperial II Star Destroyer,Daniel,,inherited,1.0,,https://sketchfab.com/3d-models/none-b8bd2d35f7604670ab85242c06c6d280
Starships,individual,Individuals/Annihilator (starship),Annihilator,Star Wars: Imperial II Star Destroyer,Daniel,,inherited,1.0,,https://sketchfab.com/3d-models/none-b8bd2d35f7604670ab85242c06c6d280
Starships,individual,Individuals/Anodyne (Nebulon-C),Anodyne,Star Wars: Nebulon B Frigate,Daniel,,inherited,1.0,,https://sketchfab.com/3d-models/none-1986f7b0dee647b3b2374eb80dbd1faf
Starships,individual,Individuals/Anterab,Anterab,"YTS-27 light freighter ""The Kowakian Corsair""",JP_2793,,inherited,1.0,,https://sketchfab.com/3d-models/none-3e187fed67034c488a0a9e41eae36628
Starships,individual,Individuals/Anvil,Anvil,Star Wars: Gozanti-Class Cruiser,Daniel,,inherited,1.0,,https://sketchfab.com/3d-models/none-6a587e545b1c48bea95480b49458ac63
Starships,individual,Individuals/Anvil (Acclamator-class),Anvil,Republic Assault Ship,StarWars-Universe,,inherited,1.0,,https://sketchfab.com/3d-models/none-e56b33bb58cc448ab134675e69dbc224
Starships,individual,Individuals/Anya Karu,Anya Karu,Star Wars: Imperial II Star Destroyer,Daniel,,inherited,1.0,,https://sketchfab.com/3d-models/none-b8bd2d35f7604670ab85242c06c6d280
Starships,individual,Individuals/Ao Var,Ao Var,"YTS-27 light freighter ""The Kowakian Corsair""",JP_2793,,inherited,1.0,,https://sketchfab.com/3d-models/none-3e187fed67034c488a0a9e41eae36628
Starships,individual,Individuals/Apailana's Promise,Apailana's Promise,Star Wars LAAT/i Gunship,smithson17,,inherited,1.0,,https://sketchfab.com/3d-models/none-77e5a30af490488c8019dcb3780ec847
Starships,individual,Individuals/Apogee,Apogee,Arquitens-Class Light Cruiser,A308 Digital,,inherited,1.0,,https://sketchfab.com/3d-models/none-802fa70fb8cd46f5b741cb6b99f66229
Starships,individual,Individuals/Aquilifer,Aquilifer,Star Wars: Imperial II Star Destroyer,Daniel,,inherited,1.0,,https://sketchfab.com/3d-models/none-b8bd2d35f7604670ab85242c06c6d280
Starships,individual,Individuals/Ar'alani's transport ship,Ar'alani's transport ship,Kei Truck Scout Transport,JohnMesplay,,inherited,1.0,,https://sketchfab.com/3d-models/none-0cb4b243a9dd4d1ca1ab30a17f23ac81
Starships,individual,Individuals/Arabu,Arabu,Star Wars: Lambda Shuttle,Daniel,,inherited,1.0,,https://sketchfab.com/3d-models/none-9d160e16845a4b518a2d30a7c716f20d
Starships,individual,Individuals/Aralanni,Aralanni,Invictus Class Star Cruiser,Conner Bentley,,inherited,1.0,,https://sketchfab.com/3d-models/none-8ba24769c02b401d88f50655505c92be
Starships,individual,Individuals/Aramadia (Super Star Destroyer),Aramadia,Star Wars - Executor Super Star Destroyer,Admiral_Forever,,inherited,1.0,,https://sketchfab.com/3d-models/none-df018bc2cecc4a5182fde06ddc9b1496
Starships,individual,Individuals/Aratech (Star Galleon-class),Aratech,Star Wars Aratech 74z Speeder Bike,tegnemaskin,,exact,1.0,,https://sketchfab.com/3d-models/none-efbdcedb6f0a483b9046daa716d1ff6a
Starships,individual,Individuals/Arbiter (Star Destroyer),Arbiter,Star Wars; Imperial-Class Star Destroyer,Heataker,,inherited,1.0,,https://sketchfab.com/3d-models/none-fa18d537db4d4020a443c1802ec0f88e
Starships,individual,Individuals/Arbitrage,Arbitrage,"YTS-27 light freighter ""The Kowakian Corsair""",JP_2793,,inherited,1.0,,https://sketchfab.com/3d-models/none-3e187fed67034c488a0a9e41eae36628
Starships,individual,Individuals/Arbitrator,Arbitrator,Star Wars Dreadnought,bruhepic925,,inherited,1.0,,https://sketchfab.com/3d-models/none-d146d98ea3b346548f463181331b9e70
Starships,individual,Individuals/Arbitrator (Venator-class),Arbitrator,Star Wars: Imperial II Star Destroyer,Daniel,,inherited,1.0,,https://sketchfab.com/3d-models/none-b8bd2d35f7604670ab85242c06c6d280
Starships,individual,Individuals/Arc Hammer,Arc Hammer,Harrrower Class Dreadnaught,Kalashnikov 3D,,inherited,1.0,,https://sketchfab.com/3d-models/none-6e230cc7f6b84649bbab92a5f5ee6347
Starships,individual,Individuals/Archai,Archai,"YTS-27 light freighter ""The Kowakian Corsair""",JP_2793,,inherited,1.0,,https://sketchfab.com/3d-models/none-3e187fed67034c488a0a9e41eae36628
Starships,individual,Individuals/Archer (Assassin-class),Archer,Stagwarden Archer 2,Ognomdrol,,exact,1.0,,https://sketchfab.com/3d-models/none-bfcfb49936394d8280ed14e4824e45de
Starships,individual,Individuals/Archer (Tector-class),Archer,Stagwarden Archer 2,Ognomdrol,,exact,1.0,,https://sketchfab.com/3d-models/none-bfcfb49936394d8280ed14e4824e45de
Starships,individual,Individuals/Archon (Nebulon-B2 frigate),Archon,Star Wars: Nebulon B Frigate,Daniel,,inherited,1.0,,https://sketchfab.com/3d-models/none-1986f7b0dee647b3b2374eb80dbd1faf
Starships,individual,Individuals/Ardency,Ardency,Invictus Class Star Cruiser,Conner Bentley,,inherited,1.0,,https://sketchfab.com/3d-models/none-8ba24769c02b401d88f50655505c92be
Starships,individual,Individuals/Ardent (MC40a light cruiser),Ardent,Arquitens-Class Light Cruiser,A308 Digital,,inherited,1.0,,https://sketchfab.com/3d-models/none-802fa70fb8cd46f5b741cb6b99f66229
Starships,individual,Individuals/Ardent (MC80 Star Cruiser),Ardent,Invictus Class Star Cruiser,Conner Bentley,,inherited,1.0,,https://sketchfab.com/3d-models/none-8ba24769c02b401d88f50655505c92be
Starships,individual,Individuals/Ardent IV,Ardent IV,Invictus Class Star Cruiser,Conner Bentley,,inherited,1.0,,https://sketchfab.com/3d-models/none-8ba24769c02b401d88f50655505c92be
Starships,individual,Individuals/Aremin,Aremin,Star Wars: Nebulon B Frigate,Daniel,,inherited,1.0,,https://sketchfab.com/3d-models/none-1986f7b0dee647b3b2374eb80dbd1faf
Starships,individual,Individuals/Argus (shuttle),Argus,Star Wars: Lambda Shuttle,Daniel,,inherited,1.0,,https://sketchfab.com/3d-models/none-9d160e16845a4b518a2d30a7c716f20d
Starships,individual,Individuals/Arion Star,Arion Star,"YTS-27 light freighter ""The Kowakian Corsair""",JP_2793,,inherited,1.0,,https://sketchfab.com/3d-models/none-3e187fed67034c488a0a9e41eae36628
Starships,individual,Individuals/Aris Brace,Aris Brace,Star Wars: BFF-1 Bulk Freighter,Daniel,,inherited,1.0,,https://sketchfab.com/3d-models/none-2131f750afff479588a46321d17ee25f
Starships,individual,Individuals/Arkanian Dawn,Arkanian Dawn,Kei Truck Scout Transport,JohnMesplay,,inherited,1.0,,https://sketchfab.com/3d-models/none-0cb4b243a9dd4d1ca1ab30a17f23ac81
Starships,individual,Individuals/Arkanian Dawn (Legends),Arkanian Dawn,Kei Truck Scout Transport,JohnMesplay,,inherited,1.0,,https://sketchfab.com/3d-models/none-0cb4b243a9dd4d1ca1ab30a17f23ac81
Starships,individual,Individuals/Arkanoid,Arkanoid,Star Wars: Lambda Shuttle,Daniel,,inherited,1.0,,https://sketchfab.com/3d-models/none-9d160e16845a4b518a2d30a7c716f20d
Starships,individual,Individuals/Arleen,Arleen,Star Wars: Personal Luxury Yacht 3000,Daniel,,inherited,1.0,,https://sketchfab.com/3d-models/none-cb6dee6d3d964b69ba50c95b220e4f9e
Starships,individual,Individuals/Arlionne,Arlionne,Star Wars: Imperial II Star Destroyer,Daniel,,inherited,1.0,,https://sketchfab.com/3d-models/none-b8bd2d35f7604670ab85242c06c6d280
Starships,individual,Individuals/Arreis,Arreis,"YTS-27 light freighter ""The Kowakian Corsair""",JP_2793,,inherited,1.0,,https://sketchfab.com/3d-models/none-3e187fed67034c488a0a9e41eae36628
Starships,individual,Individuals/Arrestor (Acclamator-class),Arrestor,Cantwell-class Arrestor Cruiser [Star Wars] ZEO,ZEO CMF,,exact,1.0,,https://sketchfab.com/3d-models/none-a8fb9ecdf203401794d495b63b17eb5a
Starships,individual,Individuals/Arrestor (Neutron Star-class),Arrestor,Cantwell-class Arrestor Cruiser [Star Wars] ZEO,ZEO CMF,,exact,1.0,,https://sketchfab.com/3d-models/none-a8fb9ecdf203401794d495b63b17eb5a
Starships,individual,Individuals/Arrow (corvette group),Arrow,Star Wars: Raider-class Corvette,Daniel,,inherited,1.0,,https://sketchfab.com/3d-models/none-8732794c82044aafb1c74a55b07674e0
Starships,individual,Individuals/Arrow of Sullust,Arrow of Sullust,Donachet Battlecruiser,gavinpgamer1,,inherited,1.0,,https://sketchfab.com/3d-models/none-44a6db481777492c8bd027e2b26054c1
Starships,individual,Individuals/Arrowhead (Freemakers),Arrowhead,Arrowhead,wktr11,,exact,1.0,,https://sketchfab.com/3d-models/none-73f53de009214fd7a6e3a1f761042331
Starships,individual,Individuals/Ars Opus,Ars Opus,"YTS-27 light freighter ""The Kowakian Corsair""",JP_2793,,inherited,1.0,,https://sketchfab.com/3d-models/none-3e187fed67034c488a0a9e41eae36628
Starships,individual,Individuals/Ascent,Ascent,Star Wars: Imperial II Star Destroyer,Daniel,,inherited,1.0,,https://sketchfab.com/3d-models/none-b8bd2d35f7604670ab85242c06c6d280
Starships,individual,Individuals/Ashanda Ray,Ashanda Ray,"YTS-27 light freighter ""The Kowakian Corsair""",JP_2793,,inherited,1.0,,https://sketchfab.com/3d-models/none-3e187fed67034c488a0a9e41eae36628
Starships,individual,Individuals/Ashanti,Ashanti,"YTS-27 light freighter ""The Kowakian Corsair""",JP_2793,,inherited,1.0,,https://sketchfab.com/3d-models/none-3e187fed67034c488a0a9e41eae36628
Starships,individual,Individuals/Ashtan Tor,Ashtan Tor,"YTS-27 light freighter ""The Kowakian Corsair""",JP_2793,,inherited,1.0,,https://sketchfab.com/3d-models/none-3e187fed67034c488a0a9e41eae36628
Starships,individual,Individuals/Aspirant (Acclamator-class),Aspirant,Republic Assault Ship,StarWars-Universe,,inherited,1.0,,https://sketchfab.com/3d-models/none-e56b33bb58cc448ab134675e69dbc224
Starships,individual,Individuals/Aspiration,Aspiration,Invictus Class Star Cruiser,Conner Bentley,,inherited,1.0,,https://sketchfab.com/3d-models/none-8ba24769c02b401d88f50655505c92be
Starships,individual,Individuals/Aspiration (Victory-class),Aspiration,Victory I-class Star Destroyer (Legends),gavinpgamer1,,inherited,1.0,,https://sketchfab.com/3d-models/none-d51b66b4ff6442349d70334f7137f929
Starships,individual,Individuals/Assailer,Assailer,Star Wars: Raider-class Corvette,Daniel,,inherited,1.0,,https://sketchfab.com/3d-models/none-8732794c82044aafb1c74a55b07674e0
Starships,individual,Individuals/Assassin (Imperial-class),Assassin,Assassin Autotrooper,Elite Big Speakerman,,strong,1.0,,https://sketchfab.com/3d-models/none-81fa17bd0e514dfeb7a97d8b4507ca14
Starships,individual,Individuals/Assertor,Assertor,Star Wars Dreadnought,bruhepic925,,inherited,1.0,,https://sketchfab.com/3d-models/none-d146d98ea3b346548f463181331b9e70
Starships,individual,Individuals/Assertor (Legends),Assertor,Star Wars Dreadnought,bruhepic925,,inherited,1.0,,https://sketchfab.com/3d-models/none-d146d98ea3b346548f463181331b9e70
Starships,individual,Individuals/Assessor (Imperial Customs Frigate),Assessor,Star Wars: Nebulon B Frigate,Daniel,,inherited,1.0,,https://sketchfab.com/3d-models/none-1986f7b0dee647b3b2374eb80dbd1faf
Starships,individual,Individuals/Assurance,Assurance,Star Wars: Raider-class Corvette,Daniel,,inherited,1.0,,https://sketchfab.com/3d-models/none-8732794c82044aafb1c74a55b07674e0
Starships,individual,Individuals/Ast'ria,Ast'ria,Star Wars Imperial Stormtrooper TK-736N (rigged),tegnemaskin,,exact,1.0,,https://sketchfab.com/3d-models/none-c6c23e99a4eb4140a5e5eb709e77d866
Starships,individual,Individuals/Asteroid Dancer,Asteroid Dancer,"YTS-27 light freighter ""The Kowakian Corsair""",JP_2793,,inherited,1.0,,https://sketchfab.com/3d-models/none-3e187fed67034c488a0a9e41eae36628
Starships,individual,Individuals/Asteroid Dreadnought,Asteroid Dreadnought,Harrower Class Dreadnought,Kuat-Entralla 3D Engineering,,inherited,1.0,,https://sketchfab.com/3d-models/none-14cc2060a4d645eb82c23171933b81ab
Starships,individual,Individuals/Ataraxia,Ataraxia,Invictus Class Star Cruiser,Conner Bentley,,inherited,1.0,,https://sketchfab.com/3d-models/none-8ba24769c02b401d88f50655505c92be
Starships,individual,Individuals/Atawar,Atawar,Star Wars: Lambda Shuttle,Daniel,,inherited,1.0,,https://sketchfab.com/3d-models/none-9d160e16845a4b518a2d30a7c716f20d
Starships,individual,Individuals/Athylia,Athylia,Star Wars: Nebulon B Frigate,Daniel,,inherited,1.0,,https://sketchfab.com/3d-models/none-1986f7b0dee647b3b2374eb80dbd1faf
Starships,individual,Individuals/Atom Edge,Atom Edge,"YTS-27 light freighter ""The Kowakian Corsair""",JP_2793,,inherited,1.0,,https://sketchfab.com/3d-models/none-3e187fed67034c488a0a9e41eae36628
Starships,individual,Individuals/Atron's Mistress,Atron's Mistress,Kei Truck Scout Transport,JohnMesplay,,inherited,1.0,,https://sketchfab.com/3d-models/none-0cb4b243a9dd4d1ca1ab30a17f23ac81
Starships,individual,Individuals/Attack Recon Fighter,Attack Recon Fighter,X-wing starfighter | T-65C-A2,Alana G,,inherited,1.0,,https://sketchfab.com/3d-models/none-2397144aa2314e8fb03bf131d8f56af4
Starships,individual,Individuals/Attacker Four,Attacker Four,Star Wars Dreadnaught-Class Heavy Cruiser,flannelandfilm,,inherited,1.0,,https://sketchfab.com/3d-models/none-14e6ad1266104dec96541b17000925f2
Starships,individual,Individuals/Attacker One,Attacker One,Clone Trooper Phase I,D34TH11,,weak,0.5,,https://sketchfab.com/3d-models/none-8f40fd5418e741858a7ded9cc26e6d39
Starships,individual,Individuals/Attacker Three,Attacker Three,Star Wars Dreadnaught-Class Heavy Cruiser,flannelandfilm,,inherited,1.0,,https://sketchfab.com/3d-models/none-14e6ad1266104dec96541b17000925f2
Starships,individual,Individuals/Attacker Two,Attacker Two,Star Wars Dreadnaught-Class Heavy Cruiser,flannelandfilm,,inherited,1.0,,https://sketchfab.com/3d-models/none-14e6ad1266104dec96541b17000925f2
Starships,individual,Individuals/Auberge,Auberge,Star Wars: Gozanti-Class Cruiser,Daniel,,inherited,1.0,,https://sketchfab.com/3d-models/none-6a587e545b1c48bea95480b49458ac63
Starships,individual,Individuals/Audacious,Audacious,Star Wars: Raider-class Corvette,Daniel,,inherited,1.0,,https://sketchfab.com/3d-models/none-8732794c82044aafb1c74a55b07674e0
Starships,individual,Individuals/Audacity,Audacity,Star Wars: Imperial II Star Destroyer,Daniel,,inherited,1.0,,https://sketchfab.com/3d-models/none-b8bd2d35f7604670ab85242c06c6d280
Starships,individual,Individuals/Auditor (corvette),Auditor,Star Wars: Raider-class Corvette,Daniel,,inherited,1.0,,https://sketchfab.com/3d-models/none-8732794c82044aafb1c74a55b07674e0
Starships,individual,Individuals/Aurel Moon,Aurel Moon,Invictus Class Star Cruiser,Conner Bentley,,inherited,1.0,,https://sketchfab.com/3d-models/none-8ba24769c02b401d88f50655505c92be
Starships,individual,Individuals/Auric,Auric,Kei Truck Scout Transport,JohnMesplay,,inherited,1.0,,https://sketchfab.com/3d-models/none-0cb4b243a9dd4d1ca1ab30a17f23ac81
Starships,individual,Individuals/Aurodia,Aurodia,STAR WARS DROIDE B2 BY OSCAR CREATIVO,OSCAR CREATIVO,,inherited,1.0,,https://sketchfab.com/3d-models/none-bb52ea58e9f04427b9b9bf4b829e0810
Starships,individual,Individuals/Aurora (CR90 corvette),Aurora,Star Wars: Raider-class Corvette,Daniel,,inherited,1.0,,https://sketchfab.com/3d-models/none-8732794c82044aafb1c74a55b07674e0
Starships,individual,Individuals/Aurora (MC80 Star Cruiser),Aurora,Invictus Class Star Cruiser,Conner Bentley,,inherited,1.0,,https://sketchfab.com/3d-models/none-8ba24769c02b401d88f50655505c92be
Starships,individual,Individuals/Aurora (Star Dreadnought),Aurora,Star Wars Dreadnought,bruhepic925,,inherited,1.0,,https://sketchfab.com/3d-models/none-d146d98ea3b346548f463181331b9e70
Starships,individual,Individuals/Aurora (Valor-class),Aurora,Invictus Class Star Cruiser,Conner Bentley,,inherited,1.0,,https://sketchfab.com/3d-models/none-8ba24769c02b401d88f50655505c92be
Starships,individual,Individuals/Aurora Sun,Aurora Sun,Invictus Class Star Cruiser,Conner Bentley,,inherited,1.0,,https://sketchfab.com/3d-models/none-8ba24769c02b401d88f50655505c92be
Starships,individual,Individuals/Aut-O's flagship,Aut-O's flagship,Harrower Class Dreadnought,Kuat-Entralla 3D Engineering,,inherited,1.0,,https://sketchfab.com/3d-models/none-14cc2060a4d645eb82c23171933b81ab
Starships,individual,Individuals/Authority,Authority,Corporate Sector Authority Espos Soldier,JCarpenter_48,,exact,1.0,,https://sketchfab.com/3d-models/none-4ad2659bcc0649e3afbbc7293266b492
Starships,individual,Individuals/Autonomy,Autonomy,Invictus Class Star Cruiser,Conner Bentley,,inherited,1.0,,https://sketchfab.com/3d-models/none-8ba24769c02b401d88f50655505c92be
Starships,individual,Individuals/Avadora,Avadora,Star Wars: Personal Luxury Yacht 3000,Daniel,,inherited,1.0,,https://sketchfab.com/3d-models/none-cb6dee6d3d964b69ba50c95b220e4f9e
Starships,individual,Individuals/Avarice,Avarice,83359 Star Wars Imperial II-class Star Destroyer,S🅾️Meme star wars,,inherited,1.0,,https://sketchfab.com/3d-models/none-c75cfb15ef124691b3fa33c30e017bbe
Starships,individual,Individuals/Avatar,Avatar,Female Star Wars - themed avatar,Ready Player Me,,exact,1.0,,https://sketchfab.com/3d-models/none-ce52805c04a646719bab53f92a3f35ac
Starships,individual,Individuals/Avatar's Needle,Avatar's Needle,Star Wars: Guardian-class Light Cruiser,Daniel,,inherited,1.0,,https://sketchfab.com/3d-models/none-b0b65ae815844d24ad05cf63757d420c
Starships,individual,Individuals/Avengeance,Avengeance,Invictus Class Star Cruiser,Conner Bentley,,inherited,1.0,,https://sketchfab.com/3d-models/none-8ba24769c02b401d88f50655505c92be
Starships,individual,Individuals/Avenger,Avenger,Star Wars: TIE/ad Avenger,Daniel,,exact,1.0,,https://sketchfab.com/3d-models/none-44f5ea9895d041f99659d996a7ac5216
Starships,individual,Individuals/Avenger (Legends),Avenger,Star Wars: TIE/ad Avenger,Daniel,,exact,1.0,,https://sketchfab.com/3d-models/none-44f5ea9895d041f99659d996a7ac5216
Starships,individual,Individuals/Avenger (Pellaeon-class),Avenger,Star Wars: TIE/ad Avenger,Daniel,,exact,1.0,,https://sketchfab.com/3d-models/none-44f5ea9895d041f99659d996a7ac5216
Starships,individual,Individuals/Avenger (corvette),Avenger,Star Wars: TIE/ad Avenger,Daniel,,exact,1.0,,https://sketchfab.com/3d-models/none-44f5ea9895d041f99659d996a7ac5216
Starships,individual,Individuals/Axe (starship),Axe,(FREE) Gammorean Battle-Axe,Rooxon,,exact,1.0,,https://sketchfab.com/3d-models/none-afe28887d2f04529978cf0d717984ef0
Starships,individual,Individuals/Axiom,Axiom,Invictus Class Star Cruiser,Conner Bentley,,inherited,1.0,,https://sketchfab.com/3d-models/none-8ba24769c02b401d88f50655505c92be
Starships,individual,Individuals/Ayalam,Ayalam,Star Wars: Lambda Shuttle,Daniel,,inherited,1.0,,https://sketchfab.com/3d-models/none-9d160e16845a4b518a2d30a7c716f20d
Starships,individual,Individuals/Azita Cruuz's freighter,Azita Cruuz's freighter,"YTS-27 light freighter ""The Kowakian Corsair""",JP_2793,,inherited,1.0,,https://sketchfab.com/3d-models/none-3e187fed67034c488a0a9e41eae36628
Starships,individual,Individuals/Azure Angel,Azure Angel,X-wing starfighter | T-65C-A2,Alana G,,inherited,1.0,,https://sketchfab.com/3d-models/none-2397144aa2314e8fb03bf131d8f56af4
Starships,individual,Individuals/Azure Angel II,Azure Angel II,X-wing starfighter | T-65C-A2,Alana G,,inherited,1.0,,https://sketchfab.com/3d-models/none-2397144aa2314e8fb03bf131d8f56af4
Starships,individual,Individuals/BB-2,BB-2,BB-q Escapes With the Plans!,Edward Joseph,,exact,1.0,,https://sketchfab.com/3d-models/none-602b01b29c9e4817aaedd8e75dba171c
Starships,individual,Individuals/BB-8,BB-8,BB8 (Animated),StarWars-Universe,,exact,1.0,,https://sketchfab.com/3d-models/none-15db7644c5b645f195f4d2dc0c5154ec
Starships,individual,Individuals/Backbreaker,Backbreaker,Star Wars: Nebulon B Frigate,Daniel,,inherited,1.0,,https://sketchfab.com/3d-models/none-1986f7b0dee647b3b2374eb80dbd1faf
Starships,individual,Individuals/Backstab,Backstab,Star Wars: Raider-class Corvette,Daniel,,inherited,1.0,,https://sketchfab.com/3d-models/none-8732794c82044aafb1c74a55b07674e0
Starships,individual,Individuals/Bad Kitty (Legends),Bad Kitty,Star Wars LAAT/i Gunship,smithson17,,inherited,1.0,,https://sketchfab.com/3d-models/none-77e5a30af490488c8019dcb3780ec847
Starships,individual,Individuals/Badi Dea,Badi Dea,Star Wars; Imperial-Class Star Destroyer,Heataker,,inherited,1.0,,https://sketchfab.com/3d-models/none-fa18d537db4d4020a443c1802ec0f88e
Starships,individual,Individuals/Badlands (CR90 corvette),Badlands,Star Wars: Raider-class Corvette,Daniel,,inherited,1.0,,https://sketchfab.com/3d-models/none-8732794c82044aafb1c74a55b07674e0
Starships,individual,Individuals/Bail Jumper,Bail Jumper,X-wing starfighter | T-65C-A2,Alana G,,inherited,1.0,,https://sketchfab.com/3d-models/none-2397144aa2314e8fb03bf131d8f56af4
Starships,individual,Individuals/Bail Organa (CR90 corvette),Bail Organa,Star Wars Galaxies - XJ-2 Airspeeder,Zorg_Sinister,,exact,1.0,,https://sketchfab.com/3d-models/none-c9445e71b337496db8f5b50d66fb3832
Starships,individual,Individuals/Bail Organa (Star Destroyer),Bail Organa,Star Wars Galaxies - XJ-2 Airspeeder,Zorg_Sinister,,exact,1.0,,https://sketchfab.com/3d-models/none-c9445e71b337496db8f5b50d66fb3832
Starships,individual,Individuals/Bakuran Blade,Bakuran Blade,"YTS-27 light freighter ""The Kowakian Corsair""",JP_2793,,inherited,1.0,,https://sketchfab.com/3d-models/none-3e187fed67034c488a0a9e41eae36628
Starships,individual,Individuals/Bakuran Blade (Legends),Bakuran Blade,"YTS-27 light freighter ""The Kowakian Corsair""",JP_2793,,inherited,1.0,,https://sketchfab.com/3d-models/none-3e187fed67034c488a0a9e41eae36628
Starships,individual,Individuals/Ballista (cruiser),Ballista,Invictus Class Star Cruiser,Conner Bentley,,inherited,1.0,,https://sketchfab.com/3d-models/none-8ba24769c02b401d88f50655505c92be
Starships,individual,Individuals/Banshee (starfighter),Banshee,X-wing starfighter | T-65C-A2,Alana G,,inherited,1.0,,https://sketchfab.com/3d-models/none-2397144aa2314e8fb03bf131d8f56af4
Starships,individual,Individuals/Banshee of Bestine's starfighter,Banshee of Bestine's starfighter,X-wing starfighter | T-65C-A2,Alana G,,inherited,1.0,,https://sketchfab.com/3d-models/none-2397144aa2314e8fb03bf131d8f56af4
Starships,individual,Individuals/Bantha Poodoo,Bantha Poodoo,Star Wars LAAT/i Gunship,smithson17,,inherited,1.0,,https://sketchfab.com/3d-models/none-77e5a30af490488c8019dcb3780ec847
Starships,individual,Individuals/Bantha Poodoo (Legends),Bantha Poodoo,Star Wars LAAT/i Gunship,smithson17,,inherited,1.0,,https://sketchfab.com/3d-models/none-77e5a30af490488c8019dcb3780ec847
Starships,individual,Individuals/Barderia,Barderia,"YTS-27 light freighter ""The Kowakian Corsair""",JP_2793,,inherited,1.0,,https://sketchfab.com/3d-models/none-3e187fed67034c488a0a9e41eae36628
Starships,individual,Individuals/Bargain Hunter,Bargain Hunter,"YTS-27 light freighter ""The Kowakian Corsair""",JP_2793,,inherited,1.0,,https://sketchfab.com/3d-models/none-3e187fed67034c488a0a9e41eae36628
Starships,individual,Individuals/Barker,Barker,Star Wars: Nebulon B Frigate,Daniel,,inherited,1.0,,https://sketchfab.com/3d-models/none-1986f7b0dee647b3b2374eb80dbd1faf
Starships,individual,Individuals/Barriss Offee's Delta-7B Aethersprite-class light interceptor,Barriss Offee's Delta-7B Aethersprite-class light interceptor,X-wing starfighter | T-65C-A2,Alana G,,inherited,1.0,,https://sketchfab.com/3d-models/none-2397144aa2314e8fb03bf131d8f56af4
Starships,individual,Individuals/Barriss Offee's Delta-7B Aethersprite-class light interceptor (Legends),Barriss Offee's Delta-7B Aethersprite-class light interceptor,X-wing starfighter | T-65C-A2,Alana G,,inherited,1.0,,https://sketchfab.com/3d-models/none-2397144aa2314e8fb03bf131d8f56af4
Starships,individual,Individuals/Basilisk (Star Destroyer),Basilisk,Star Wars: Imperial II Star Destroyer,Daniel,,inherited,1.0,,https://sketchfab.com/3d-models/none-b8bd2d35f7604670ab85242c06c6d280
Starships,individual,Individuals/Bastion (Imperial II-class),Bastion,"Tilbury Fort LiDAR, River Thames, Essex",Mark Walters,,exact,1.0,,https://sketchfab.com/3d-models/none-275689218bd54054961fd418cc67147c
Starships,individual,Individuals/Bastion (starship),Bastion,"Tilbury Fort LiDAR, River Thames, Essex",Mark Walters,,exact,1.0,,https://sketchfab.com/3d-models/none-275689218bd54054961fd418cc67147c
Starships,individual,Individuals/Bastion (tanker),Bastion,"Tilbury Fort LiDAR, River Thames, Essex",Mark Walters,,exact,1.0,,https://sketchfab.com/3d-models/none-275689218bd54054961fd418cc67147c
Starships,individual,Individuals/Battalion (Praetor-class),Battalion,CL TR P2 212th attack battalion,InterGalacticSupplyYard,,exact,1.0,,https://sketchfab.com/3d-models/none-001f369aea9044499943d5966b7090e3
Starships,individual,Individuals/Battle Horn,Battle Horn,T-65B X-Wing Starfighter,A308 Digital,,exact,1.0,,https://sketchfab.com/3d-models/none-d2b74c2a97564d2a82828a965a0607cd
Starships,individual,Individuals/Battle Lance,Battle Lance,Star Wars: Imperial II Star Destroyer,Daniel,,inherited,1.0,,https://sketchfab.com/3d-models/none-b8bd2d35f7604670ab85242c06c6d280
Starships,individual,Individuals/Battlecruiser 17,Battlecruiser 17,Star Wars: Nebulon B Frigate,Daniel,,inherited,1.0,,https://sketchfab.com/3d-models/none-1986f7b0dee647b3b2374eb80dbd1faf
Starships,individual,Individuals/Battlecruiser 19,Battlecruiser 19,Star Wars: Nebulon B Frigate,Daniel,,inherited,1.0,,https://sketchfab.com/3d-models/none-1986f7b0dee647b3b2374eb80dbd1faf
Starships,individual,Individuals/Battlesphere,Battlesphere,Star Wars Separatist Core Ship,ThrillDaWill,,inherited,1.0,,https://sketchfab.com/3d-models/none-0d829115bb4d472da5d05cdf529b6694
Starships,individual,Individuals/Battlesphere (Legends),Battlesphere,Star Wars Separatist Core Ship,ThrillDaWill,,inherited,1.0,,https://sketchfab.com/3d-models/none-0d829115bb4d472da5d05cdf529b6694
Starships,individual,Individuals/Bay Point,Bay Point,Star Wars: Nebulon B Frigate,Daniel,,inherited,1.0,,https://sketchfab.com/3d-models/none-1986f7b0dee647b3b2374eb80dbd1faf
Starships,individual,Individuals/Baylan's shuttle,Baylan's shuttle,Star Wars: Lambda Shuttle,Daniel,,inherited,1.0,,https://sketchfab.com/3d-models/none-9d160e16845a4b518a2d30a7c716f20d
Starships,individual,Individuals/Beauty of Yevetha,Beauty of Yevetha,Star Wars: Raider-class Corvette,Daniel,,inherited,1.0,,https://sketchfab.com/3d-models/none-8732794c82044aafb1c74a55b07674e0
Starships,individual,Individuals/Beetle Nebula (transport),Beetle Nebula,Kei Truck Scout Transport,JohnMesplay,,inherited,1.0,,https://sketchfab.com/3d-models/none-0cb4b243a9dd4d1ca1ab30a17f23ac81
Starships,individual,Individuals/Beggar's Solace,Beggar's Solace,"YTS-27 light freighter ""The Kowakian Corsair""",JP_2793,,inherited,1.0,,https://sketchfab.com/3d-models/none-3e187fed67034c488a0a9e41eae36628
Starships,individual,Individuals/Bel'reen,Bel'reen,Star Wars X-wing Rebel Flight Suit (rigged),tegnemaskin,,weak,0.5,,https://sketchfab.com/3d-models/none-efa36772d0984634ac6ed8a0e95f8d14
Starships,individual,Individuals/Belin's ship,Belin's ship,Kei Truck Scout Transport,JohnMesplay,,inherited,1.0,,https://sketchfab.com/3d-models/none-0cb4b243a9dd4d1ca1ab30a17f23ac81
Starships,individual,Individuals/Belit,Belit,"YTS-27 light freighter ""The Kowakian Corsair""",JP_2793,,inherited,1.0,,https://sketchfab.com/3d-models/none-3e187fed67034c488a0a9e41eae36628
Starships,individual,Individuals/Bellicose (Firewolf man-of-war),Bellicose,Tony Stark Iron Man (Civil War),Tigerar1,,inherited,0.87,,https://sketchfab.com/3d-models/none-2a5a5df7d300493cb7e5ef3f833ff9f4
Starships,individual,Individuals/Bellicose (Imperial-class),Bellicose,Star Wars: Imperial II Star Destroyer,Daniel,,inherited,1.0,,https://sketchfab.com/3d-models/none-b8bd2d35f7604670ab85242c06c6d280
Starships,individual,Individuals/Bellicose (Imperial-class) (Legends),Bellicose,Low Poly: Imperial I Class Star Destroyer,David Onizaki,,inherited,1.0,,https://sketchfab.com/3d-models/none-f74ee8ea46214ba88f11d00d8dd29d42
Starships,individual,Individuals/Belligerent,Belligerent,Star Wars; Imperial-Class Star Destroyer,Heataker,,inherited,1.0,,https://sketchfab.com/3d-models/none-fa18d537db4d4020a443c1802ec0f88e
Starships,individual,Individuals/Beloved Bophine,Beloved Bophine,"YTS-27 light freighter ""The Kowakian Corsair""",JP_2793,,inherited,1.0,,https://sketchfab.com/3d-models/none-3e187fed67034c488a0a9e41eae36628
Starships,individual,Individuals/Ben Het,Ben Het,Arquitens-Class Light Cruiser,A308 Digital,,inherited,1.0,,https://sketchfab.com/3d-models/none-802fa70fb8cd46f5b741cb6b99f66229
Starships,individual,Individuals/Beneficent Tasia,Beneficent Tasia,GNN News Media Ship,gavinpgamer1,,inherited,1.0,,https://sketchfab.com/3d-models/none-9b135da26f0f41df8c5f66654fbfaa83
Starships,individual,Individuals/Benevolent III,Benevolent III,Kei Truck Scout Transport,JohnMesplay,,inherited,1.0,,https://sketchfab.com/3d-models/none-0cb4b243a9dd4d1ca1ab30a17f23ac81
Starships,individual,Individuals/Bentor,Bentor,"YTS-27 light freighter ""The Kowakian Corsair""",JP_2793,,inherited,1.0,,https://sketchfab.com/3d-models/none-3e187fed67034c488a0a9e41eae36628
Starships,individual,Individuals/Berono,Berono,Star Wars: Lambda Shuttle,Daniel,,inherited,1.0,,https://sketchfab.com/3d-models/none-9d160e16845a4b518a2d30a7c716f20d
Starships,individual,Individuals/Berooken's executive cruiser,Berooken's executive cruiser,Invictus Class Star Cruiser,Conner Bentley,,inherited,1.0,,https://sketchfab.com/3d-models/none-8ba24769c02b401d88f50655505c92be
Starships,individual,Individuals/Beskad (starship),Beskad (starship),Emperor's Beskad,gauvain_boiche,,exact,1.0,,https://sketchfab.com/3d-models/none-44acad214d724eac8b36674e20216849
Starships,individual,Individuals/Bespin Bandit,Bespin Bandit,"YTS-27 light freighter ""The Kowakian Corsair""",JP_2793,,inherited,1.0,,https://sketchfab.com/3d-models/none-3e187fed67034c488a0a9e41eae36628
Starships,individual,Individuals/Best Chance (yacht),Best Chance,Star Wars: Personal Luxury Yacht 3000,Daniel,,inherited,1.0,,https://sketchfab.com/3d-models/none-cb6dee6d3d964b69ba50c95b220e4f9e
Starships,individual,Individuals/Bestoon Legacy,Bestoon Legacy,Kei Truck Scout Transport,JohnMesplay,,inherited,1.0,,https://sketchfab.com/3d-models/none-0cb4b243a9dd4d1ca1ab30a17f23ac81
Starships,individual,Individuals/Betar,Betar,"YTS-27 light freighter ""The Kowakian Corsair""",JP_2793,,inherited,1.0,,https://sketchfab.com/3d-models/none-3e187fed67034c488a0a9e41eae36628
Starships,individual,Individuals/Bez'ox Mentzz,Bez'ox Mentzz,Star Wars Galaxies - YT1300 (Inside),Zorg_Sinister,,inherited,0.769,,https://sketchfab.com/3d-models/none-400abf08c94e4b4e809fca0aa51a5e00
Starships,individual,Individuals/Bezil,Bezil,Star Wars: Lambda Shuttle,Daniel,,inherited,1.0,,https://sketchfab.com/3d-models/none-9d160e16845a4b518a2d30a7c716f20d
Starships,individual,Individuals/Bhishana Bhaga,Bhishana Bhaga,Star Wars: Raider-class Corvette,Daniel,,inherited,1.0,,https://sketchfab.com/3d-models/none-8732794c82044aafb1c74a55b07674e0
Starships,individual,Individuals/Biggs Darklighter's X-wing,Biggs Darklighter's X-wing,X-wing starfighter | T-65C-A2,Alana G,,inherited,1.0,,https://sketchfab.com/3d-models/none-2397144aa2314e8fb03bf131d8f56af4
Starships,individual,Individuals/Bistan's U-wing,Bistan's U-wing,Star Wars LAAT/i Gunship,smithson17,,inherited,1.0,,https://sketchfab.com/3d-models/none-77e5a30af490488c8019dcb3780ec847
Starships,individual,Individuals/Bixby,Bixby,Star Wars: Raider-class Corvette,Daniel,,inherited,1.0,,https://sketchfab.com/3d-models/none-8732794c82044aafb1c74a55b07674e0
Starships,individual,Individuals/Black 11,Black 11,X-wing starfighter | T-65C-A2,Alana G,,inherited,1.0,,https://sketchfab.com/3d-models/none-2397144aa2314e8fb03bf131d8f56af4
Starships,individual,Individuals/Black 2,Black 2,Lego Phase 2 Clone Trooper Helmet,ThrillDaWill,,weak,0.5,,https://sketchfab.com/3d-models/none-845b424822884f568efa4a82a769a0c6
Starships,individual,Individuals/Black 3,Black 3,X-wing starfighter | T-65C-A2,Alana G,,inherited,1.0,,https://sketchfab.com/3d-models/none-2397144aa2314e8fb03bf131d8f56af4
Starships,individual,Individuals/Black 4,Black 4,X-wing starfighter | T-65C-A2,Alana G,,inherited,1.0,,https://sketchfab.com/3d-models/none-2397144aa2314e8fb03bf131d8f56af4
Starships,individual,Individuals/Black Death,Black Death,Helmet Star-Wars - Death Trooper - SDC,SDC PERFORMANCE™️,,exact,1.0,,https://sketchfab.com/3d-models/none-5ac5212d642d45739702f22889dcb365
Starships,individual,Individuals/Black Hawk,Black Hawk,Star Wars: Nebulon B Frigate,Daniel,,inherited,1.0,,https://sketchfab.com/3d-models/none-1986f7b0dee647b3b2374eb80dbd1faf
Starships,individual,Individuals/Black Krrsantan's Auzituck anti-slaver gunship,Black Krrsantan's Auzituck anti-slaver gunship,Star Wars LAAT/i Gunship,smithson17,,inherited,1.0,,https://sketchfab.com/3d-models/none-77e5a30af490488c8019dcb3780ec847
Starships,individual,Individuals/Black Obsession,Black Obsession,"YTS-27 light freighter ""The Kowakian Corsair""",JP_2793,,inherited,1.0,,https://sketchfab.com/3d-models/none-3e187fed67034c488a0a9e41eae36628
Starships,individual,Individuals/Black One,Black One,Death trooper || Rogue One: A Star Wars Story,RC-KOA,,weak,0.5,,https://sketchfab.com/3d-models/none-503860c8c63b419daa391f296ab874f1
Starships,individual,Individuals/Black One (35 ABY),Black One,Death trooper || Rogue One: A Star Wars Story,RC-KOA,,weak,0.5,,https://sketchfab.com/3d-models/none-503860c8c63b419daa391f296ab874f1
Starships,individual,Individuals/Black Spire Outpost transport,Black Spire Outpost transport,Kei Truck Scout Transport,JohnMesplay,,inherited,1.0,,https://sketchfab.com/3d-models/none-0cb4b243a9dd4d1ca1ab30a17f23ac81
Starships,individual,Individuals/Black Talon,Black Talon,Kei Truck Scout Transport,JohnMesplay,,inherited,1.0,,https://sketchfab.com/3d-models/none-0cb4b243a9dd4d1ca1ab30a17f23ac81
Starships,individual,Individuals/Black Wave,Black Wave,Star Wars: Nebulon B Frigate,Daniel,,inherited,1.0,,https://sketchfab.com/3d-models/none-1986f7b0dee647b3b2374eb80dbd1faf
Starships,individual,Individuals/Blackjack (Lambda-class),Blackjack,Star Wars: Lambda Shuttle,Daniel,,inherited,1.0,,https://sketchfab.com/3d-models/none-9d160e16845a4b518a2d30a7c716f20d
Starships,individual,Individuals/Blackmist,Blackmist,Star Wars: Raider-class Corvette,Daniel,,inherited,1.0,,https://sketchfab.com/3d-models/none-8732794c82044aafb1c74a55b07674e0
Starships,individual,Individuals/Blackstar (Imperial I-class),Blackstar,Low Poly: Imperial I Class Star Destroyer,David Onizaki,,inherited,1.0,,https://sketchfab.com/3d-models/none-f74ee8ea46214ba88f11d00d8dd29d42
Starships,individual,Individuals/Blacktooth,Blacktooth,"YTS-27 light freighter ""The Kowakian Corsair""",JP_2793,,inherited,1.0,,https://sketchfab.com/3d-models/none-3e187fed67034c488a0a9e41eae36628
Starships,individual,Individuals/Blade of Dorin,Blade of Dorin,X-wing starfighter | T-65C-A2,Alana G,,inherited,1.0,,https://sketchfab.com/3d-models/none-2397144aa2314e8fb03bf131d8f56af4
Starships,individual,Individuals/Blade of Dorin (Legends),Blade of Dorin,X-wing starfighter | T-65C-A2,Alana G,,inherited,1.0,,https://sketchfab.com/3d-models/none-2397144aa2314e8fb03bf131d8f56af4
Starships,individual,Individuals/Blade's Edge,Blade's Edge,Galaxy's Edge Savi's Workshop Custom Lightsaber,Daniel Cardona,,exact,1.0,,https://sketchfab.com/3d-models/none-8856568ac0884986b5ec7dd6c3fa6b64
Starships,individual,Individuals/Blast Radius,Blast Radius,Star Wars: Raider-class Corvette,Daniel,,inherited,1.0,,https://sketchfab.com/3d-models/none-8732794c82044aafb1c74a55b07674e0
Starships,individual,Individuals/Blazemaker Mark II,Blazemaker Mark II,Star Wars Galaxies - X-Wing(Luke/Red-Five),Zorg_Sinister,,inherited,0.5,,https://sketchfab.com/3d-models/none-c9bb464489e14a83a3d018c68d6145ff
Starships,individual,Individuals/Blessings,Blessings,Harrrower Class Dreadnaught,Kalashnikov 3D,,inherited,1.0,,https://sketchfab.com/3d-models/none-6e230cc7f6b84649bbab92a5f5ee6347
Starships,individual,Individuals/Blind Luck,Blind Luck,"YTS-27 light freighter ""The Kowakian Corsair""",JP_2793,,inherited,1.0,,https://sketchfab.com/3d-models/none-3e187fed67034c488a0a9e41eae36628
Starships,individual,Individuals/Blockade One,Blockade One,My Tantive 4 on Stormworks,DullshDino,,weak,0.5,,https://sketchfab.com/3d-models/none-a0f6bdeda1e241a2b14545771ff3919a
Starships,individual,Individuals/Blockade runner 0-9-9,Blockade runner 0-9-9,Star Wars: Nebulon B Frigate,Daniel,,inherited,1.0,,https://sketchfab.com/3d-models/none-1986f7b0dee647b3b2374eb80dbd1faf
Starships,individual,Individuals/Blood Brother,Blood Brother,Invictus Class Star Cruiser,Conner Bentley,,inherited,1.0,,https://sketchfab.com/3d-models/none-8ba24769c02b401d88f50655505c92be
Starships,individual,Individuals/Blood Crow,Blood Crow,Invictus Class Star Cruiser,Conner Bentley,,inherited,1.0,,https://sketchfab.com/3d-models/none-8ba24769c02b401d88f50655505c92be
Starships,individual,Individuals/Blood Freeze,Blood Freeze,"YTS-27 light freighter ""The Kowakian Corsair""",JP_2793,,inherited,1.0,,https://sketchfab.com/3d-models/none-3e187fed67034c488a0a9e41eae36628
Starships,individual,Individuals/Blood Gutter,Blood Gutter,Star Wars: Nebulon B Frigate,Daniel,,inherited,1.0,,https://sketchfab.com/3d-models/none-1986f7b0dee647b3b2374eb80dbd1faf
Starships,individual,Individuals/Bloodshield,Bloodshield,Star Destroyer Hallway,A308 Digital,,inherited,1.0,,https://sketchfab.com/3d-models/none-eba38859a8484637a5d61f7e9e769a7d
Starships,individual,Individuals/Blue Ace,Blue Ace,X-wing starfighter | T-65C-A2,Alana G,,inherited,1.0,,https://sketchfab.com/3d-models/none-2397144aa2314e8fb03bf131d8f56af4
Starships,individual,Individuals/Blue Boy,Blue Boy,"YTS-27 light freighter ""The Kowakian Corsair""",JP_2793,,inherited,1.0,,https://sketchfab.com/3d-models/none-3e187fed67034c488a0a9e41eae36628
Starships,individual,Individuals/Blue Flame,Blue Flame,X-wing starfighter | T-65C-A2,Alana G,,inherited,1.0,,https://sketchfab.com/3d-models/none-2397144aa2314e8fb03bf131d8f56af4
Starships,individual,Individuals/Blue Flare,Blue Flare,"YTS-27 light freighter ""The Kowakian Corsair""",JP_2793,,inherited,1.0,,https://sketchfab.com/3d-models/none-3e187fed67034c488a0a9e41eae36628
Starships,individual,Individuals/Blue Hawk,Blue Hawk,Star Wars: Nebulon B Frigate,Daniel,,inherited,1.0,,https://sketchfab.com/3d-models/none-1986f7b0dee647b3b2374eb80dbd1faf
Starships,individual,Individuals/Blue One,Blue One,Kiano88 - clone trooper 501st phase 2,Handsanitizer76,,weak,0.5,,https://sketchfab.com/3d-models/none-9935d349dda2422dbd6e6968b2566f4b
Starships,individual,Individuals/Blue Queen,Blue Queen,X-wing starfighter | T-65C-A2,Alana G,,inherited,1.0,,https://sketchfab.com/3d-models/none-2397144aa2314e8fb03bf131d8f56af4
Starships,individual,Individuals/Blue Range,Blue Range,Kei Truck Scout Transport,JohnMesplay,,inherited,1.0,,https://sketchfab.com/3d-models/none-0cb4b243a9dd4d1ca1ab30a17f23ac81
Starships,individual,Individuals/Blue Ruin,Blue Ruin,Star Wars: Nebulon B Frigate,Daniel,,inherited,1.0,,https://sketchfab.com/3d-models/none-1986f7b0dee647b3b2374eb80dbd1faf
Starships,individual,Individuals/Blue Shuttle,Blue Shuttle,Star Wars: Gamma-class Assault Shuttle,Daniel,,inherited,1.0,,https://sketchfab.com/3d-models/none-1a0571dca4c0436d8faff6fdbb948c17
Starships,individual,Individuals/Blunt Force,Blunt Force,Kei Truck Scout Transport,JohnMesplay,,inherited,1.0,,https://sketchfab.com/3d-models/none-0cb4b243a9dd4d1ca1ab30a17f23ac81
Starships,individual,Individuals/Bly Tevin's devilfighter,Bly Tevin's devilfighter,X-wing starfighter | T-65C-A2,Alana G,,inherited,1.0,,https://sketchfab.com/3d-models/none-2397144aa2314e8fb03bf131d8f56af4
Starships,individual,Individuals/Bnef Nlle,Bnef Nlle,"YTS-27 light freighter ""The Kowakian Corsair""",JP_2793,,inherited,1.0,,https://sketchfab.com/3d-models/none-3e187fed67034c488a0a9e41eae36628
Starships,individual,Individuals/Bo,Bo,Bo Katan Helmet,ctrlaltwill,,exact,1.0,,https://sketchfab.com/3d-models/none-6369271420294ce39e317a55487f9dae
Starships,individual,Individuals/Boarding craft 356,Boarding craft 356,Star Wars: TIE Boarding Craft,Daniel,,inherited,1.0,,https://sketchfab.com/3d-models/none-ae10c444de094fc08990da3e08923950
Starships,individual,Individuals/Boco,Boco,Naboo Patrol Ship,CorelliaStar Shipyards,,inherited,1.0,,https://sketchfab.com/3d-models/none-b4aa0b4fb1c94e24a62aabe9c59a5453
Starships,individual,Individuals/Bode's Z-95 Headhunter,Bode's Z-95 Headhunter,X-wing starfighter | T-65C-A2,Alana G,,inherited,1.0,,https://sketchfab.com/3d-models/none-2397144aa2314e8fb03bf131d8f56af4
Starships,individual,Individuals/Bogey Three (Nikardun base),Bogey Three,Naboo Patrol Ship,CorelliaStar Shipyards,,inherited,1.0,,https://sketchfab.com/3d-models/none-b4aa0b4fb1c94e24a62aabe9c59a5453
Starships,individual,Individuals/Bogey Two (Nikardun base),Bogey Two,Naboo Patrol Ship,CorelliaStar Shipyards,,inherited,1.0,,https://sketchfab.com/3d-models/none-b4aa0b4fb1c94e24a62aabe9c59a5453
Starships,individual,Individuals/Bolide,Bolide,Republic Assault Ship,StarWars-Universe,,inherited,1.0,,https://sketchfab.com/3d-models/none-e56b33bb58cc448ab134675e69dbc224
Starships,individual,Individuals/Bomb (Immobilizer 418 cruiser),Bomb,Lego Clone Trooper (MOC) Bomb Squad Commander,Awesome Ploy 3D,,exact,1.0,,https://sketchfab.com/3d-models/none-3861f861011341bea8ec56e02c065c03
Starships,individual,Individuals/Bombard,Bombard,Star Wars: Imperial II Star Destroyer,Daniel,,inherited,1.0,,https://sketchfab.com/3d-models/none-b8bd2d35f7604670ab85242c06c6d280
Starships,individual,Individuals/Bonderium,Bonderium,Star Wars: Lambda Shuttle,Daniel,,inherited,1.0,,https://sketchfab.com/3d-models/none-9d160e16845a4b518a2d30a7c716f20d
Starships,individual,Individuals/Bonecrusher,Bonecrusher,Invictus Class Star Cruiser,Conner Bentley,,inherited,1.0,,https://sketchfab.com/3d-models/none-8ba24769c02b401d88f50655505c92be
Starships,individual,Individuals/Boolarg,Boolarg,"YTS-27 light freighter ""The Kowakian Corsair""",JP_2793,,inherited,1.0,,https://sketchfab.com/3d-models/none-3e187fed67034c488a0a9e41eae36628
Starships,individual,Individuals/Booster BX,Booster BX,"YTS-27 light freighter ""The Kowakian Corsair""",JP_2793,,inherited,1.0,,https://sketchfab.com/3d-models/none-3e187fed67034c488a0a9e41eae36628
Starships,individual,Individuals/Borealis (CR90 corvette),Borealis,USS Borealis (Ec Henry pacific 201 inspired),Sol,,exact,1.0,,https://sketchfab.com/3d-models/none-3ee9a475c89a47c785df514a944f91c4
Starships,individual,Individuals/Borealis (cruiser),Borealis,USS Borealis (Ec Henry pacific 201 inspired),Sol,,exact,1.0,,https://sketchfab.com/3d-models/none-3ee9a475c89a47c785df514a944f91c4
Starships,individual,Individuals/Borogove,Borogove,Star Wars: BFF-1 Bulk Freighter,Daniel,,inherited,1.0,,https://sketchfab.com/3d-models/none-2131f750afff479588a46321d17ee25f
Starships,individual,Individuals/Bosphon Forever,Bosphon Forever,Dragon Heavy Version 1,CorelliaStar Shipyards,,inherited,1.0,,https://sketchfab.com/3d-models/none-90acf71da03b498cb1916bf24dd9c2f6
Starships,individual,Individuals/Bossk's freighter,Bossk's freighter,"YTS-27 light freighter ""The Kowakian Corsair""",JP_2793,,inherited,1.0,,https://sketchfab.com/3d-models/none-3e187fed67034c488a0a9e41eae36628
Starships,individual,Individuals/Bounty (warship),Bounty,Lee Armory's Bounty Hunter,thanoidiscominggaming,,exact,1.0,,https://sketchfab.com/3d-models/none-bac767c4fcf2488eb88a101489cbabda
Starships,individual,Individuals/Brassbound,Brassbound,Star Wars: Imperial II Star Destroyer,Daniel,,inherited,1.0,,https://sketchfab.com/3d-models/none-b8bd2d35f7604670ab85242c06c6d280
Starships,individual,Individuals/Bravedawn,Bravedawn,Kei Truck Scout Transport,JohnMesplay,,inherited,1.0,,https://sketchfab.com/3d-models/none-0cb4b243a9dd4d1ca1ab30a17f23ac81
Starships,individual,Individuals/Bravo 2,Bravo 2,Naboo N-1 Starfighter - Star Wars,Quiznos323,,inherited,1.0,,https://sketchfab.com/3d-models/none-3cf69f6c85234aac8844e845e74ac75b
Starships,individual,Individuals/Bravo 3 (Legends),Bravo 3,Naboo N-1 Starfighter - Star Wars,Quiznos323,,inherited,1.0,,https://sketchfab.com/3d-models/none-3cf69f6c85234aac8844e845e74ac75b
Starships,individual,Individuals/Bravo 4 (starfighter),Bravo 4,Naboo N-1 Starfighter - Star Wars,Quiznos323,,inherited,1.0,,https://sketchfab.com/3d-models/none-3cf69f6c85234aac8844e845e74ac75b
Starships,individual,Individuals/Bravo 5,Bravo 5,Naboo N-1 Starfighter - Star Wars,Quiznos323,,inherited,1.0,,https://sketchfab.com/3d-models/none-3cf69f6c85234aac8844e845e74ac75b
Starships,individual,Individuals/Bravo Fighter,Bravo Fighter,Naboo N-1 Starfighter - Star Wars,Quiznos323,,inherited,1.0,,https://sketchfab.com/3d-models/none-3cf69f6c85234aac8844e845e74ac75b
Starships,individual,Individuals/Bravo Six,Bravo Six,X-wing starfighter | T-65C-A2,Alana G,,inherited,1.0,,https://sketchfab.com/3d-models/none-2397144aa2314e8fb03bf131d8f56af4
Starships,individual,Individuals/Brazen,Brazen,83359 Star Wars Imperial II-class Star Destroyer,S🅾️Meme star wars,,inherited,1.0,,https://sketchfab.com/3d-models/none-c75cfb15ef124691b3fa33c30e017bbe
Starships,individual,Individuals/Breath of the Balyeg,Breath of the Balyeg,Star Destroyer Hallway,A308 Digital,,inherited,1.0,,https://sketchfab.com/3d-models/none-eba38859a8484637a5d61f7e9e769a7d
Starships,individual,Individuals/Bredis,Bredis,Star Wars: Lambda Shuttle,Daniel,,inherited,1.0,,https://sketchfab.com/3d-models/none-9d160e16845a4b518a2d30a7c716f20d
Starships,individual,Individuals/Brentaal Star,Brentaal Star,Star Wars: Raider-class Corvette,Daniel,,inherited,1.0,,https://sketchfab.com/3d-models/none-8732794c82044aafb1c74a55b07674e0
Starships,individual,Individuals/Bria,Bria,"YTS-27 light freighter ""The Kowakian Corsair""",JP_2793,,inherited,1.0,,https://sketchfab.com/3d-models/none-3e187fed67034c488a0a9e41eae36628
Starships,individual,Individuals/Bright Nebula,Bright Nebula,Star Wars: GR-75 Medium Transport,Daniel,,inherited,1.0,,https://sketchfab.com/3d-models/none-071b158d02c044ee9b431aeb28b85b6a
Starships,individual,Individuals/Bright Seeker,Bright Seeker,"YTS-27 light freighter ""The Kowakian Corsair""",JP_2793,,inherited,1.0,,https://sketchfab.com/3d-models/none-3e187fed67034c488a0a9e41eae36628
Starships,individual,Individuals/Bright Vigil,Bright Vigil,Kei Truck Scout Transport,JohnMesplay,,inherited,1.0,,https://sketchfab.com/3d-models/none-0cb4b243a9dd4d1ca1ab30a17f23ac81
Starships,individual,Individuals/Brightsaber,Brightsaber,Star Wars Dreadnaught-Class Heavy Cruiser,flannelandfilm,,inherited,1.0,,https://sketchfab.com/3d-models/none-14e6ad1266104dec96541b17000925f2
Starships,individual,Individuals/Broadside (Marauder-class),Broadside,Star Wars: Raider-class Corvette,Daniel,,inherited,1.0,,https://sketchfab.com/3d-models/none-8732794c82044aafb1c74a55b07674e0
Starships,individual,Individuals/Broadside (shuttle),Broadside,Star Wars: Lambda Shuttle,Daniel,,inherited,1.0,,https://sketchfab.com/3d-models/none-9d160e16845a4b518a2d30a7c716f20d
Starships,individual,Individuals/Broken Horn,Broken Horn,Arquitens-Class Light Cruiser,A308 Digital,,inherited,1.0,,https://sketchfab.com/3d-models/none-802fa70fb8cd46f5b741cb6b99f66229
Starships,individual,Individuals/Broken Wing,Broken Wing,"YTS-27 light freighter ""The Kowakian Corsair""",JP_2793,,inherited,1.0,,https://sketchfab.com/3d-models/none-3e187fed67034c488a0a9e41eae36628
Starships,individual,Individuals/Bror Jace's T-65 X-wing,Bror Jace's T-65 X-wing,X-wing starfighter | T-65C-A2,Alana G,,inherited,1.0,,https://sketchfab.com/3d-models/none-2397144aa2314e8fb03bf131d8f56af4
Starships,individual,Individuals/Bruizer,Bruizer,Star Wars LAAT/i Gunship,smithson17,,inherited,1.0,,https://sketchfab.com/3d-models/none-77e5a30af490488c8019dcb3780ec847
Starships,individual,Individuals/Brunson's Arquitens-class command cruiser,Brunson's Arquitens-class command cruiser,Arquitens-Class Light Cruiser,A308 Digital,,inherited,1.0,,https://sketchfab.com/3d-models/none-802fa70fb8cd46f5b741cb6b99f66229
Starships,individual,Individuals/Brylan Ross,Brylan Ross,"YTS-27 light freighter ""The Kowakian Corsair""",JP_2793,,inherited,1.0,,https://sketchfab.com/3d-models/none-3e187fed67034c488a0a9e41eae36628
Starships,individual,Individuals/Buick,Buick,X-wing starfighter | T-65C-A2,Alana G,,inherited,1.0,,https://sketchfab.com/3d-models/none-2397144aa2314e8fb03bf131d8f56af4
Starships,individual,Individuals/Buried Treasure,Buried Treasure,Star Wars: BFF-1 Bulk Freighter,Daniel,,inherited,1.0,,https://sketchfab.com/3d-models/none-2131f750afff479588a46321d17ee25f
Starships,individual,Individuals/Burning Vengeance,Burning Vengeance,TIE-Vengeance,BURNIG Springtrap,,weak,0.5,,https://sketchfab.com/3d-models/none-027f20f5f95c4265a8bf8d0c157db566
Starships,individual,Individuals/CIS-Advanced starfighter,CIS-Advanced starfighter,X-wing starfighter | T-65C-A2,Alana G,,inherited,1.0,,https://sketchfab.com/3d-models/none-2397144aa2314e8fb03bf131d8f56af4
Starships,individual,Individuals/CORT-327,CORT-327,"YTS-27 light freighter ""The Kowakian Corsair""",JP_2793,,inherited,1.0,,https://sketchfab.com/3d-models/none-3e187fed67034c488a0a9e41eae36628
Starships,individual,Individuals/Cad Bane's Munificent-class star frigate,Cad Bane's Munificent-class star frigate,Star Wars: Nebulon B Frigate,Daniel,,inherited,1.0,,https://sketchfab.com/3d-models/none-1986f7b0dee647b3b2374eb80dbd1faf
Starships,individual,Individuals/Calamari (starship),Calamari (starship),Mon Calamari Star Cruiser,Cpt.Kirk,,exact,1.0,,https://sketchfab.com/3d-models/none-b07e3a12b2af4fee8a9c0034b09244e4
Starships,individual,Individuals/Caledonia,Caledonia,Invictus Class Star Cruiser,Conner Bentley,,inherited,1.0,,https://sketchfab.com/3d-models/none-8ba24769c02b401d88f50655505c92be
Starships,individual,Individuals/Calico,Calico,Kei Truck Scout Transport,JohnMesplay,,inherited,1.0,,https://sketchfab.com/3d-models/none-0cb4b243a9dd4d1ca1ab30a17f23ac81
Starships,individual,Individuals/Calitana,Calitana,Star Wars: Lambda Shuttle,Daniel,,inherited,1.0,,https://sketchfab.com/3d-models/none-9d160e16845a4b518a2d30a7c716f20d
Starships,individual,Individuals/Callahan's E-wing,Callahan's E-wing,X-wing starfighter | T-65C-A2,Alana G,,inherited,1.0,,https://sketchfab.com/3d-models/none-2397144aa2314e8fb03bf131d8f56af4
Starships,individual,Individuals/Calrissian Runner,Calrissian Runner,X-wing starfighter | T-65C-A2,Alana G,,inherited,1.0,,https://sketchfab.com/3d-models/none-2397144aa2314e8fb03bf131d8f56af4
Starships,individual,Individuals/Calrissian's Comet,Calrissian's Comet,"YTS-27 light freighter ""The Kowakian Corsair""",JP_2793,,inherited,1.0,,https://sketchfab.com/3d-models/none-3e187fed67034c488a0a9e41eae36628
Starships,individual,Individuals/Calvary,Calvary,Star Wars: Imperial II Star Destroyer,Daniel,,inherited,1.0,,https://sketchfab.com/3d-models/none-b8bd2d35f7604670ab85242c06c6d280
Starships,individual,Individuals/Candor,Candor,Star Wars: Raider-class Corvette,Daniel,,inherited,1.0,,https://sketchfab.com/3d-models/none-8732794c82044aafb1c74a55b07674e0
Starships,individual,Individuals/Cannibal,Cannibal,Ares,egwindavidnotenauff,,exact,1.0,,https://sketchfab.com/3d-models/none-0fd2fc206df44852ba63e103aed025cc
Starships,individual,Individuals/Canteval's Munificent-class star frigate,Canteval's Munificent-class star frigate,Star Wars: Nebulon B Frigate,Daniel,,inherited,1.0,,https://sketchfab.com/3d-models/none-1986f7b0dee647b3b2374eb80dbd1faf
Starships,individual,Individuals/Captain Cautious's freighter,Captain Cautious's freighter,"YTS-27 light freighter ""The Kowakian Corsair""",JP_2793,,inherited,1.0,,https://sketchfab.com/3d-models/none-3e187fed67034c488a0a9e41eae36628
Starships,individual,Individuals/Captain Wermis's battlecruiser,Captain Wermis's battlecruiser,Star Wars: Imperial II Star Destroyer,Daniel,,inherited,1.0,,https://sketchfab.com/3d-models/none-b8bd2d35f7604670ab85242c06c6d280
Starships,individual,Individuals/Captivator,Captivator,"CAP-2 ""CAPTIVATOR""",perceval-66,,exact,1.0,,https://sketchfab.com/3d-models/none-4ef2a92c805940108b546932a5600e53
Starships,individual,Individuals/Carbon-scored troop transport,Carbon-scored troop transport,Star Wars Empire Troop Transport | Andor,Losss,,inherited,1.0,,https://sketchfab.com/3d-models/none-a33a4d5fceb74b929dbabb3cb5506b29
Starships,individual,Individuals/Cargo Comet,Cargo Comet,Kei Truck Scout Transport,JohnMesplay,,inherited,1.0,,https://sketchfab.com/3d-models/none-0cb4b243a9dd4d1ca1ab30a17f23ac81
Starships,individual,Individuals/Cargo I,Cargo I,"YTS-27 light freighter ""The Kowakian Corsair""",JP_2793,,weak,0.5,,https://sketchfab.com/3d-models/none-3e187fed67034c488a0a9e41eae36628
Starships,individual,Individuals/Cargo Sky,Cargo Sky,Kei Truck Scout Transport,JohnMesplay,,inherited,1.0,,https://sketchfab.com/3d-models/none-0cb4b243a9dd4d1ca1ab30a17f23ac81
Starships,individual,Individuals/Cargo freighter EF-75,Cargo freighter EF-75,"YTS-27 light freighter ""The Kowakian Corsair""",JP_2793,,inherited,1.0,,https://sketchfab.com/3d-models/none-3e187fed67034c488a0a9e41eae36628
Starships,individual,Individuals/Cargo-Go,Cargo-Go,"YTS-27 light freighter ""The Kowakian Corsair""",JP_2793,,inherited,1.0,,https://sketchfab.com/3d-models/none-3e187fed67034c488a0a9e41eae36628
Starships,individual,Individuals/Carnage,Carnage,Harrrower Class Dreadnaught,Kalashnikov 3D,,inherited,1.0,,https://sketchfab.com/3d-models/none-6e230cc7f6b84649bbab92a5f5ee6347
Starships,individual,Individuals/Carrion Spike,Carrion Spike,Star Wars: Raider-class Corvette,Daniel,,inherited,1.0,,https://sketchfab.com/3d-models/none-8732794c82044aafb1c74a55b07674e0
Starships,individual,Individuals/Carson Teva's X-wing,Carson Teva's X-wing,X-wing starfighter | T-65C-A2,Alana G,,inherited,1.0,,https://sketchfab.com/3d-models/none-2397144aa2314e8fb03bf131d8f56af4
Starships,individual,Individuals/Cascade,Cascade,Star Wars: Nebulon B Frigate,Daniel,,inherited,1.0,,https://sketchfab.com/3d-models/none-1986f7b0dee647b3b2374eb80dbd1faf
Starships,individual,Individuals/Castellan,Castellan,Invictus Class Star Cruiser,Conner Bentley,,inherited,1.0,,https://sketchfab.com/3d-models/none-8ba24769c02b401d88f50655505c92be
Starships,individual,Individuals/Castilus,Castilus,Star Wars: Nebulon B Frigate,Daniel,,inherited,1.0,,https://sketchfab.com/3d-models/none-1986f7b0dee647b3b2374eb80dbd1faf
Starships,individual,Individuals/Casus Belli,Casus Belli,Space Battleship Yamato 2205,DJ-CheeF,,inherited,1.0,,https://sketchfab.com/3d-models/none-526cf6c315dd4056848f1431140d1965
Starships,individual,Individuals/Cataclysm,Cataclysm,"Somtaaw ""Explorer"" Deep Space Mining Vessel",ArcFlash,,exact,1.0,,https://sketchfab.com/3d-models/none-a82a1cc5a3dd4e3dbe9e279d92528811
Starships,individual,Individuals/Cathleen,Cathleen,Invictus Class Star Cruiser,Conner Bentley,,inherited,1.0,,https://sketchfab.com/3d-models/none-8ba24769c02b401d88f50655505c92be
Starships,individual,Individuals/Cavik Toth's starfighter,Cavik Toth's starfighter,X-wing starfighter | T-65C-A2,Alana G,,inherited,1.0,,https://sketchfab.com/3d-models/none-2397144aa2314e8fb03bf131d8f56af4
Starships,individual,Individuals/Celerity,Celerity,Star Wars: Imperial II Star Destroyer,Daniel,,inherited,1.0,,https://sketchfab.com/3d-models/none-b8bd2d35f7604670ab85242c06c6d280
Starships,individual,Individuals/Celestial (starship),Celestial,Celestial Navigation Table,Inditrion Dradnon,,exact,1.0,,https://sketchfab.com/3d-models/none-dc1a2e3bac3943db9b68d080e25a0aa8
Starships,individual,Individuals/Celestial Crow,Celestial Crow,"YTS-27 light freighter ""The Kowakian Corsair""",JP_2793,,inherited,1.0,,https://sketchfab.com/3d-models/none-3e187fed67034c488a0a9e41eae36628
Starships,individual,Individuals/Centicore,Centicore,Arquitens-Class Light Cruiser,A308 Digital,,inherited,1.0,,https://sketchfab.com/3d-models/none-802fa70fb8cd46f5b741cb6b99f66229
Starships,individual,Individuals/Centurion (Broadside-class),Centurion,Invictus Class Star Cruiser,Conner Bentley,,inherited,1.0,,https://sketchfab.com/3d-models/none-8ba24769c02b401d88f50655505c92be
Starships,individual,Individuals/Century 1,Century 1,"YTS-27 light freighter ""The Kowakian Corsair""",JP_2793,,inherited,1.0,,https://sketchfab.com/3d-models/none-3e187fed67034c488a0a9e41eae36628
Starships,individual,Individuals/Century 2,Century 2,"YTS-27 light freighter ""The Kowakian Corsair""",JP_2793,,inherited,1.0,,https://sketchfab.com/3d-models/none-3e187fed67034c488a0a9e41eae36628
Starships,individual,Individuals/Century 3,Century 3,"YTS-27 light freighter ""The Kowakian Corsair""",JP_2793,,inherited,1.0,,https://sketchfab.com/3d-models/none-3e187fed67034c488a0a9e41eae36628
Starships,individual,Individuals/Century Hawk,Century Hawk,"YTS-27 light freighter ""The Kowakian Corsair""",JP_2793,,inherited,1.0,,https://sketchfab.com/3d-models/none-3e187fed67034c488a0a9e41eae36628
Starships,individual,Individuals/Cerberus,Cerberus,Star Wars: TIE Landing Craft,Daniel,,inherited,1.0,,https://sketchfab.com/3d-models/none-fb50f433e9004907b782d272b488aada
Starships,individual,Individuals/Cerebus (Nebulon-B2 frigate),Cerebus,Star Wars: Nebulon B Frigate,Daniel,,inherited,1.0,,https://sketchfab.com/3d-models/none-1986f7b0dee647b3b2374eb80dbd1faf
Starships,individual,Individuals/Chains of Justice,Chains of Justice,Star Wars; Imperial-Class Star Destroyer,Heataker,,inherited,1.0,,https://sketchfab.com/3d-models/none-fa18d537db4d4020a443c1802ec0f88e
Starships,individual,Individuals/Champion (Bothan Assault Cruiser),Champion,Invictus Class Star Cruiser,Conner Bentley,,inherited,1.0,,https://sketchfab.com/3d-models/none-8ba24769c02b401d88f50655505c92be
Starships,individual,Individuals/Champion (Mon Calamari cruiser),Champion,Invictus Class Star Cruiser,Conner Bentley,,inherited,1.0,,https://sketchfab.com/3d-models/none-8ba24769c02b401d88f50655505c92be
Starships,individual,Individuals/Champion of Iridonia,Champion of Iridonia,Invictus Class Star Cruiser,Conner Bentley,,inherited,1.0,,https://sketchfab.com/3d-models/none-8ba24769c02b401d88f50655505c92be
Starships,individual,Individuals/Champion's Glory,Champion's Glory,STAR WARS DROIDE B2 BY OSCAR CREATIVO,OSCAR CREATIVO,,inherited,1.0,,https://sketchfab.com/3d-models/none-bb52ea58e9f04427b9b9bf4b829e0810
Starships,individual,Individuals/Chancellor (frigate),Chancellor,Star Wars: Nebulon B Frigate,Daniel,,inherited,1.0,,https://sketchfab.com/3d-models/none-1986f7b0dee647b3b2374eb80dbd1faf
Starships,individual,Individuals/Chancellor Fillorean,Chancellor Fillorean,Star Wars: Personal Luxury Yacht 3000,Daniel,,inherited,1.0,,https://sketchfab.com/3d-models/none-cb6dee6d3d964b69ba50c95b220e4f9e
Starships,individual,Individuals/Chandrila Mistress,Chandrila Mistress,Star Wars: Lambda Shuttle,Daniel,,inherited,1.0,,https://sketchfab.com/3d-models/none-9d160e16845a4b518a2d30a7c716f20d
Starships,individual,Individuals/Channel,Channel,Star Wars: Lambda Shuttle,Daniel,,inherited,1.0,,https://sketchfab.com/3d-models/none-9d160e16845a4b518a2d30a7c716f20d
Starships,individual,Individuals/Charm's Way,Charm's Way,"YTS-27 light freighter ""The Kowakian Corsair""",JP_2793,,inherited,1.0,,https://sketchfab.com/3d-models/none-3e187fed67034c488a0a9e41eae36628
Starships,individual,Individuals/Chaser,Chaser,"YTS-27 light freighter ""The Kowakian Corsair""",JP_2793,,inherited,1.0,,https://sketchfab.com/3d-models/none-3e187fed67034c488a0a9e41eae36628
Starships,individual,Individuals/Cheesmeer,Cheesmeer,Star Wars: Nebulon B Frigate,Daniel,,inherited,1.0,,https://sketchfab.com/3d-models/none-1986f7b0dee647b3b2374eb80dbd1faf
Starships,individual,Individuals/Chemeti 1,Chemeti 1,Star Wars: Raider-class Corvette,Daniel,,inherited,1.0,,https://sketchfab.com/3d-models/none-8732794c82044aafb1c74a55b07674e0
Starships,individual,Individuals/Chemeti's impostor,Chemeti's impostor,Star Wars: Raider-class Corvette,Daniel,,inherited,1.0,,https://sketchfab.com/3d-models/none-8732794c82044aafb1c74a55b07674e0
Starships,individual,Individuals/Chevalier,Chevalier,Star Wars: Lambda Shuttle,Daniel,,inherited,1.0,,https://sketchfab.com/3d-models/none-9d160e16845a4b518a2d30a7c716f20d
Starships,individual,Individuals/Chilastra,Chilastra,"YTS-27 light freighter ""The Kowakian Corsair""",JP_2793,,inherited,1.0,,https://sketchfab.com/3d-models/none-3e187fed67034c488a0a9e41eae36628
Starships,individual,Individuals/Chiller (CR90 corvette),Chiller,Star Wars: Raider-class Corvette,Daniel,,inherited,1.0,,https://sketchfab.com/3d-models/none-8732794c82044aafb1c74a55b07674e0
Starships,individual,Individuals/Chimaera,Chimaera,Star Wars: Imperial II Star Destroyer,Daniel,,inherited,1.0,,https://sketchfab.com/3d-models/none-b8bd2d35f7604670ab85242c06c6d280
Starships,individual,Individuals/Chimaera (Legends),Chimaera,Star Wars: Imperial II Star Destroyer,Daniel,,inherited,1.0,,https://sketchfab.com/3d-models/none-b8bd2d35f7604670ab85242c06c6d280
Starships,individual,Individuals/Chinnith,Chinnith,Star Wars: Lambda Shuttle,Daniel,,inherited,1.0,,https://sketchfab.com/3d-models/none-9d160e16845a4b518a2d30a7c716f20d
Starships,individual,Individuals/Chita's ship,Chita's ship,"YTS-27 light freighter ""The Kowakian Corsair""",JP_2793,,inherited,1.0,,https://sketchfab.com/3d-models/none-3e187fed67034c488a0a9e41eae36628
Starships,individual,Individuals/Choora,Choora,Star Wars Galaxies - YT1300 (Inside),Zorg_Sinister,,inherited,0.769,,https://sketchfab.com/3d-models/none-400abf08c94e4b4e809fca0aa51a5e00
Starships,individual,Individuals/Chu'unthor,Chu'unthor,Star Destroyer Hallway,A308 Digital,,inherited,1.0,,https://sketchfab.com/3d-models/none-eba38859a8484637a5d61f7e9e769a7d
Starships,individual,Individuals/Cielo,Cielo,"YTS-27 light freighter ""The Kowakian Corsair""",JP_2793,,inherited,1.0,,https://sketchfab.com/3d-models/none-3e187fed67034c488a0a9e41eae36628
Starships,individual,Individuals/Cimigo,Cimigo,Star Wars Galaxies - YT1300 (Inside),Zorg_Sinister,,inherited,0.769,,https://sketchfab.com/3d-models/none-400abf08c94e4b4e809fca0aa51a5e00
Starships,individual,Individuals/Citadel 1,Citadel 1,"YTS-27 light freighter ""The Kowakian Corsair""",JP_2793,,inherited,1.0,,https://sketchfab.com/3d-models/none-3e187fed67034c488a0a9e41eae36628
Starships,individual,Individuals/Citadel 2,Citadel 2,"YTS-27 light freighter ""The Kowakian Corsair""",JP_2793,,inherited,1.0,,https://sketchfab.com/3d-models/none-3e187fed67034c488a0a9e41eae36628
Starships,individual,Individuals/Civilian craft (Fondor),Civilian craft,Kei Truck Scout Transport,JohnMesplay,,inherited,1.0,,https://sketchfab.com/3d-models/none-0cb4b243a9dd4d1ca1ab30a17f23ac81
Starships,individual,Individuals/Claf 1,Claf 1,Star Wars: Lambda Shuttle,Daniel,,inherited,1.0,,https://sketchfab.com/3d-models/none-9d160e16845a4b518a2d30a7c716f20d
Starships,individual,Individuals/Claf 2,Claf 2,Star Wars: Lambda Shuttle,Daniel,,inherited,1.0,,https://sketchfab.com/3d-models/none-9d160e16845a4b518a2d30a7c716f20d
Starships,individual,Individuals/Claf 3,Claf 3,Star Wars: Lambda Shuttle,Daniel,,inherited,1.0,,https://sketchfab.com/3d-models/none-9d160e16845a4b518a2d30a7c716f20d
Starships,individual,Individuals/Claw (CR90 corvette),Claw,Ravenclaw,jay2307,,exact,1.0,,https://sketchfab.com/3d-models/none-9850f2b7d8864b288c92c7aaef551e60
Starships,individual,Individuals/Claw (Immobilizer 418 cruiser),Claw,Ravenclaw,jay2307,,exact,1.0,,https://sketchfab.com/3d-models/none-9850f2b7d8864b288c92c7aaef551e60
Starships,individual,Individuals/Clear Spring,Clear Spring,Star Wars: Lambda Shuttle,Daniel,,inherited,1.0,,https://sketchfab.com/3d-models/none-9d160e16845a4b518a2d30a7c716f20d
Starships,individual,Individuals/Clipper (Lambda-class T-4a shuttle),Clipper,Star Wars: Lambda Shuttle,Daniel,,inherited,1.0,,https://sketchfab.com/3d-models/none-9d160e16845a4b518a2d30a7c716f20d
Starships,individual,Individuals/Clovis' shuttle,Clovis' shuttle,Star Wars: Lambda Shuttle,Daniel,,inherited,1.0,,https://sketchfab.com/3d-models/none-9d160e16845a4b518a2d30a7c716f20d
Starships,individual,Individuals/Coduyo family light cruiser,Coduyo family light cruiser,Arquitens-Class Light Cruiser,A308 Digital,,inherited,1.0,,https://sketchfab.com/3d-models/none-802fa70fb8cd46f5b741cb6b99f66229
Starships,individual,Individuals/Coen,Coen,Star Wars: Raider-class Corvette,Daniel,,inherited,1.0,,https://sketchfab.com/3d-models/none-8732794c82044aafb1c74a55b07674e0
Starships,individual,Individuals/Coercion,Coercion,Star Wars; Imperial-Class Star Destroyer,Heataker,,inherited,1.0,,https://sketchfab.com/3d-models/none-fa18d537db4d4020a443c1802ec0f88e
Starships,individual,Individuals/Colada,Colada,Star Wars: Nebulon B Frigate,Daniel,,inherited,1.0,,https://sketchfab.com/3d-models/none-1986f7b0dee647b3b2374eb80dbd1faf
Starships,individual,Individuals/Cold Front,Cold Front,Star Wars: Action IV Transport,Daniel,,inherited,1.0,,https://sketchfab.com/3d-models/none-e05dada955014ca78bc03d9577ca3c6a
Starships,individual,Individuals/Colders Watch,Colders Watch,Star Wars: BFF-1 Bulk Freighter,Daniel,,inherited,1.0,,https://sketchfab.com/3d-models/none-2131f750afff479588a46321d17ee25f
Starships,individual,Individuals/Colicoid Swarm,Colicoid Swarm,Star Destroyer Hallway,A308 Digital,,inherited,1.0,,https://sketchfab.com/3d-models/none-eba38859a8484637a5d61f7e9e769a7d
Starships,individual,Individuals/Colossus,Colossus,Colossus identification badge,COSEDIMARCO,,exact,1.0,,https://sketchfab.com/3d-models/none-be638ded539c4964b1bfeaf82e669397
Starships,individual,Individuals/Colossus (Star Destroyer),Colossus,Colossus identification badge,COSEDIMARCO,,exact,1.0,,https://sketchfab.com/3d-models/none-be638ded539c4964b1bfeaf82e669397
Starships,individual,Individuals/Columbia,Columbia,Columbia Men's Expeditionist Winter Boots,HaKyung,,exact,1.0,,https://sketchfab.com/3d-models/none-a7edc6e46b60467fbf5e43070d28dfbe
Starships,individual,Individuals/Comeuppance,Comeuppance,X-wing starfighter | T-65C-A2,Alana G,,inherited,1.0,,https://sketchfab.com/3d-models/none-2397144aa2314e8fb03bf131d8f56af4
Starships,individual,Individuals/Command Performance,Command Performance,"YTS-27 light freighter ""The Kowakian Corsair""",JP_2793,,inherited,1.0,,https://sketchfab.com/3d-models/none-3e187fed67034c488a0a9e41eae36628
Starships,individual,Individuals/Command shuttle,Command shuttle,Imperial Arquitens-class Command Cruiser,gavinpgamer1,,strong,0.769,,https://sketchfab.com/3d-models/none-c05a0aa234404ae884c4469b099b67ea
Starships,individual,Individuals/Commenor (starship),Commenor,Invictus Class Star Cruiser,Conner Bentley,,inherited,1.0,,https://sketchfab.com/3d-models/none-8ba24769c02b401d88f50655505c92be
Starships,individual,Individuals/Compassion,Compassion,Imperial Shuttle (Lambda-class T-4a) - Star Wars,Quiznos323,,inherited,1.0,,https://sketchfab.com/3d-models/none-8312856f2c794c569ea6978f2c90bc99
Starships,individual,Individuals/Compliant,Compliant,Star Wars: Imperial II Star Destroyer,Daniel,,inherited,1.0,,https://sketchfab.com/3d-models/none-b8bd2d35f7604670ab85242c06c6d280
Starships,individual,Individuals/Concord,Concord,Space Battleship Yamato 2205,DJ-CheeF,,inherited,1.0,,https://sketchfab.com/3d-models/none-526cf6c315dd4056848f1431140d1965
Starships,individual,Individuals/Condor (MC40a light cruiser),Condor,Arquitens-Class Light Cruiser,A308 Digital,,inherited,1.0,,https://sketchfab.com/3d-models/none-802fa70fb8cd46f5b741cb6b99f66229
Starships,individual,Individuals/Conqueror,Conqueror,Star Wars: Imperial II Star Destroyer,Daniel,,inherited,1.0,,https://sketchfab.com/3d-models/none-b8bd2d35f7604670ab85242c06c6d280
Starships,individual,Individuals/Conqueror (Maxillipede shuttle),Conqueror,Star Wars: Lambda Shuttle,Daniel,,inherited,1.0,,https://sketchfab.com/3d-models/none-9d160e16845a4b518a2d30a7c716f20d
Starships,individual,Individuals/Conquest (Imperial-class),Conquest,Star Wars: Imperial II Star Destroyer,Daniel,,inherited,1.0,,https://sketchfab.com/3d-models/none-b8bd2d35f7604670ab85242c06c6d280
Starships,individual,Individuals/Conquest (Imperial-class) (Legends),Conquest,Star Wars: Imperial II Star Destroyer,Daniel,,inherited,1.0,,https://sketchfab.com/3d-models/none-b8bd2d35f7604670ab85242c06c6d280
Starships,individual,Individuals/Conquest (Secutor-class),Conquest,Star Wars: Imperial II Star Destroyer,Daniel,,inherited,1.0,,https://sketchfab.com/3d-models/none-b8bd2d35f7604670ab85242c06c6d280
Starships,individual,Individuals/Conraddas Vindicator,Conraddas Vindicator,Star Wars: Quartermaster-class Supply Carrier,Daniel,,inherited,1.0,,https://sketchfab.com/3d-models/none-6ee2bc9379dd44aab85988d2716bad93
Starships,individual,Individuals/Conro's Star Destroyer,Conro's Star Destroyer,Star Wars: Imperial II Star Destroyer,Daniel,,inherited,1.0,,https://sketchfab.com/3d-models/none-b8bd2d35f7604670ab85242c06c6d280
Starships,individual,Individuals/Consolidator,Consolidator,Star Wars: Nebulon B Frigate,Daniel,,inherited,1.0,,https://sketchfab.com/3d-models/none-1986f7b0dee647b3b2374eb80dbd1faf
Starships,individual,Individuals/Consonance,Consonance,Star Wars: Raider-class Corvette,Daniel,,inherited,1.0,,https://sketchfab.com/3d-models/none-8732794c82044aafb1c74a55b07674e0
Starships,individual,Individuals/Constant,Constant,GNN News Media Ship,gavinpgamer1,,inherited,1.0,,https://sketchfab.com/3d-models/none-9b135da26f0f41df8c5f66654fbfaa83
Starships,individual,Individuals/Constrainer,Constrainer,Star Wars Dreadnaught-Class Heavy Cruiser,flannelandfilm,,inherited,1.0,,https://sketchfab.com/3d-models/none-14e6ad1266104dec96541b17000925f2
Starships,individual,Individuals/Constrictor,Constrictor,Star Wars: Raider-class Corvette,Daniel,,inherited,1.0,,https://sketchfab.com/3d-models/none-8732794c82044aafb1c74a55b07674e0
Starships,individual,Individuals/Control (CR90 corvette),Control,Star Wars - Mustafar Control Room,lazae,,exact,1.0,,https://sketchfab.com/3d-models/none-1e5f5e8a5bc546e1a778fc94fb452bda
Starships,individual,Individuals/Cool Shot,Cool Shot,"YTS-27 light freighter ""The Kowakian Corsair""",JP_2793,,inherited,1.0,,https://sketchfab.com/3d-models/none-3e187fed67034c488a0a9e41eae36628
Starships,individual,Individuals/Coral Fin,Coral Fin,"YTS-27 light freighter ""The Kowakian Corsair""",JP_2793,,inherited,1.0,,https://sketchfab.com/3d-models/none-3e187fed67034c488a0a9e41eae36628
Starships,individual,Individuals/Core Envoy,Core Envoy,Star Wars: Imperial II Star Destroyer,Daniel,,inherited,1.0,,https://sketchfab.com/3d-models/none-b8bd2d35f7604670ab85242c06c6d280
Starships,individual,Individuals/Corellia (starship),Corellia,Star Wars: Corellian Gunship,Daniel,,exact,1.0,,https://sketchfab.com/3d-models/none-b3a5c7c7d60c4bcfb74f54794c803645
Starships,individual,Individuals/Corellia Star,Corellia Star,Star Wars: Corellian Gunship,Daniel,,exact,1.0,,https://sketchfab.com/3d-models/none-b3a5c7c7d60c4bcfb74f54794c803645
Starships,individual,Individuals/Corellian Thunder (DP20 gunship),Corellian Thunder,Star Wars LAAT/i Gunship,smithson17,,inherited,1.0,,https://sketchfab.com/3d-models/none-77e5a30af490488c8019dcb3780ec847
Starships,individual,Individuals/Corellian Way,Corellian Way,Star Wars: Corellian Gunship,Daniel,,weak,0.5,,https://sketchfab.com/3d-models/none-b3a5c7c7d60c4bcfb74f54794c803645
Starships,individual,Individuals/Coronet (Acclamator-class),Coronet,Republic Assault Ship,StarWars-Universe,,inherited,1.0,,https://sketchfab.com/3d-models/none-e56b33bb58cc448ab134675e69dbc224
Starships,individual,Individuals/Coronet (Legends),Coronet,Kei Truck Scout Transport,JohnMesplay,,inherited,1.0,,https://sketchfab.com/3d-models/none-0cb4b243a9dd4d1ca1ab30a17f23ac81
Starships,individual,Individuals/Coronet Rapier,Coronet Rapier,"YTS-27 light freighter ""The Kowakian Corsair""",JP_2793,,inherited,1.0,,https://sketchfab.com/3d-models/none-3e187fed67034c488a0a9e41eae36628
Starships,individual,Individuals/Corrupter,Corrupter,Star Wars: Imperial II Star Destroyer,Daniel,,inherited,1.0,,https://sketchfab.com/3d-models/none-b8bd2d35f7604670ab85242c06c6d280
Starships,individual,Individuals/Corrupter (Imperial-class),Corrupter,83359 Star Wars Imperial II-class Star Destroyer,S🅾️Meme star wars,,inherited,1.0,,https://sketchfab.com/3d-models/none-c75cfb15ef124691b3fa33c30e017bbe
Starships,individual,Individuals/Corrupter (Legends),Corrupter,Star Wars: Imperial II Star Destroyer,Daniel,,inherited,1.0,,https://sketchfab.com/3d-models/none-b8bd2d35f7604670ab85242c06c6d280
Starships,individual,Individuals/Corsa-Vinn,Corsa-Vinn,"YTS-27 light freighter ""The Kowakian Corsair""",JP_2793,,inherited,1.0,,https://sketchfab.com/3d-models/none-3e187fed67034c488a0a9e41eae36628
Starships,individual,Individuals/Corsair (Derriphan-class),Corsair,"YTS-27 light freighter ""The Kowakian Corsair""",JP_2793,,exact,1.0,,https://sketchfab.com/3d-models/none-3e187fed67034c488a0a9e41eae36628
Starships,individual,Individuals/Corsalys,Corsalys,Corsalys,CorelliaStar Shipyards,,exact,1.0,,https://sketchfab.com/3d-models/none-117193108dcc45d7ab72d4b6193162f6
Starships,individual,Individuals/Coruscant Sky,Coruscant Sky,Star Wars: Imperial II Star Destroyer,Daniel,,inherited,1.0,,https://sketchfab.com/3d-models/none-b8bd2d35f7604670ab85242c06c6d280
Starships,individual,Individuals/Corvus (Raider II-class),Corvus,Star Wars: Raider-class Corvette,Daniel,,inherited,1.0,,https://sketchfab.com/3d-models/none-8732794c82044aafb1c74a55b07674e0
Starships,individual,Individuals/Coryx Moth,Coryx Moth,Star Wars: Imperial II Star Destroyer,Daniel,,inherited,1.0,,https://sketchfab.com/3d-models/none-b8bd2d35f7604670ab85242c06c6d280
Starships,individual,Individuals/Count Dooku's Type B escort shuttle,Count Dooku's Type B escort shuttle,Star Wars: Lambda Shuttle,Daniel,,inherited,1.0,,https://sketchfab.com/3d-models/none-9d160e16845a4b518a2d30a7c716f20d
Starships,individual,Individuals/Count Dooku's frigate,Count Dooku's frigate,Star Wars: Nebulon B Frigate,Daniel,,inherited,1.0,,https://sketchfab.com/3d-models/none-1986f7b0dee647b3b2374eb80dbd1faf
Starships,individual,Individuals/Count Dooku's solar sailer,Count Dooku's solar sailer,Star Wars: Personal Luxury Yacht 3000,Daniel,,inherited,1.0,,https://sketchfab.com/3d-models/none-cb6dee6d3d964b69ba50c95b220e4f9e
Starships,individual,Individuals/Count Dooku's solar sailer (Legends),Count Dooku's solar sailer,Star Wars: Personal Luxury Yacht 3000,Daniel,,inherited,1.0,,https://sketchfab.com/3d-models/none-cb6dee6d3d964b69ba50c95b220e4f9e
Starships,individual,Individuals/Counterpunch,Counterpunch,Star Wars: Nebulon B Frigate,Daniel,,inherited,1.0,,https://sketchfab.com/3d-models/none-1986f7b0dee647b3b2374eb80dbd1faf
Starships,individual,Individuals/Courage (Thranta-class War Cruiser),Courage,Arquitens-Class Light Cruiser,A308 Digital,,inherited,1.0,,https://sketchfab.com/3d-models/none-802fa70fb8cd46f5b741cb6b99f66229
Starships,individual,Individuals/Courageous (Imperial-class),Courageous,Star Wars; Imperial-Class Star Destroyer,Heataker,,inherited,1.0,,https://sketchfab.com/3d-models/none-fa18d537db4d4020a443c1802ec0f88e
Starships,individual,Individuals/Courageous (Inexpugnable-class),Courageous,Star Destroyer Hallway,A308 Digital,,inherited,1.0,,https://sketchfab.com/3d-models/none-eba38859a8484637a5d61f7e9e769a7d
Starships,individual,Individuals/Courageous (YT-1300 light freighter),Courageous,"YTS-27 light freighter ""The Kowakian Corsair""",JP_2793,,inherited,1.0,,https://sketchfab.com/3d-models/none-3e187fed67034c488a0a9e41eae36628
Starships,individual,Individuals/Cr'ee'ei,Cr'ee'ei,Star Wars; CR90 Corvette,Heataker,,weak,0.667,,https://sketchfab.com/3d-models/none-6356d19e87494ad8b6f55d0f0e9ec8a7
Starships,individual,Individuals/Crane's YT-2400 light freighter,Crane's YT-2400 light freighter,"YTS-27 light freighter ""The Kowakian Corsair""",JP_2793,,inherited,1.0,,https://sketchfab.com/3d-models/none-3e187fed67034c488a0a9e41eae36628
Starships,individual,Individuals/Crashed Munificent-class star frigate,Crashed Munificent-class star frigate,Invictus Class Star Cruiser,Conner Bentley,,inherited,1.0,,https://sketchfab.com/3d-models/none-8ba24769c02b401d88f50655505c92be
Starships,individual,Individuals/Crashed merchant vessel,Crashed merchant vessel,Star Wars: BFF-1 Bulk Freighter,Daniel,,inherited,1.0,,https://sketchfab.com/3d-models/none-2131f750afff479588a46321d17ee25f
Starships,individual,Individuals/Crater,Crater,Modern Marvels - Small Crater,np-dev,,exact,1.0,,https://sketchfab.com/3d-models/none-d80ed9084f8f4051a293749a9d5ea411
Starships,individual,Individuals/Crescent (freighter),Crescent,Crescent Rose - RWBY Fan art,XEN0KID,,exact,1.0,,https://sketchfab.com/3d-models/none-f3c988e21dc346308baacb1dcc3dc856
Starships,individual,Individuals/Cretacian,Cretacian,Kei Truck Scout Transport,JohnMesplay,,inherited,1.0,,https://sketchfab.com/3d-models/none-0cb4b243a9dd4d1ca1ab30a17f23ac81
Starships,individual,Individuals/Crimson Axe,Crimson Axe,Star Wars: Nebulon B Frigate,Daniel,,inherited,1.0,,https://sketchfab.com/3d-models/none-1986f7b0dee647b3b2374eb80dbd1faf
Starships,individual,Individuals/Crimson Firehawk,Crimson Firehawk,Star Wars: Lambda Shuttle,Daniel,,inherited,1.0,,https://sketchfab.com/3d-models/none-9d160e16845a4b518a2d30a7c716f20d
Starships,individual,Individuals/Crimson Sword,Crimson Sword,Altiverse Crimson Sword,Kaelyn Arlocke,,exact,1.0,,https://sketchfab.com/3d-models/none-7967bbb83ff443f9b00fa3be9d5e0177
Starships,individual,Individuals/Croc of Gold,Croc of Gold,"YTS-27 light freighter ""The Kowakian Corsair""",JP_2793,,inherited,1.0,,https://sketchfab.com/3d-models/none-3e187fed67034c488a0a9e41eae36628
Starships,individual,Individuals/Crucible,Crucible,Star Wars: Raider-class Corvette,Daniel,,inherited,1.0,,https://sketchfab.com/3d-models/none-8732794c82044aafb1c74a55b07674e0
Starships,individual,Individuals/Crucible (Imperial-class),Crucible,Star Wars; Imperial-Class Star Destroyer,Heataker,,inherited,1.0,,https://sketchfab.com/3d-models/none-fa18d537db4d4020a443c1802ec0f88e
Starships,individual,Individuals/Crucible (Legends),Crucible,Invictus Class Star Cruiser,Conner Bentley,,inherited,1.0,,https://sketchfab.com/3d-models/none-8ba24769c02b401d88f50655505c92be
Starships,individual,Individuals/Crucible (MC80 Star Cruiser),Crucible,Invictus Class Star Cruiser,Conner Bentley,,inherited,1.0,,https://sketchfab.com/3d-models/none-8ba24769c02b401d88f50655505c92be
Starships,individual,Individuals/Crumb Bomber,Crumb Bomber,Star Wars LAAT/i Gunship,smithson17,,inherited,1.0,,https://sketchfab.com/3d-models/none-77e5a30af490488c8019dcb3780ec847
Starships,individual,Individuals/Crumb Bomber (Legends),Crumb Bomber,Star Wars LAAT/i Gunship,smithson17,,inherited,1.0,,https://sketchfab.com/3d-models/none-77e5a30af490488c8019dcb3780ec847
Starships,individual,Individuals/Crusader (Victory-class),Crusader,Star Wars: Imperial II Star Destroyer,Daniel,,inherited,1.0,,https://sketchfab.com/3d-models/none-b8bd2d35f7604670ab85242c06c6d280
Starships,individual,Individuals/Crusader (corvette),Crusader,Star Wars: Raider-class Corvette,Daniel,,inherited,1.0,,https://sketchfab.com/3d-models/none-8732794c82044aafb1c74a55b07674e0
Starships,individual,Individuals/Crynyd,Crynyd,Star Wars: Imperial II Star Destroyer,Daniel,,inherited,1.0,,https://sketchfab.com/3d-models/none-b8bd2d35f7604670ab85242c06c6d280
Starships,individual,Individuals/Crystal (starfighter),Crystal,Star Wars Container Kyber Crystal [Free FBX],Losss,,exact,1.0,,https://sketchfab.com/3d-models/none-c87fcf7d0cca46ca8d4e9977b9e05997
Starships,individual,Individuals/Crystal Runner,Crystal Runner,"YTS-27 light freighter ""The Kowakian Corsair""",JP_2793,,inherited,1.0,,https://sketchfab.com/3d-models/none-3e187fed67034c488a0a9e41eae36628
Starships,individual,Individuals/Cularin 1,Cularin 1,Star Destroyer Hallway,A308 Digital,,inherited,1.0,,https://sketchfab.com/3d-models/none-eba38859a8484637a5d61f7e9e769a7d
Starships,individual,Individuals/Cularin 1 (Carrack-class),Cularin 1,Star Wars: Nebulon B Frigate,Daniel,,inherited,1.0,,https://sketchfab.com/3d-models/none-1986f7b0dee647b3b2374eb80dbd1faf
Starships,individual,Individuals/Cutlass (CR90 corvette),Cutlass,Star Wars: Raider-class Corvette,Daniel,,inherited,1.0,,https://sketchfab.com/3d-models/none-8732794c82044aafb1c74a55b07674e0
Starships,individual,Individuals/Cutlass (R93 refractor),Cutlass,X-wing starfighter | T-65C-A2,Alana G,,inherited,1.0,,https://sketchfab.com/3d-models/none-2397144aa2314e8fb03bf131d8f56af4
Starships,individual,Individuals/Cynda Dreaming,Cynda Dreaming,"YTS-27 light freighter ""The Kowakian Corsair""",JP_2793,,inherited,1.0,,https://sketchfab.com/3d-models/none-3e187fed67034c488a0a9e41eae36628
Starships,individual,Individuals/D-Squad's Maxillipede shuttle,D-Squad's Maxillipede shuttle,Star Wars: Lambda Shuttle,Daniel,,inherited,1.0,,https://sketchfab.com/3d-models/none-9d160e16845a4b518a2d30a7c716f20d
Starships,individual,Individuals/D-Squad's Maxillipede shuttle (Legends),D-Squad's Maxillipede shuttle,Star Wars: Lambda Shuttle,Daniel,,inherited,1.0,,https://sketchfab.com/3d-models/none-9d160e16845a4b518a2d30a7c716f20d
Starships,individual,Individuals/DGS-047,DGS-047,Star Wars LAAT/i Gunship,smithson17,,inherited,1.0,,https://sketchfab.com/3d-models/none-77e5a30af490488c8019dcb3780ec847
Starships,individual,Individuals/DS-73-5,DS-73-5,X-wing starfighter | T-65C-A2,Alana G,,inherited,1.0,,https://sketchfab.com/3d-models/none-2397144aa2314e8fb03bf131d8f56af4
Starships,individual,Individuals/Dagger (Galactic Republic),Dagger,Master Yoda's New Hobby,AndreOrla,,exact,1.0,,https://sketchfab.com/3d-models/none-c14e83c130fe40a5bd7c3ae0a41dc9c2
Starships,individual,Individuals/Dagger 1,Dagger 1,Star Wars: Raider-class Corvette,Daniel,,inherited,1.0,,https://sketchfab.com/3d-models/none-8732794c82044aafb1c74a55b07674e0
Starships,individual,Individuals/Daisy Mae,Daisy Mae,X-wing starfighter | T-65C-A2,Alana G,,inherited,1.0,,https://sketchfab.com/3d-models/none-2397144aa2314e8fb03bf131d8f56af4
Starships,individual,Individuals/Dalkor Dagger,Dalkor Dagger,Low Altitude Assault Transport- Diorama,SpatialNeglect,,inherited,1.0,,https://sketchfab.com/3d-models/none-66638b9660ed4608843ef2ed8ec34c0a
Starships,individual,Individuals/Dalliance,Dalliance,"YTS-27 light freighter ""The Kowakian Corsair""",JP_2793,,inherited,1.0,,https://sketchfab.com/3d-models/none-3e187fed67034c488a0a9e41eae36628
Starships,individual,Individuals/Dalnan Dawn,Dalnan Dawn,Invictus Class Star Cruiser,Conner Bentley,,inherited,1.0,,https://sketchfab.com/3d-models/none-8ba24769c02b401d88f50655505c92be
Starships,individual,Individuals/Damocles,Damocles,Star Wars: Nebulon B Frigate,Daniel,,inherited,1.0,,https://sketchfab.com/3d-models/none-1986f7b0dee647b3b2374eb80dbd1faf
Starships,individual,Individuals/Danticore,Danticore,Star Wars: Nebulon B Frigate,Daniel,,inherited,1.0,,https://sketchfab.com/3d-models/none-1986f7b0dee647b3b2374eb80dbd1faf
Starships,individual,Individuals/Dantooine (CR90 corvette),Dantooine,Grassland Planet,great.biotic.wind1,,exact,1.0,,https://sketchfab.com/3d-models/none-2fd6581ee4df470ca9bca90ffb810b04
Starships,individual,Individuals/Dao's flagship,Dao's flagship,Star Wars: Imperial II Star Destroyer,Daniel,,inherited,1.0,,https://sketchfab.com/3d-models/none-b8bd2d35f7604670ab85242c06c6d280
Starships,individual,Individuals/Dao's flagship (Legends),Dao's flagship,Venator-Class Star Destroyer,A308 Digital,,inherited,1.0,,https://sketchfab.com/3d-models/none-5c2d88be90384395a2b4c23c7203e7d6
Starships,individual,Individuals/Dar'oosh,Dar'oosh,Phase 3 Dark Trooper [Star Wars The Mandalorian],SpiritedSpy,,weak,0.5,,https://sketchfab.com/3d-models/none-942e52cd3a1241089dc351f318eec283
Starships,individual,Individuals/Daring (frigate),Daring,Star Wars: Nebulon B Frigate,Daniel,,inherited,1.0,,https://sketchfab.com/3d-models/none-1986f7b0dee647b3b2374eb80dbd1faf
Starships,individual,Individuals/Dark Nebula (Star Destroyer),Dark Nebula,Star Wars: Imperial II Star Destroyer,Daniel,,inherited,1.0,,https://sketchfab.com/3d-models/none-b8bd2d35f7604670ab85242c06c6d280
Starships,individual,Individuals/Dark Omen,Dark Omen,Star Wars: Imperial II Star Destroyer,Daniel,,inherited,1.0,,https://sketchfab.com/3d-models/none-b8bd2d35f7604670ab85242c06c6d280
Starships,individual,Individuals/Dark Star,Dark Star,Dark - Saber Blender 2.90,Darth Iron,,exact,1.0,,https://sketchfab.com/3d-models/none-73bb3524d59445c580552c71bce7543d
Starships,individual,Individuals/Dark Star (bulk freighter),Dark Star,Dark - Saber Blender 2.90,Darth Iron,,exact,1.0,,https://sketchfab.com/3d-models/none-73bb3524d59445c580552c71bce7543d
Starships,individual,Individuals/Dark Syndicate,Dark Syndicate,Invictus Class Star Cruiser,Conner Bentley,,inherited,1.0,,https://sketchfab.com/3d-models/none-8ba24769c02b401d88f50655505c92be
Starships,individual,Individuals/Darkhawk,Darkhawk,"YTS-27 light freighter ""The Kowakian Corsair""",JP_2793,,inherited,1.0,,https://sketchfab.com/3d-models/none-3e187fed67034c488a0a9e41eae36628
Starships,individual,Individuals/Darkk,Darkk,Star Wars; Imperial-Class Star Destroyer,Heataker,,inherited,1.0,,https://sketchfab.com/3d-models/none-fa18d537db4d4020a443c1802ec0f88e
Starships,individual,Individuals/Darkness (battlecruiser),Darkness,Harrrower Class Dreadnaught,Kalashnikov 3D,,inherited,1.0,,https://sketchfab.com/3d-models/none-6e230cc7f6b84649bbab92a5f5ee6347
Starships,individual,Individuals/Darkpath,Darkpath,Star Wars: Nebulon B Frigate,Daniel,,inherited,1.0,,https://sketchfab.com/3d-models/none-1986f7b0dee647b3b2374eb80dbd1faf
Starships,individual,Individuals/Darksaber (superweapon),Darksaber,Dark - Saber Blender 2.90,Darth Iron,,exact,1.0,,https://sketchfab.com/3d-models/none-73bb3524d59445c580552c71bce7543d
Starships,individual,Individuals/Darksing D-45,Darksing D-45,Kei Truck Scout Transport,JohnMesplay,,inherited,1.0,,https://sketchfab.com/3d-models/none-0cb4b243a9dd4d1ca1ab30a17f23ac81
Starships,individual,Individuals/Darkvenge,Darkvenge,Space Battleship Yamato 2205,DJ-CheeF,,inherited,1.0,,https://sketchfab.com/3d-models/none-526cf6c315dd4056848f1431140d1965
Starships,individual,Individuals/Darth Azard's Nune-class shuttle,Darth Azard's Nune-class shuttle,Star Wars: Lambda Shuttle,Daniel,,inherited,1.0,,https://sketchfab.com/3d-models/none-9d160e16845a4b518a2d30a7c716f20d
Starships,individual,Individuals/Darth Malgus's personal shuttle,Darth Malgus's personal shuttle,Star Wars: Lambda Shuttle,Daniel,,inherited,1.0,,https://sketchfab.com/3d-models/none-9d160e16845a4b518a2d30a7c716f20d
Starships,individual,Individuals/Darth Marr's flagship,Darth Marr's flagship,Star Wars: Imperial II Star Destroyer,Daniel,,inherited,1.0,,https://sketchfab.com/3d-models/none-b8bd2d35f7604670ab85242c06c6d280
Starships,individual,Individuals/Darth Sidious' Eta-class shuttle,Darth Sidious' Eta-class shuttle,Star Wars: Lambda Shuttle,Daniel,,inherited,1.0,,https://sketchfab.com/3d-models/none-9d160e16845a4b518a2d30a7c716f20d
Starships,individual,Individuals/Darth Sidious' Eta-class shuttle (Legends),Darth Sidious' Eta-class shuttle,Star Wars: Lambda Shuttle,Daniel,,inherited,1.0,,https://sketchfab.com/3d-models/none-9d160e16845a4b518a2d30a7c716f20d
Starships,individual,Individuals/Darth Vader's Venator-class Star Destroyer,Darth Vader's Venator-class Star Destroyer,Star Wars: Imperial II Star Destroyer,Daniel,,inherited,1.0,,https://sketchfab.com/3d-models/none-b8bd2d35f7604670ab85242c06c6d280
Starships,individual,Individuals/Darth Vader's X-Wing,Darth Vader's X-Wing,X-wing starfighter | T-65C-A2,Alana G,,inherited,1.0,,https://sketchfab.com/3d-models/none-2397144aa2314e8fb03bf131d8f56af4
Starships,individual,Individuals/Darth Vader's black Eta-2 Actis-class interceptor,Darth Vader's black Eta-2 Actis-class interceptor,X-wing starfighter | T-65C-A2,Alana G,,inherited,1.0,,https://sketchfab.com/3d-models/none-2397144aa2314e8fb03bf131d8f56af4
Starships,individual,Individuals/Darth Vader's black Eta-2 Actis-class interceptor (Legends),Darth Vader's black Eta-2 Actis-class interceptor,X-wing starfighter | T-65C-A2,Alana G,,inherited,1.0,,https://sketchfab.com/3d-models/none-2397144aa2314e8fb03bf131d8f56af4
Starships,individual,Individuals/Darth Vader's green Eta-2 Actis-class interceptor,Darth Vader's green Eta-2 Actis-class interceptor,X-wing starfighter | T-65C-A2,Alana G,,inherited,1.0,,https://sketchfab.com/3d-models/none-2397144aa2314e8fb03bf131d8f56af4
Starships,individual,Individuals/Darth Vader's green Eta-2 Actis-class interceptor (Legends),Darth Vader's green Eta-2 Actis-class interceptor,X-wing starfighter | T-65C-A2,Alana G,,inherited,1.0,,https://sketchfab.com/3d-models/none-2397144aa2314e8fb03bf131d8f56af4
Starships,individual,Individuals/Darth Vengean's flagship,Darth Vengean's flagship,Harrower Class Dreadnought,Kuat-Entralla 3D Engineering,,inherited,1.0,,https://sketchfab.com/3d-models/none-14cc2060a4d645eb82c23171933b81ab
Starships,individual,Individuals/Dauntless (Imperial I-class),Dauntless,Star Wars: Imperial II Star Destroyer,Daniel,,inherited,1.0,,https://sketchfab.com/3d-models/none-b8bd2d35f7604670ab85242c06c6d280
Starships,individual,Individuals/Dauntless (Imperial-class),Dauntless,Star Wars: Imperial II Star Destroyer,Daniel,,inherited,1.0,,https://sketchfab.com/3d-models/none-b8bd2d35f7604670ab85242c06c6d280
Starships,individual,Individuals/Dauntless (Imperial-class) (Legends),Dauntless,Star Wars; Imperial-Class Star Destroyer,Heataker,,inherited,1.0,,https://sketchfab.com/3d-models/none-fa18d537db4d4020a443c1802ec0f88e
Starships,individual,Individuals/Dauntless (VT-49 Decimator),Dauntless,Star Wars: VT-49 Decimator,Daniel,,inherited,1.0,,https://sketchfab.com/3d-models/none-3d9103b8d13942a3a990a0f42f2f4c4a
Starships,individual,Individuals/Dauntless (VT-49 Decimator) (Legends),Dauntless,Star Wars: VT-49 Decimator,Daniel,,inherited,1.0,,https://sketchfab.com/3d-models/none-3d9103b8d13942a3a990a0f42f2f4c4a
Starships,individual,Individuals/Dauntless (Venator-class),Dauntless,Venator-Class Star Destroyer,A308 Digital,,inherited,1.0,,https://sketchfab.com/3d-models/none-5c2d88be90384395a2b4c23c7203e7d6
Starships,individual,Individuals/Dawn Raider,Dawn Raider,X-wing starfighter | T-65C-A2,Alana G,,inherited,1.0,,https://sketchfab.com/3d-models/none-2397144aa2314e8fb03bf131d8f56af4
Starships,individual,Individuals/Dawnbringer,Dawnbringer,Invictus Class Star Cruiser,Conner Bentley,,inherited,1.0,,https://sketchfab.com/3d-models/none-8ba24769c02b401d88f50655505c92be
Starships,individual,Individuals/DeLucia,DeLucia,Star Wars Galaxies - YT1300 (Inside),Zorg_Sinister,,inherited,0.769,,https://sketchfab.com/3d-models/none-400abf08c94e4b4e809fca0aa51a5e00
Starships,individual,Individuals/Deadweight,Deadweight,Star Wars: Lambda Shuttle,Daniel,,inherited,1.0,,https://sketchfab.com/3d-models/none-9d160e16845a4b518a2d30a7c716f20d
Starships,individual,Individuals/Death Mark,Death Mark,Star Wars: Nebulon B Frigate,Daniel,,inherited,1.0,,https://sketchfab.com/3d-models/none-1986f7b0dee647b3b2374eb80dbd1faf
Starships,individual,Individuals/Death's Head,Death's Head,Pre Vizsla Death Watch Experimental Head,skullvez,,weak,0.667,,https://sketchfab.com/3d-models/none-2da5896e9a9d406da53e0fb241365711
Starships,individual,Individuals/Decimator (Resurgent-class),Decimator,Star Wars: VT-49 Decimator,Daniel,,exact,1.0,,https://sketchfab.com/3d-models/none-3d9103b8d13942a3a990a0f42f2f4c4a
Starships,individual,Individuals/Decisive,Decisive,Star Wars; Imperial-Class Star Destroyer,Heataker,,inherited,1.0,,https://sketchfab.com/3d-models/none-fa18d537db4d4020a443c1802ec0f88e
Starships,individual,Individuals/Deep,Deep,Star Wars: X7 Deep Space Manufacturing Facility,Daniel,,exact,1.0,,https://sketchfab.com/3d-models/none-0494761ce11a4c1ea1c9beb88a65269c
Starships,individual,Individuals/Deep Core (starship),Deep Core (starship),Waldeinsamkeit-class Strategic Survey Vessel,Vaportrash,,weak,0.5,,https://sketchfab.com/3d-models/none-12a2b8974b754865ad98bd1c33881546
Starships,individual,Individuals/DeepRay,DeepRay,Star Wars: Lambda Shuttle,Daniel,,inherited,1.0,,https://sketchfab.com/3d-models/none-9d160e16845a4b518a2d30a7c716f20d
Starships,individual,Individuals/Defector,Defector,Star Wars: Nebulon B Frigate,Daniel,,inherited,1.0,,https://sketchfab.com/3d-models/none-1986f7b0dee647b3b2374eb80dbd1faf
Starships,individual,Individuals/Defender,Defender,Star Wars: TIE/d Defender,Daniel,,exact,1.0,,https://sketchfab.com/3d-models/none-22bc65f9eb4640b6ae58b1b5e184e80e
Starships,individual,Individuals/Defender (Bakura-class),Defender,Star Wars: TIE/d Defender,Daniel,,exact,1.0,,https://sketchfab.com/3d-models/none-22bc65f9eb4640b6ae58b1b5e184e80e
Starships,individual,Individuals/Defender (Legends),Defender,Star Wars: TIE/d Defender,Daniel,,exact,1.0,,https://sketchfab.com/3d-models/none-22bc65f9eb4640b6ae58b1b5e184e80e
Starships,individual,Individuals/Defender One,Defender One,Defender-class Starfighter,nestor_d,,weak,0.5,,https://sketchfab.com/3d-models/none-9fdc16499f2047d98c16e92447b3cd8c
Starships,individual,Individuals/Deference,Deference,Star Wars: Lambda Shuttle,Daniel,,inherited,1.0,,https://sketchfab.com/3d-models/none-9d160e16845a4b518a2d30a7c716f20d
Starships,individual,Individuals/Defiance,Defiance,Invictus Class Star Cruiser,Conner Bentley,,inherited,1.0,,https://sketchfab.com/3d-models/none-8ba24769c02b401d88f50655505c92be
Starships,individual,Individuals/Defiance (Legends),Defiance,Invictus Class Star Cruiser,Conner Bentley,,inherited,1.0,,https://sketchfab.com/3d-models/none-8ba24769c02b401d88f50655505c92be
Starships,individual,Individuals/Defiant (Acclamator-class),Defiant,Endymion-class Interceptor / Escort,Vaportrash,,exact,1.0,,https://sketchfab.com/3d-models/none-052c93fd4f06479db11e0b12157c8422
Starships,individual,Individuals/Defiant (Imperial-class),Defiant,Endymion-class Interceptor / Escort,Vaportrash,,exact,1.0,,https://sketchfab.com/3d-models/none-052c93fd4f06479db11e0b12157c8422
Starships,individual,Individuals/Defiant (cruiser),Defiant,Endymion-class Interceptor / Escort,Vaportrash,,exact,1.0,,https://sketchfab.com/3d-models/none-052c93fd4f06479db11e0b12157c8422
Starships,individual,Individuals/Degathem,Degathem,"YTS-27 light freighter ""The Kowakian Corsair""",JP_2793,,inherited,1.0,,https://sketchfab.com/3d-models/none-3e187fed67034c488a0a9e41eae36628
Starships,individual,Individuals/Degio,Degio,Star Wars: Lambda Shuttle,Daniel,,inherited,1.0,,https://sketchfab.com/3d-models/none-9d160e16845a4b518a2d30a7c716f20d
Starships,individual,Individuals/Deliberator,Deliberator,Star Wars: Imperial II Star Destroyer,Daniel,,inherited,1.0,,https://sketchfab.com/3d-models/none-b8bd2d35f7604670ab85242c06c6d280
Starships,individual,Individuals/Deliverance,Deliverance,Star Wars: Imperial II Star Destroyer,Daniel,,inherited,1.0,,https://sketchfab.com/3d-models/none-b8bd2d35f7604670ab85242c06c6d280
Starships,individual,Individuals/Deliverance (Republic),Deliverance,Invictus Class Star Cruiser,Conner Bentley,,inherited,1.0,,https://sketchfab.com/3d-models/none-8ba24769c02b401d88f50655505c92be
Starships,individual,Individuals/Delta-T-3,Delta-T-3,"YTS-27 light freighter ""The Kowakian Corsair""",JP_2793,,inherited,1.0,,https://sketchfab.com/3d-models/none-3e187fed67034c488a0a9e41eae36628
Starships,individual,Individuals/Demolisher,Demolisher,Star Wars: Imperial II Star Destroyer,Daniel,,inherited,1.0,,https://sketchfab.com/3d-models/none-b8bd2d35f7604670ab85242c06c6d280
Starships,individual,Individuals/Denunciator,Denunciator,83359 Star Wars Imperial II-class Star Destroyer,S🅾️Meme star wars,,inherited,1.0,,https://sketchfab.com/3d-models/none-c75cfb15ef124691b3fa33c30e017bbe
Starships,individual,Individuals/Derapha (cruiser),Derapha,Invictus Class Star Cruiser,Conner Bentley,,inherited,1.0,,https://sketchfab.com/3d-models/none-8ba24769c02b401d88f50655505c92be
Starships,individual,Individuals/Derriphan,Derriphan,Star Wars: Imperial II Star Destroyer,Daniel,,inherited,1.0,,https://sketchfab.com/3d-models/none-b8bd2d35f7604670ab85242c06c6d280
Starships,individual,Individuals/Des'maric One,Des'maric One,Yoda - Star Wars - #MaioNerdMcTech,Rui Barbosa,,weak,0.667,,https://sketchfab.com/3d-models/none-ec0dca33cef446a19df153df604b63f7
Starships,individual,Individuals/Desert Jewel,Desert Jewel,Star Wars: Personal Luxury Yacht 3000,Daniel,,inherited,1.0,,https://sketchfab.com/3d-models/none-cb6dee6d3d964b69ba50c95b220e4f9e
Starships,individual,Individuals/Desolator (Imperial-class),Desolator,Star Wars Blueprint,coco11211,,exact,1.0,,https://sketchfab.com/3d-models/none-afd6329401bd49beb3d11cb0517973f2
Starships,individual,Individuals/Desolator (Imperial-class) (Legends),Desolator,Star Wars Blueprint,coco11211,,exact,1.0,,https://sketchfab.com/3d-models/none-afd6329401bd49beb3d11cb0517973f2
Starships,individual,Individuals/Dessin's Dagger,Dessin Dagger,"YTS-27 light freighter ""The Kowakian Corsair""",JP_2793,,inherited,1.0,,https://sketchfab.com/3d-models/none-3e187fed67034c488a0a9e41eae36628
Starships,individual,Individuals/Destrama,Destrama,STAR WARS DROIDE B2 BY OSCAR CREATIVO,OSCAR CREATIVO,,inherited,1.0,,https://sketchfab.com/3d-models/none-bb52ea58e9f04427b9b9bf4b829e0810
Starships,individual,Individuals/Destrier (Legends),Destrier,Star Wars; Imperial-Class Star Destroyer,Heataker,,inherited,1.0,,https://sketchfab.com/3d-models/none-fa18d537db4d4020a443c1802ec0f88e
Starships,individual,Individuals/Determination,Determination,Star Wars: Imperial II Star Destroyer,Daniel,,inherited,1.0,,https://sketchfab.com/3d-models/none-b8bd2d35f7604670ab85242c06c6d280
Starships,individual,Individuals/Deuterium (shuttle),Deuterium,Star Wars: Lambda Shuttle,Daniel,,inherited,1.0,,https://sketchfab.com/3d-models/none-9d160e16845a4b518a2d30a7c716f20d
Starships,individual,Individuals/Devastation,Devastation,Space Battleship Yamato 2205,DJ-CheeF,,inherited,1.0,,https://sketchfab.com/3d-models/none-526cf6c315dd4056848f1431140d1965
Starships,individual,Individuals/Devastator,Devastator,Star Wars: Imperial II Star Destroyer,Daniel,,inherited,1.0,,https://sketchfab.com/3d-models/none-b8bd2d35f7604670ab85242c06c6d280
Starships,individual,Individuals/Devastator (Legends),Devastator,Star Wars: Imperial II Star Destroyer,Daniel,,inherited,1.0,,https://sketchfab.com/3d-models/none-b8bd2d35f7604670ab85242c06c6d280
Starships,individual,Individuals/Devil Seven,Devil Seven,X-wing starfighter | T-65C-A2,Alana G,,inherited,1.0,,https://sketchfab.com/3d-models/none-2397144aa2314e8fb03bf131d8f56af4
Starships,individual,Individuals/Devout,Devout,Invictus Class Star Cruiser,Conner Bentley,,inherited,1.0,,https://sketchfab.com/3d-models/none-8ba24769c02b401d88f50655505c92be
Starships,individual,Individuals/Dewback (starship),Dewback,Dewback,michael50,,exact,1.0,,https://sketchfab.com/3d-models/none-b84145ed48d143ff8746eda2623b3bd8
Starships,individual,Individuals/Dexterous,Dexterous,Invictus Class Star Cruiser,Conner Bentley,,inherited,1.0,,https://sketchfab.com/3d-models/none-8ba24769c02b401d88f50655505c92be
Starships,individual,Individuals/Dhoora,Dhoora,Star Wars Galaxies - YT1300 (Inside),Zorg_Sinister,,inherited,0.769,,https://sketchfab.com/3d-models/none-400abf08c94e4b4e809fca0aa51a5e00
Starships,individual,Individuals/Dicer (starfighter),Dicer,X-wing starfighter | T-65C-A2,Alana G,,inherited,1.0,,https://sketchfab.com/3d-models/none-2397144aa2314e8fb03bf131d8f56af4
Starships,individual,Individuals/Diligence (DP20 gunship),Diligence,Star Wars LAAT/i Gunship,smithson17,,inherited,1.0,,https://sketchfab.com/3d-models/none-77e5a30af490488c8019dcb3780ec847
Starships,individual,Individuals/Diligence (Inexpugnable-class),Diligence,Imperial Arquitens-class Command Cruiser,gavinpgamer1,,inherited,1.0,,https://sketchfab.com/3d-models/none-c05a0aa234404ae884c4469b099b67ea
Starships,individual,Individuals/Diligent,Diligent,Star Wars: Imperial II Star Destroyer,Daniel,,inherited,1.0,,https://sketchfab.com/3d-models/none-b8bd2d35f7604670ab85242c06c6d280
Starships,individual,Individuals/Din Djarin's N-1 starfighter,Din Djarin's N-1 starfighter,X-wing starfighter | T-65C-A2,Alana G,,inherited,1.0,,https://sketchfab.com/3d-models/none-2397144aa2314e8fb03bf131d8f56af4
Starships,individual,Individuals/Diomede,Diomede,Invictus Class Star Cruiser,Conner Bentley,,inherited,1.0,,https://sketchfab.com/3d-models/none-8ba24769c02b401d88f50655505c92be
Starships,individual,Individuals/Dire Hound,Dire Hound,X-wing starfighter | T-65C-A2,Alana G,,inherited,1.0,,https://sketchfab.com/3d-models/none-2397144aa2314e8fb03bf131d8f56af4
Starships,individual,Individuals/Direption,Direption,83359 Star Wars Imperial II-class Star Destroyer,S🅾️Meme star wars,,inherited,1.0,,https://sketchfab.com/3d-models/none-c75cfb15ef124691b3fa33c30e017bbe
Starships,individual,Individuals/Discord (Star Destroyer),Discord,Star Wars: Imperial II Star Destroyer,Daniel,,inherited,1.0,,https://sketchfab.com/3d-models/none-b8bd2d35f7604670ab85242c06c6d280
Starships,individual,Individuals/Discord (light cruiser),Discord,Arquitens-Class Light Cruiser,A308 Digital,,inherited,1.0,,https://sketchfab.com/3d-models/none-802fa70fb8cd46f5b741cb6b99f66229
Starships,individual,Individuals/Disorver,Disorver,Star Wars Dreadnaught-Class Heavy Cruiser,flannelandfilm,,inherited,1.0,,https://sketchfab.com/3d-models/none-14e6ad1266104dec96541b17000925f2
Starships,individual,Individuals/Distant Sunrise,Distant Sunrise,"YTS-27 light freighter ""The Kowakian Corsair""",JP_2793,,inherited,1.0,,https://sketchfab.com/3d-models/none-3e187fed67034c488a0a9e41eae36628
Starships,individual,Individuals/Distant Wind,Distant Wind,"YTS-27 light freighter ""The Kowakian Corsair""",JP_2793,,inherited,1.0,,https://sketchfab.com/3d-models/none-3e187fed67034c488a0a9e41eae36628
Starships,individual,Individuals/Docking Plt,Docking Plt,"YTS-27 light freighter ""The Kowakian Corsair""",JP_2793,,inherited,1.0,,https://sketchfab.com/3d-models/none-3e187fed67034c488a0a9e41eae36628
Starships,individual,Individuals/Doctor Raygar's Star Destroyer,Doctor Raygar's Star Destroyer,Star Wars; Imperial-Class Star Destroyer,Heataker,,inherited,1.0,,https://sketchfab.com/3d-models/none-fa18d537db4d4020a443c1802ec0f88e
Starships,individual,Individuals/Dodger (EF76 Nebulon-B escort frigate),Dodger,Star Wars: Nebulon B Frigate,Daniel,,inherited,1.0,,https://sketchfab.com/3d-models/none-1986f7b0dee647b3b2374eb80dbd1faf
Starships,individual,Individuals/Dodonna (Assault Frigate),Dodonna,Star Destroyer Hallway,A308 Digital,,inherited,1.0,,https://sketchfab.com/3d-models/none-eba38859a8484637a5d61f7e9e769a7d
Starships,individual,Individuals/Doghouse,Doghouse,"YTS-27 light freighter ""The Kowakian Corsair""",JP_2793,,inherited,1.0,,https://sketchfab.com/3d-models/none-3e187fed67034c488a0a9e41eae36628
Starships,individual,Individuals/Dominance (Imperial-class),Dominance,Star Wars; Imperial-Class Star Destroyer,Heataker,,inherited,1.0,,https://sketchfab.com/3d-models/none-fa18d537db4d4020a443c1802ec0f88e
Starships,individual,Individuals/Dominant,Dominant,Star Wars: Nebulon B Frigate,Daniel,,inherited,1.0,,https://sketchfab.com/3d-models/none-1986f7b0dee647b3b2374eb80dbd1faf
Starships,individual,Individuals/Dominator (Galactic Republic),Dominator,Star Destroyer Hallway,A308 Digital,,inherited,1.0,,https://sketchfab.com/3d-models/none-eba38859a8484637a5d61f7e9e769a7d
Starships,individual,Individuals/Dominator (Harrower-class),Dominator,Harrower Class Dreadnought,Kuat-Entralla 3D Engineering,,inherited,1.0,,https://sketchfab.com/3d-models/none-14cc2060a4d645eb82c23171933b81ab
Starships,individual,Individuals/Dominator (Imperial-class),Dominator,Star Wars: Imperial II Star Destroyer,Daniel,,inherited,1.0,,https://sketchfab.com/3d-models/none-b8bd2d35f7604670ab85242c06c6d280
Starships,individual,Individuals/Dominator (Interdictor-class),Dominator,Star Wars: Imperial II Star Destroyer,Daniel,,inherited,1.0,,https://sketchfab.com/3d-models/none-b8bd2d35f7604670ab85242c06c6d280
Starships,individual,Individuals/Dominator (Victory-class),Dominator,Star Wars: Imperial II Star Destroyer,Daniel,,inherited,1.0,,https://sketchfab.com/3d-models/none-b8bd2d35f7604670ab85242c06c6d280
Starships,individual,Individuals/Dominion,Dominion,Federation Attack Fighter,Hangar.b.productions,,exact,1.0,,https://sketchfab.com/3d-models/none-e8a4ee7b6a7d43218bfad55b64030ff0
Starships,individual,Individuals/Dominion (Star Dreadnought),Dominion,Federation Attack Fighter,Hangar.b.productions,,exact,1.0,,https://sketchfab.com/3d-models/none-e8a4ee7b6a7d43218bfad55b64030ff0
Starships,individual,Individuals/Dooku Boot,Dooku Boot,Star Wars LAAT/i Gunship,smithson17,,inherited,1.0,,https://sketchfab.com/3d-models/none-77e5a30af490488c8019dcb3780ec847
Starships,individual,Individuals/Dooku Boot (Legends),Dooku Boot,Star Wars LAAT/i Gunship,smithson17,,inherited,1.0,,https://sketchfab.com/3d-models/none-77e5a30af490488c8019dcb3780ec847
Starships,individual,Individuals/Doombringer,Doombringer,Star Destroyer Hallway,A308 Digital,,inherited,1.0,,https://sketchfab.com/3d-models/none-eba38859a8484637a5d61f7e9e769a7d
Starships,individual,Individuals/Doomgiver,Doomgiver,Star Wars: Doomgiver Drop Pod - Ramp Down,jchapman1984,,exact,1.0,,https://sketchfab.com/3d-models/none-cfcb235fc35b4d0ab5889121352542e0
Starships,individual,Individuals/Doriella's Mystress,Doriella's Mystress,Star Wars: BFF-1 Bulk Freighter,Daniel,,inherited,1.0,,https://sketchfab.com/3d-models/none-2131f750afff479588a46321d17ee25f
Starships,individual,Individuals/Dorin's Sky,Dorin's Sky,Star Wars: Raider-class Corvette,Daniel,,inherited,1.0,,https://sketchfab.com/3d-models/none-8732794c82044aafb1c74a55b07674e0
Starships,individual,Individuals/Dorion Discus,Dorion Discus,"YTS-27 light freighter ""The Kowakian Corsair""",JP_2793,,inherited,1.0,,https://sketchfab.com/3d-models/none-3e187fed67034c488a0a9e41eae36628
Starships,individual,Individuals/Dorsal Killer,Dorsal Killer,Kei Truck Scout Transport,JohnMesplay,,inherited,1.0,,https://sketchfab.com/3d-models/none-0cb4b243a9dd4d1ca1ab30a17f23ac81
Starships,individual,Individuals/Dotermin,Dotermin,"YTS-27 light freighter ""The Kowakian Corsair""",JP_2793,,inherited,1.0,,https://sketchfab.com/3d-models/none-3e187fed67034c488a0a9e41eae36628
Starships,individual,Individuals/Double-A,Double-A,X-wing starfighter | T-65C-A2,Alana G,,inherited,1.0,,https://sketchfab.com/3d-models/none-2397144aa2314e8fb03bf131d8f56af4
Starships,individual,Individuals/Dowager Queen,Dowager Queen,GNN News Media Ship,gavinpgamer1,,inherited,1.0,,https://sketchfab.com/3d-models/none-9b135da26f0f41df8c5f66654fbfaa83
Starships,individual,Individuals/Dowager Queen (Legends),Dowager Queen,GNN News Media Ship,gavinpgamer1,,inherited,1.0,,https://sketchfab.com/3d-models/none-9b135da26f0f41df8c5f66654fbfaa83
Starships,individual,Individuals/Doyle,Doyle,Star Wars: Lambda Shuttle,Daniel,,inherited,1.0,,https://sketchfab.com/3d-models/none-9d160e16845a4b518a2d30a7c716f20d
Starships,individual,Individuals/Drago,Drago,Star Wars: Lambda Shuttle,Daniel,,inherited,1.0,,https://sketchfab.com/3d-models/none-9d160e16845a4b518a2d30a7c716f20d
Starships,individual,Individuals/Dragon (CR90 corvette),Dragon,Star Wars C10 Dragon Eye,wewwuworks,,exact,1.0,,https://sketchfab.com/3d-models/none-b72ce13805f24d729e6cbd54789a93a1
Starships,individual,Individuals/Draiven Bosh's shuttle,Draiven Bosh's shuttle,Star Wars: Lambda Shuttle,Daniel,,inherited,1.0,,https://sketchfab.com/3d-models/none-9d160e16845a4b518a2d30a7c716f20d
Starships,individual,Individuals/Draklor,Draklor,Star Wars: Nebulon B Frigate,Daniel,,inherited,1.0,,https://sketchfab.com/3d-models/none-1986f7b0dee647b3b2374eb80dbd1faf
Starships,individual,Individuals/Drakmha,Drakmha,Star Wars: Nebulon B Frigate,Daniel,,inherited,1.0,,https://sketchfab.com/3d-models/none-1986f7b0dee647b3b2374eb80dbd1faf
Starships,individual,Individuals/Drama Korr's space yacht,Drama Korr's space yacht,Star Wars: Personal Luxury Yacht 3000,Daniel,,inherited,1.0,,https://sketchfab.com/3d-models/none-cb6dee6d3d964b69ba50c95b220e4f9e
Starships,individual,Individuals/Drammel,Drammel,Star Wars: Nebulon B Frigate,Daniel,,inherited,1.0,,https://sketchfab.com/3d-models/none-1986f7b0dee647b3b2374eb80dbd1faf
Starships,individual,Individuals/Dravilla,Dravilla,Star Wars: Imperial II Star Destroyer,Daniel,,inherited,1.0,,https://sketchfab.com/3d-models/none-b8bd2d35f7604670ab85242c06c6d280
Starships,individual,Individuals/Dread Masters' dreadnaught,Dread Masters' dreadnaught,Harrower Class Dreadnought,Kuat-Entralla 3D Engineering,,inherited,1.0,,https://sketchfab.com/3d-models/none-14cc2060a4d645eb82c23171933b81ab
Starships,individual,Individuals/Dread Omen,Dread Omen,Star Wars: Imperial II Star Destroyer,Daniel,,inherited,1.0,,https://sketchfab.com/3d-models/none-b8bd2d35f7604670ab85242c06c6d280
Starships,individual,Individuals/Dreadnaught-Five,Dreadnaught-Five,Star Wars Dreadnaught-Class Heavy Cruiser,flannelandfilm,,weak,0.5,,https://sketchfab.com/3d-models/none-14e6ad1266104dec96541b17000925f2
Starships,individual,Individuals/Dreadnaught-One,Dreadnaught-One,Star Wars Separatist Dreadnaught,Amethesh,,weak,0.5,,https://sketchfab.com/3d-models/none-c9ce5e9f7b00403991253f3542cbc57a
Starships,individual,Individuals/Dreadstar,Dreadstar,Space Battleship Yamato 2205,DJ-CheeF,,inherited,1.0,,https://sketchfab.com/3d-models/none-526cf6c315dd4056848f1431140d1965
Starships,individual,Individuals/Dream Runner,Dream Runner,Star Wars LAAT/i Gunship,smithson17,,inherited,1.0,,https://sketchfab.com/3d-models/none-77e5a30af490488c8019dcb3780ec847
Starships,individual,Individuals/Dred Imperative,Dred Imperative,Kei Truck Scout Transport,JohnMesplay,,inherited,1.0,,https://sketchfab.com/3d-models/none-0cb4b243a9dd4d1ca1ab30a17f23ac81
Starships,individual,Individuals/Dreed's Star Destroyer,Dreed's Star Destroyer,Star Wars: Imperial II Star Destroyer,Daniel,,inherited,1.0,,https://sketchfab.com/3d-models/none-b8bd2d35f7604670ab85242c06c6d280
Starships,individual,Individuals/Droid Caller (transport),Droid Caller,Kei Truck Scout Transport,JohnMesplay,,inherited,1.0,,https://sketchfab.com/3d-models/none-0cb4b243a9dd4d1ca1ab30a17f23ac81
Starships,individual,Individuals/Droid ship,Droid ship,droid control ship,Robob3ar,,strong,1.0,,https://sketchfab.com/3d-models/none-d0331e6309ce4b2b8bc97ea2fe109907
Starships,individual,Individuals/Dromedar,Dromedar,Dromedary Camel Voxel,WaxFreeOintment,,exact,1.0,,https://sketchfab.com/3d-models/none-4886a2ab89c44f9fa6f92c377a562425
Starships,individual,Individuals/Dromon,Dromon,Star Wars: Nebulon B Frigate,Daniel,,inherited,1.0,,https://sketchfab.com/3d-models/none-1986f7b0dee647b3b2374eb80dbd1faf
Starships,individual,Individuals/Drone vessel 171,Drone vessel 171,"YTS-27 light freighter ""The Kowakian Corsair""",JP_2793,,inherited,1.0,,https://sketchfab.com/3d-models/none-3e187fed67034c488a0a9e41eae36628
Starships,individual,Individuals/Dryden Vos's shuttle,Dryden Vos's shuttle,Star Wars: Lambda Shuttle,Daniel,,inherited,1.0,,https://sketchfab.com/3d-models/none-9d160e16845a4b518a2d30a7c716f20d
Starships,individual,Individuals/Duggenhei,Duggenhei,Kei Truck Scout Transport,JohnMesplay,,inherited,1.0,,https://sketchfab.com/3d-models/none-0cb4b243a9dd4d1ca1ab30a17f23ac81
Starships,individual,Individuals/Dunns,Dunns,Imperial Shuttle (Lambda-class T-4a) - Star Wars,Quiznos323,,inherited,1.0,,https://sketchfab.com/3d-models/none-8312856f2c794c569ea6978f2c90bc99
Starships,individual,Individuals/Duno Dree's transport,Duno Dree's transport,Star Wars: Raider-class Corvette,Daniel,,inherited,1.0,,https://sketchfab.com/3d-models/none-8732794c82044aafb1c74a55b07674e0
Starships,individual,Individuals/Duracrud,Duracrud,"YTS-27 light freighter ""The Kowakian Corsair""",JP_2793,,inherited,1.0,,https://sketchfab.com/3d-models/none-3e187fed67034c488a0a9e41eae36628
Starships,individual,Individuals/Durga's yacht,Durga's yacht,Star Wars: Personal Luxury Yacht 3000,Daniel,,inherited,1.0,,https://sketchfab.com/3d-models/none-cb6dee6d3d964b69ba50c95b220e4f9e
Starships,individual,Individuals/Dust Dancer,Dust Dancer,Kei Truck Scout Transport,JohnMesplay,,inherited,1.0,,https://sketchfab.com/3d-models/none-0cb4b243a9dd4d1ca1ab30a17f23ac81
Starships,individual,Individuals/Dusty Duck,Dusty Duck,"YTS-27 light freighter ""The Kowakian Corsair""",JP_2793,,inherited,1.0,,https://sketchfab.com/3d-models/none-3e187fed67034c488a0a9e41eae36628
Starships,individual,Individuals/E 1,E 1,E-Wing Cockpit Version 1,MichaelEGA,,exact,1.0,,https://sketchfab.com/3d-models/none-166bcb0a842e451b9e81f96f7b2adea7
Starships,individual,Individuals/E 2,E 2,E-11 Blaster,Juani Forn,,weak,0.5,,https://sketchfab.com/3d-models/none-bba403537cc04f708737cbf93632ce0c
Starships,individual,Individuals/EX-1-2,EX-1-2,TIE bomber,StarWars-Universe,,inherited,1.0,,https://sketchfab.com/3d-models/none-dab029b751bd4cc293b66e3cc013e3a0
Starships,individual,Individuals/EX-1-8,EX-1-8,TIE bomber,StarWars-Universe,,inherited,1.0,,https://sketchfab.com/3d-models/none-dab029b751bd4cc293b66e3cc013e3a0
Starships,individual,Individuals/Early Riser,Early Riser,"YTS-27 light freighter ""The Kowakian Corsair""",JP_2793,,inherited,1.0,,https://sketchfab.com/3d-models/none-3e187fed67034c488a0a9e41eae36628
Starships,individual,Individuals/Ebon Hawk,Ebon Hawk,"YTS-27 light freighter ""The Kowakian Corsair""",JP_2793,,inherited,1.0,,https://sketchfab.com/3d-models/none-3e187fed67034c488a0a9e41eae36628
Starships,individual,Individuals/Echo Delta One,Echo Delta One,Kei Truck Scout Transport,JohnMesplay,,inherited,1.0,,https://sketchfab.com/3d-models/none-0cb4b243a9dd4d1ca1ab30a17f23ac81
Starships,individual,Individuals/Echo of Hope,Echo of Hope,Invictus Class Star Cruiser,Conner Bentley,,inherited,1.0,,https://sketchfab.com/3d-models/none-8ba24769c02b401d88f50655505c92be
Starships,individual,Individuals/Echo-97,Echo-97,X-wing starfighter | T-65C-A2,Alana G,,inherited,1.0,,https://sketchfab.com/3d-models/none-2397144aa2314e8fb03bf131d8f56af4
Starships,individual,Individuals/Eclipse (Action IV transport),Eclipse,Eclipse Class Star Destroyer,Anthony Schmidt,,exact,1.0,,https://sketchfab.com/3d-models/none-aee7185dc9224aa0b424c657f7b9b093
Starships,individual,Individuals/Eclipse (Eclipse-class),Eclipse,Eclipse Class Star Destroyer,Anthony Schmidt,,exact,1.0,,https://sketchfab.com/3d-models/none-aee7185dc9224aa0b424c657f7b9b093
Starships,individual,Individuals/Eclipse (Executor-class),Eclipse,Eclipse Class Star Destroyer,Anthony Schmidt,,exact,1.0,,https://sketchfab.com/3d-models/none-aee7185dc9224aa0b424c657f7b9b093
Starships,individual,Individuals/Eclipse (Harrower-class),Eclipse,Eclipse Class Star Destroyer,Anthony Schmidt,,exact,1.0,,https://sketchfab.com/3d-models/none-aee7185dc9224aa0b424c657f7b9b093
Starships,individual,Individuals/Eclipse (freighter),Eclipse,Eclipse Class Star Destroyer,Anthony Schmidt,,exact,1.0,,https://sketchfab.com/3d-models/none-aee7185dc9224aa0b424c657f7b9b093
Starships,individual,Individuals/Eclipse Fighter,Eclipse Fighter,Eclipse Dreadnought,Kuat-Entralla 3D Engineering,,strong,0.769,,https://sketchfab.com/3d-models/none-96685f0072934dc58cbf4e2e5b52f562
Starships,individual,Individuals/Eclipse Rider,Eclipse Rider,"YTS-27 light freighter ""The Kowakian Corsair""",JP_2793,,inherited,1.0,,https://sketchfab.com/3d-models/none-3e187fed67034c488a0a9e41eae36628
Starships,individual,Individuals/Edgehawk (starship),Edgehawk,Kei Truck Scout Transport,JohnMesplay,,inherited,1.0,,https://sketchfab.com/3d-models/none-0cb4b243a9dd4d1ca1ab30a17f23ac81
Starships,individual,Individuals/Edict,Edict,Star Wars: Imperial II Star Destroyer,Daniel,,inherited,1.0,,https://sketchfab.com/3d-models/none-b8bd2d35f7604670ab85242c06c6d280
Starships,individual,Individuals/Eibon Scimitar,Eibon Scimitar,Star Destroyer Hallway,A308 Digital,,inherited,1.0,,https://sketchfab.com/3d-models/none-eba38859a8484637a5d61f7e9e769a7d
Starships,individual,Individuals/Eichler,Eichler,"YTS-27 light freighter ""The Kowakian Corsair""",JP_2793,,inherited,1.0,,https://sketchfab.com/3d-models/none-3e187fed67034c488a0a9e41eae36628
Starships,individual,Individuals/Electra,Electra,Star Wars: Lambda Shuttle,Daniel,,inherited,1.0,,https://sketchfab.com/3d-models/none-9d160e16845a4b518a2d30a7c716f20d
Starships,individual,Individuals/Electro,Electro,Star Wars: Lambda Shuttle,Daniel,,inherited,1.0,,https://sketchfab.com/3d-models/none-9d160e16845a4b518a2d30a7c716f20d
Starships,individual,Individuals/Electrum (Venator-class),Electrum,EvoFlex lightsaber Copy,gusswho38,,exact,1.0,,https://sketchfab.com/3d-models/none-617f075c6c4c49f8808c2d134ff48b26
Starships,individual,Individuals/Elegencia,Elegencia,Donachet Battlecruiser,gavinpgamer1,,inherited,1.0,,https://sketchfab.com/3d-models/none-44a6db481777492c8bd027e2b26054c1
Starships,individual,Individuals/Eleusis,Eleusis,Star Wars: Quartermaster-class Supply Carrier,Daniel,,inherited,1.0,,https://sketchfab.com/3d-models/none-6ee2bc9379dd44aab85988d2716bad93
Starships,individual,Individuals/Eliminator,Eliminator,Star Wars: Imperial II Star Destroyer,Daniel,,inherited,1.0,,https://sketchfab.com/3d-models/none-b8bd2d35f7604670ab85242c06c6d280
Starships,individual,Individuals/Eliminator (Acclamator-class),Eliminator,Star Wars: Nebulon B Frigate,Daniel,,inherited,1.0,,https://sketchfab.com/3d-models/none-1986f7b0dee647b3b2374eb80dbd1faf
Starships,individual,Individuals/Elite (EF76 Nebulon-B escort frigate),Elite,Star Wars: TIE/d Defender Elite,Daniel,,exact,1.0,,https://sketchfab.com/3d-models/none-d0d042b12b8c4a2993bfe7bee78c5953
Starships,individual,Individuals/Elk's Cantwell-class Arrestor Cruiser,Elk's Cantwell-class Arrestor Cruiser,Cantwell-class Arrestor Cruiser [Star Wars] ZEO,ZEO CMF,,inherited,1.0,,https://sketchfab.com/3d-models/none-a8fb9ecdf203401794d495b63b17eb5a
Starships,individual,Individuals/Ellichon,Ellichon,Star Wars: Lambda Shuttle,Daniel,,inherited,1.0,,https://sketchfab.com/3d-models/none-9d160e16845a4b518a2d30a7c716f20d
Starships,individual,Individuals/Elrik Vonreg's TIE Interceptor,Elrik Vonreg's TIE Interceptor,X-wing starfighter | T-65C-A2,Alana G,,inherited,1.0,,https://sketchfab.com/3d-models/none-2397144aa2314e8fb03bf131d8f56af4
Starships,individual,Individuals/Emancipator,Emancipator,Star Wars: Imperial II Star Destroyer,Daniel,,inherited,1.0,,https://sketchfab.com/3d-models/none-b8bd2d35f7604670ab85242c06c6d280
Starships,individual,Individuals/Emiax,Emiax,Star Wars: Lambda Shuttle,Daniel,,inherited,1.0,,https://sketchfab.com/3d-models/none-9d160e16845a4b518a2d30a7c716f20d
Starships,individual,Individuals/Eminence (Carrack-class),Eminence,Star Wars: Nebulon B Frigate,Daniel,,inherited,1.0,,https://sketchfab.com/3d-models/none-1986f7b0dee647b3b2374eb80dbd1faf
Starships,individual,Individuals/Eminence (Star Destroyer),Eminence,Star Wars: Imperial II Star Destroyer,Daniel,,inherited,1.0,,https://sketchfab.com/3d-models/none-b8bd2d35f7604670ab85242c06c6d280
Starships,individual,Individuals/Emperor Palpatine's shuttle (Rho-class transport shuttle),Emperor Palpatine's shuttle,Lambda T-A Shuttle,Kasra Homayoni Afshar,,weak,0.697,,https://sketchfab.com/3d-models/none-5b570acb31e04d80adf970bac2c4f661
Starships,individual,Individuals/Emperor's Disciple,Emperor's Disciple,Star Wars: Imperial II Star Destroyer,Daniel,,inherited,1.0,,https://sketchfab.com/3d-models/none-b8bd2d35f7604670ab85242c06c6d280
Starships,individual,Individuals/Emperor's Glory,Emperor's Glory,Harrrower Class Dreadnaught,Kalashnikov 3D,,inherited,1.0,,https://sketchfab.com/3d-models/none-6e230cc7f6b84649bbab92a5f5ee6347
Starships,individual,Individuals/Emperor's Shadow (shuttle),Emperor's Shadow,Star Wars: Lambda Shuttle,Daniel,,inherited,1.0,,https://sketchfab.com/3d-models/none-9d160e16845a4b518a2d30a7c716f20d
Starships,individual,Individuals/Emperor's Will (Star Galleon-class),Emperor's Will,Emperor's Beskad,gauvain_boiche,,weak,0.667,,https://sketchfab.com/3d-models/none-44acad214d724eac8b36674e20216849
Starships,individual,Individuals/Emperor's Will (Victory-class),Emperor's Will,Emperor's Beskad,gauvain_boiche,,weak,0.667,,https://sketchfab.com/3d-models/none-44acad214d724eac8b36674e20216849
Starships,individual,Individuals/Emperor's personal shuttle,Emperor's personal shuttle,Star Wars: Lambda Shuttle,Daniel,,inherited,1.0,,https://sketchfab.com/3d-models/none-9d160e16845a4b518a2d30a7c716f20d
Starships,individual,Individuals/Empire (Imperial II prototype),Empire,Star Wars Crate Empire V2 [Free],Losss,,exact,1.0,,https://sketchfab.com/3d-models/none-c004b40467914c28936fce2629d140cc
Starships,individual,Individuals/Empire Administration Offices,Empire Administration Offices,Star Wars: Imperial II Star Destroyer,Daniel,,inherited,1.0,,https://sketchfab.com/3d-models/none-b8bd2d35f7604670ab85242c06c6d280
Starships,individual,Individuals/Empire Forever,Empire Forever,Star Wars - Onager Star Destroyer,Admiral_Forever,,weak,0.5,,https://sketchfab.com/3d-models/none-ee99f2e2a86a405fa25b79981d0d04e4
Starships,individual,Individuals/Empire Maker,Empire Maker,Star Wars: Imperial II Star Destroyer,Daniel,,inherited,1.0,,https://sketchfab.com/3d-models/none-b8bd2d35f7604670ab85242c06c6d280
Starships,individual,Individuals/Empress' Diadem,Empress' Diadem,"YTS-27 light freighter ""The Kowakian Corsair""",JP_2793,,inherited,1.0,,https://sketchfab.com/3d-models/none-3e187fed67034c488a0a9e41eae36628
Starships,individual,Individuals/Empty Boot,Empty Boot,"YTS-27 light freighter ""The Kowakian Corsair""",JP_2793,,inherited,1.0,,https://sketchfab.com/3d-models/none-3e187fed67034c488a0a9e41eae36628
Starships,individual,Individuals/En'aid,En'aid,Lego Millennium Falcon™ UCS 75192,Migg,,weak,0.5,,https://sketchfab.com/3d-models/none-9196939abf9440b6aa8e752fcd18860a
Starships,individual,Individuals/End of Days,End of Days,Keldabe-class Battleship [Star Wars] ZEO,ZEO CMF,,inherited,1.0,,https://sketchfab.com/3d-models/none-dd4376b8aa9f485ebd4e22a560adaf5d
Starships,individual,Individuals/Endeavor (MC80 Star Cruiser),Endeavor,Invictus Class Star Cruiser,Conner Bentley,,inherited,1.0,,https://sketchfab.com/3d-models/none-8ba24769c02b401d88f50655505c92be
Starships,individual,Individuals/Endor (500-X shuttle),"""Endor""",Star Wars Endor Bunker,aclarke064,,exact,1.0,,https://sketchfab.com/3d-models/none-1c54abb1c6824f26a0a087d2bd7a635a
Starships,individual,Individuals/Endor (Dauntless-class),Endor,Star Wars Endor Bunker,aclarke064,,exact,1.0,,https://sketchfab.com/3d-models/none-1c54abb1c6824f26a0a087d2bd7a635a
Starships,individual,Individuals/Endurance,Endurance,Star Wars: Imperial II Star Destroyer,Daniel,,inherited,1.0,,https://sketchfab.com/3d-models/none-b8bd2d35f7604670ab85242c06c6d280
Starships,individual,Individuals/Endurance (Legends),Endurance,Star Wars: Imperial II Star Destroyer,Daniel,,inherited,1.0,,https://sketchfab.com/3d-models/none-b8bd2d35f7604670ab85242c06c6d280
Starships,individual,Individuals/Enforce,Enforce,Republic All Terrain Tactical Enforcer (AT-TE),David Onizaki,,exact,1.0,,https://sketchfab.com/3d-models/none-c75e7767ca3b40a19cdce5c856a7ac4c
Starships,individual,Individuals/Enforcement (Pursuit-class),Enforcement,Arquitens-Class Light Cruiser,A308 Digital,,inherited,1.0,,https://sketchfab.com/3d-models/none-802fa70fb8cd46f5b741cb6b99f66229
Starships,individual,Individuals/Enforcer,Enforcer,Republic All Terrain Tactical Enforcer (AT-TE),David Onizaki,,exact,1.0,,https://sketchfab.com/3d-models/none-c75e7767ca3b40a19cdce5c856a7ac4c
Starships,individual,Individuals/Enforcer (Executor-class),Enforcer,Republic All Terrain Tactical Enforcer (AT-TE),David Onizaki,,exact,1.0,,https://sketchfab.com/3d-models/none-c75e7767ca3b40a19cdce5c856a7ac4c
Starships,individual,Individuals/Enforcer (Neutron Star-class),Enforcer,Republic All Terrain Tactical Enforcer (AT-TE),David Onizaki,,exact,1.0,,https://sketchfab.com/3d-models/none-c75e7767ca3b40a19cdce5c856a7ac4c
Starships,individual,Individuals/Enforcer One (Acclamator-class),Enforcer One,Star Wars: Nebulon B Frigate,Daniel,,inherited,1.0,,https://sketchfab.com/3d-models/none-1986f7b0dee647b3b2374eb80dbd1faf
Starships,individual,Individuals/Enigma (Dreadnought-class),Enigma,Star-Cruiser-{X}-[EnigmA],-X-ScornGames,,exact,1.0,,https://sketchfab.com/3d-models/none-07ab34d91a58457aaa170506ca33b98d
Starships,individual,Individuals/Enigma (Galactic Empire),Enigma,Star-Cruiser-{X}-[EnigmA],-X-ScornGames,,exact,1.0,,https://sketchfab.com/3d-models/none-07ab34d91a58457aaa170506ca33b98d
Starships,individual,Individuals/Enigma (research vessel),Enigma,Star-Cruiser-{X}-[EnigmA],-X-ScornGames,,exact,1.0,,https://sketchfab.com/3d-models/none-07ab34d91a58457aaa170506ca33b98d
Starships,individual,Individuals/Enigma Catalyst,Enigma Catalyst,"YTS-27 light freighter ""The Kowakian Corsair""",JP_2793,,inherited,1.0,,https://sketchfab.com/3d-models/none-3e187fed67034c488a0a9e41eae36628
Starships,individual,Individuals/Ensaiav,Ensaiav,Star Wars LAAT/i Gunship,smithson17,,inherited,1.0,,https://sketchfab.com/3d-models/none-77e5a30af490488c8019dcb3780ec847
Starships,individual,Individuals/Enshado,Enshado,Arquitens-Class Light Cruiser,A308 Digital,,inherited,1.0,,https://sketchfab.com/3d-models/none-802fa70fb8cd46f5b741cb6b99f66229
Starships,individual,Individuals/Envoy (Republic transport ship),Envoy,Kei Truck Scout Transport,JohnMesplay,,inherited,1.0,,https://sketchfab.com/3d-models/none-0cb4b243a9dd4d1ca1ab30a17f23ac81
Starships,individual,Individuals/Ephant Mon's freighter,Ephant Mon's freighter,"YTS-27 light freighter ""The Kowakian Corsair""",JP_2793,,inherited,1.0,,https://sketchfab.com/3d-models/none-3e187fed67034c488a0a9e41eae36628
Starships,individual,Individuals/Epsilon 5 (Galactic Empire),Epsilon 5,Star Wars: Lambda Shuttle,Daniel,,inherited,1.0,,https://sketchfab.com/3d-models/none-9d160e16845a4b518a2d30a7c716f20d
Starships,individual,Individuals/Epsilon Four,Epsilon Four,Star Wars: Lambda Shuttle,Daniel,,inherited,1.0,,https://sketchfab.com/3d-models/none-9d160e16845a4b518a2d30a7c716f20d
Starships,individual,Individuals/Equity,Equity,Invictus Class Star Cruiser,Conner Bentley,,inherited,1.0,,https://sketchfab.com/3d-models/none-8ba24769c02b401d88f50655505c92be
Starships,individual,Individuals/Era Daimanos,Era Daimanos,Invictus Class Star Cruiser,Conner Bentley,,inherited,1.0,,https://sketchfab.com/3d-models/none-8ba24769c02b401d88f50655505c92be
Starships,individual,Individuals/Eradicator,Eradicator,Star Wars: Imperial II Star Destroyer,Daniel,,inherited,1.0,,https://sketchfab.com/3d-models/none-b8bd2d35f7604670ab85242c06c6d280
Starships,individual,Individuals/Eradicator (Imperial-class),Eradicator,Star Wars: Imperial II Star Destroyer,Daniel,,inherited,1.0,,https://sketchfab.com/3d-models/none-b8bd2d35f7604670ab85242c06c6d280
Starships,individual,Individuals/Eravana,Eravana,Star Wars: BFF-1 Bulk Freighter,Daniel,,inherited,1.0,,https://sketchfab.com/3d-models/none-2131f750afff479588a46321d17ee25f
Starships,individual,Individuals/Erinnic,Erinnic,83359 Star Wars Imperial II-class Star Destroyer,S🅾️Meme star wars,,inherited,1.0,,https://sketchfab.com/3d-models/none-c75cfb15ef124691b3fa33c30e017bbe
Starships,individual,Individuals/Errant Venture (Legends),Errant Venture,Invictus Class Star Cruiser,Conner Bentley,,inherited,1.0,,https://sketchfab.com/3d-models/none-8ba24769c02b401d88f50655505c92be
Starships,individual,Individuals/Escape,Escape,Star Wars Escape Pod,LarsH.,,exact,1.0,,https://sketchfab.com/3d-models/none-744b53ababd640c089b9db03b02c968d
Starships,individual,Individuals/Escape pod 4,Escape pod 4,Star Wars Escape Pod,LarsH.,,inherited,1.0,,https://sketchfab.com/3d-models/none-744b53ababd640c089b9db03b02c968d
Starships,individual,Individuals/Escro 1,Escro 1,Star Wars: Lambda Shuttle,Daniel,,inherited,1.0,,https://sketchfab.com/3d-models/none-9d160e16845a4b518a2d30a7c716f20d
Starships,individual,Individuals/Escro 2,Escro 2,Star Wars: Lambda Shuttle,Daniel,,inherited,1.0,,https://sketchfab.com/3d-models/none-9d160e16845a4b518a2d30a7c716f20d
Starships,individual,Individuals/Escro 3,Escro 3,Star Wars: Lambda Shuttle,Daniel,,inherited,1.0,,https://sketchfab.com/3d-models/none-9d160e16845a4b518a2d30a7c716f20d
Starships,individual,Individuals/Esorp,Esorp,"YTS-27 light freighter ""The Kowakian Corsair""",JP_2793,,inherited,1.0,,https://sketchfab.com/3d-models/none-3e187fed67034c488a0a9e41eae36628
Starships,individual,Individuals/Esseles (starship),Esseles,Kei Truck Scout Transport,JohnMesplay,,inherited,1.0,,https://sketchfab.com/3d-models/none-0cb4b243a9dd4d1ca1ab30a17f23ac81
Starships,individual,Individuals/Eternal Crusader,Eternal Crusader,Star Wars: Nebulon B Frigate,Daniel,,inherited,1.0,,https://sketchfab.com/3d-models/none-1986f7b0dee647b3b2374eb80dbd1faf
Starships,individual,Individuals/Eternal Flagship,Eternal Flagship,Star Destroyer Hallway,A308 Digital,,inherited,1.0,,https://sketchfab.com/3d-models/none-eba38859a8484637a5d61f7e9e769a7d
Starships,individual,Individuals/Etherhawk,Etherhawk,Star Wars: Raider-class Corvette,Daniel,,inherited,1.0,,https://sketchfab.com/3d-models/none-8732794c82044aafb1c74a55b07674e0
Starships,individual,Individuals/Etherway,Etherway,Star Destroyer Hallway,A308 Digital,,inherited,1.0,,https://sketchfab.com/3d-models/none-eba38859a8484637a5d61f7e9e769a7d
Starships,individual,Individuals/Evac 1,Evac 1,"YTS-27 light freighter ""The Kowakian Corsair""",JP_2793,,inherited,1.0,,https://sketchfab.com/3d-models/none-3e187fed67034c488a0a9e41eae36628
Starships,individual,Individuals/Evac One,Evac One,Invictus Class Star Cruiser,Conner Bentley,,inherited,1.0,,https://sketchfab.com/3d-models/none-8ba24769c02b401d88f50655505c92be
Starships,individual,Individuals/Even Piell's cruiser,Even Piell's cruiser,Venator-Class Star Destroyer,A308 Digital,,inherited,1.0,,https://sketchfab.com/3d-models/none-5c2d88be90384395a2b4c23c7203e7d6
Starships,individual,Individuals/Even Piell's cruiser (Legends),Even Piell's cruiser,Venator-Class Star Destroyer,A308 Digital,,inherited,1.0,,https://sketchfab.com/3d-models/none-5c2d88be90384395a2b4c23c7203e7d6
Starships,individual,Individuals/Evening Star,Evening Star,Kei Truck Scout Transport,JohnMesplay,,inherited,1.0,,https://sketchfab.com/3d-models/none-0cb4b243a9dd4d1ca1ab30a17f23ac81
Starships,individual,Individuals/Event Horizon (battlecruiser),Event Horizon,Donachet Battlecruiser,gavinpgamer1,,inherited,1.0,,https://sketchfab.com/3d-models/none-44a6db481777492c8bd027e2b26054c1
Starships,individual,Individuals/Eviscerator,Eviscerator,Star Wars: Imperial II Star Destroyer,Daniel,,inherited,1.0,,https://sketchfab.com/3d-models/none-b8bd2d35f7604670ab85242c06c6d280
Starships,individual,Individuals/Eviscerator (Legends),Eviscerator,Star Wars: Imperial II Star Destroyer,Daniel,,inherited,1.0,,https://sketchfab.com/3d-models/none-b8bd2d35f7604670ab85242c06c6d280
Starships,individual,Individuals/Exactor,Exactor,Star Wars: Imperial II Star Destroyer,Daniel,,inherited,1.0,,https://sketchfab.com/3d-models/none-b8bd2d35f7604670ab85242c06c6d280
Starships,individual,Individuals/Excavator,Excavator,Invictus Class Star Cruiser,Conner Bentley,,inherited,1.0,,https://sketchfab.com/3d-models/none-8ba24769c02b401d88f50655505c92be
Starships,individual,Individuals/Excelsior,Excelsior,U.S.S. Excelsior,Edward Joseph,,exact,1.0,,https://sketchfab.com/3d-models/none-e55ae4071bf840b085ae430cd0149198
Starships,individual,Individuals/Executioner (Harrower-class),Executioner,First Order Executioner Storm Trooper mini,Vader,,exact,1.0,,https://sketchfab.com/3d-models/none-641f0cc6707c4827ba793af0614224b9
Starships,individual,Individuals/Executioner (Tartan-class),Executioner,First Order Executioner Storm Trooper mini,Vader,,exact,1.0,,https://sketchfab.com/3d-models/none-641f0cc6707c4827ba793af0614224b9
Starships,individual,Individuals/Executor,Executor,Star Wars: Executor Class Star Destroyer,Daniel,,exact,1.0,,https://sketchfab.com/3d-models/none-0e4cbb98a2ba43f2a11498061b3f21d8
Starships,individual,Individuals/Executor (Legends),Executor,Star Wars: Executor Class Star Destroyer,Daniel,,exact,1.0,,https://sketchfab.com/3d-models/none-0e4cbb98a2ba43f2a11498061b3f21d8
Starships,individual,Individuals/Executrix,Executrix,Star Wars: Imperial II Star Destroyer,Daniel,,inherited,1.0,,https://sketchfab.com/3d-models/none-b8bd2d35f7604670ab85242c06c6d280
Starships,individual,Individuals/Executrix (Legends),Executrix,Low Poly: Imperial I Class Star Destroyer,David Onizaki,,inherited,1.0,,https://sketchfab.com/3d-models/none-f74ee8ea46214ba88f11d00d8dd29d42
Starships,individual,Individuals/Exemplar (Harrower-class),Exemplar,Harrrower Class Dreadnaught,Kalashnikov 3D,,inherited,1.0,,https://sketchfab.com/3d-models/none-6e230cc7f6b84649bbab92a5f5ee6347
Starships,individual,Individuals/Exigent,Exigent,Qasar-Fire Cruiser-Carrier,Kuat-Entralla 3D Engineering,,inherited,1.0,,https://sketchfab.com/3d-models/none-a506dd65a23d40efa85bcc5adba67285
Starships,individual,Individuals/Exile II,Exile II,Kei Truck Scout Transport,JohnMesplay,,inherited,1.0,,https://sketchfab.com/3d-models/none-0cb4b243a9dd4d1ca1ab30a17f23ac81
Starships,individual,Individuals/Expeditious,Expeditious,Arquitens-Class Light Cruiser,A308 Digital,,inherited,1.0,,https://sketchfab.com/3d-models/none-802fa70fb8cd46f5b741cb6b99f66229
Starships,individual,Individuals/Explorator,Explorator,Star Wars Dreadnaught-Class Heavy Cruiser,flannelandfilm,,inherited,1.0,,https://sketchfab.com/3d-models/none-14e6ad1266104dec96541b17000925f2
Starships,individual,Individuals/Explorer (space boat),Explorer,Arctic Explorer Male Character,ChloeRobynSmith,,exact,1.0,,https://sketchfab.com/3d-models/none-edea9d0701044ba3965dfb8cbdd20141
Starships,individual,Individuals/Extempus,Extempus,Star Wars: Quartermaster-class Supply Carrier,Daniel,,inherited,1.0,,https://sketchfab.com/3d-models/none-6ee2bc9379dd44aab85988d2716bad93
Starships,individual,Individuals/Eye of Palpatine,Eye of Palpatine,Harrrower Class Dreadnaught,Kalashnikov 3D,,inherited,1.0,,https://sketchfab.com/3d-models/none-6e230cc7f6b84649bbab92a5f5ee6347
Starships,individual,Individuals/Eyeshine,Eyeshine,"YTS-27 light freighter ""The Kowakian Corsair""",JP_2793,,inherited,1.0,,https://sketchfab.com/3d-models/none-3e187fed67034c488a0a9e41eae36628
Starships,individual,Individuals/Ezra Bridger's A-wing,Ezra Bridger's A-wing,X-wing starfighter | T-65C-A2,Alana G,,inherited,1.0,,https://sketchfab.com/3d-models/none-2397144aa2314e8fb03bf131d8f56af4
Starships,individual,Individuals/F's ship,F's ship,X-wing starfighter | T-65C-A2,Alana G,,inherited,1.0,,https://sketchfab.com/3d-models/none-2397144aa2314e8fb03bf131d8f56af4
Starships,individual,Individuals/FB-88,FB-88,Star Wars: Nebulon B Frigate,Daniel,,inherited,1.0,,https://sketchfab.com/3d-models/none-1986f7b0dee647b3b2374eb80dbd1faf
Starships,individual,Individuals/Fa-Loh-Sui (corvette),Fa-Loh-Sui,Star Wars: Raider-class Corvette,Daniel,,inherited,1.0,,https://sketchfab.com/3d-models/none-8732794c82044aafb1c74a55b07674e0
Starships,individual,Individuals/Facet (starfighter),Facet,X-wing starfighter | T-65C-A2,Alana G,,inherited,1.0,,https://sketchfab.com/3d-models/none-2397144aa2314e8fb03bf131d8f56af4
Starships,individual,Individuals/Fair Gale,Fair Gale,Star Wars: Lambda Shuttle,Daniel,,inherited,1.0,,https://sketchfab.com/3d-models/none-9d160e16845a4b518a2d30a7c716f20d
Starships,individual,Individuals/Fairfax (Lambda-class),Fairfax,Star Wars: Lambda Shuttle,Daniel,,inherited,1.0,,https://sketchfab.com/3d-models/none-9d160e16845a4b518a2d30a7c716f20d
Starships,individual,Individuals/Fairwind,Fairwind,Star Wars LAAT/i Gunship,smithson17,,inherited,1.0,,https://sketchfab.com/3d-models/none-77e5a30af490488c8019dcb3780ec847
Starships,individual,Individuals/Faithless,Faithless,"YTS-27 light freighter ""The Kowakian Corsair""",JP_2793,,inherited,1.0,,https://sketchfab.com/3d-models/none-3e187fed67034c488a0a9e41eae36628
Starships,individual,Individuals/Falaricae,Falaricae,Arquitens-Class Light Cruiser,A308 Digital,,inherited,1.0,,https://sketchfab.com/3d-models/none-802fa70fb8cd46f5b741cb6b99f66229
Starships,individual,Individuals/Falcariae,Falcariae,Invictus Class Star Cruiser,Conner Bentley,,inherited,1.0,,https://sketchfab.com/3d-models/none-8ba24769c02b401d88f50655505c92be
Starships,individual,Individuals/Falcon (CR90 corvette),Falcon,Millennium Falcon,fredbear1211,,exact,1.0,,https://sketchfab.com/3d-models/none-2c0783d083e44b959c691682b4cb1f16
Starships,individual,Individuals/Falcon (Lambda-class),Falcon,Millennium Falcon,fredbear1211,,exact,1.0,,https://sketchfab.com/3d-models/none-2c0783d083e44b959c691682b4cb1f16
Starships,individual,Individuals/Falfa,Falfa,Invictus Class Star Cruiser,Conner Bentley,,inherited,1.0,,https://sketchfab.com/3d-models/none-8ba24769c02b401d88f50655505c92be
Starships,individual,Individuals/Falfa (Legends),Falfa,Kei Truck Scout Transport,JohnMesplay,,inherited,1.0,,https://sketchfab.com/3d-models/none-0cb4b243a9dd4d1ca1ab30a17f23ac81
Starships,individual,Individuals/Fallon,Fallon,"YTS-27 light freighter ""The Kowakian Corsair""",JP_2793,,inherited,1.0,,https://sketchfab.com/3d-models/none-3e187fed67034c488a0a9e41eae36628
Starships,individual,Individuals/Fallon (shuttle),Fallon,Star Wars: Lambda Shuttle,Daniel,,inherited,1.0,,https://sketchfab.com/3d-models/none-9d160e16845a4b518a2d30a7c716f20d
Starships,individual,Individuals/Fang (EF76 Nebulon-B escort frigate),Fang,Star Wars: Nebulon B Frigate,Daniel,,inherited,1.0,,https://sketchfab.com/3d-models/none-1986f7b0dee647b3b2374eb80dbd1faf
Starships,individual,Individuals/Far Ranger,Far Ranger,"YTS-27 light freighter ""The Kowakian Corsair""",JP_2793,,inherited,1.0,,https://sketchfab.com/3d-models/none-3e187fed67034c488a0a9e41eae36628
Starships,individual,Individuals/Far Thunder,Far Thunder,Invictus Class Star Cruiser,Conner Bentley,,inherited,1.0,,https://sketchfab.com/3d-models/none-8ba24769c02b401d88f50655505c92be
Starships,individual,Individuals/Far Wanderer,Far Wanderer,X-wing starfighter | T-65C-A2,Alana G,,inherited,1.0,,https://sketchfab.com/3d-models/none-2397144aa2314e8fb03bf131d8f56af4
Starships,individual,Individuals/FarStar,FarStar,Star Destroyer Hallway,A308 Digital,,inherited,1.0,,https://sketchfab.com/3d-models/none-eba38859a8484637a5d61f7e9e769a7d
Starships,individual,Individuals/Fariso,Fariso,Kei Truck Scout Transport,JohnMesplay,,inherited,1.0,,https://sketchfab.com/3d-models/none-0cb4b243a9dd4d1ca1ab30a17f23ac81
Starships,individual,Individuals/Farrelly,Farrelly,Star Wars: Raider-class Corvette,Daniel,,inherited,1.0,,https://sketchfab.com/3d-models/none-8732794c82044aafb1c74a55b07674e0
Starships,individual,Individuals/Farstar (cruiser),Farstar,Invictus Class Star Cruiser,Conner Bentley,,inherited,1.0,,https://sketchfab.com/3d-models/none-8ba24769c02b401d88f50655505c92be
Starships,individual,Individuals/Fastblast,Fastblast,Invictus Class Star Cruiser,Conner Bentley,,inherited,1.0,,https://sketchfab.com/3d-models/none-8ba24769c02b401d88f50655505c92be
Starships,individual,Individuals/Fatality,Fatality,STAR WARS DROIDE B2 BY OSCAR CREATIVO,OSCAR CREATIVO,,inherited,1.0,,https://sketchfab.com/3d-models/none-bb52ea58e9f04427b9b9bf4b829e0810
Starships,individual,Individuals/Fel's Imperial transport,Fel's Imperial transport,Kei Truck Scout Transport,JohnMesplay,,inherited,1.0,,https://sketchfab.com/3d-models/none-0cb4b243a9dd4d1ca1ab30a17f23ac81
Starships,individual,Individuals/Fell Defender,Fell Defender,Star Wars: Imperial II Star Destroyer,Daniel,,inherited,1.0,,https://sketchfab.com/3d-models/none-b8bd2d35f7604670ab85242c06c6d280
Starships,individual,Individuals/Fellfire,Fellfire,Star Wars: Imperial II Star Destroyer,Daniel,,inherited,1.0,,https://sketchfab.com/3d-models/none-b8bd2d35f7604670ab85242c06c6d280
Starships,individual,Individuals/Fenn Rau's Fang-class fighter,Fenn Rau's Fang-class fighter,X-wing starfighter | T-65C-A2,Alana G,,inherited,1.0,,https://sketchfab.com/3d-models/none-2397144aa2314e8fb03bf131d8f56af4
Starships,individual,Individuals/Fereallis,Fereallis,Kei Truck Scout Transport,JohnMesplay,,inherited,1.0,,https://sketchfab.com/3d-models/none-0cb4b243a9dd4d1ca1ab30a17f23ac81
Starships,individual,Individuals/Fey'lya's Pride,Fey'lya's Pride,Star Wars: Lambda Shuttle,Daniel,,inherited,1.0,,https://sketchfab.com/3d-models/none-9d160e16845a4b518a2d30a7c716f20d
Starships,individual,Individuals/Fidelity,Fidelity,Arquitens-Class Light Cruiser,A308 Digital,,inherited,1.0,,https://sketchfab.com/3d-models/none-802fa70fb8cd46f5b741cb6b99f66229
Starships,individual,Individuals/Fiery Dawn,Fiery Dawn,"YTS-27 light freighter ""The Kowakian Corsair""",JP_2793,,inherited,1.0,,https://sketchfab.com/3d-models/none-3e187fed67034c488a0a9e41eae36628
Starships,individual,Individuals/Fighter Black,Fighter Black,Resistance X-Wing Starfighter T-70 (Black),El X-Wing Boricua,,exact,1.0,,https://sketchfab.com/3d-models/none-ab47d7e95c464bda988d45e335acaf6a
Starships,individual,Individuals/Fighter Gold,Fighter Gold,Y-wing Starfighter - Star Wars,Quiznos323,,exact,1.0,,https://sketchfab.com/3d-models/none-50f7cebe61044d21801a301162212be2
Starships,individual,Individuals/Fighter Red,Fighter Red,"Colonial Fighter ""Red Fox""",jah3d,,exact,1.0,,https://sketchfab.com/3d-models/none-ce02fd94c2f74a6498da2d7dc6d51178
Starships,individual,Individuals/Finalizer,Finalizer,Star Wars: Imperial II Star Destroyer,Daniel,,inherited,1.0,,https://sketchfab.com/3d-models/none-b8bd2d35f7604670ab85242c06c6d280
Starships,individual,Individuals/Fire's Path,Fire's Path,Star Wars: Nebulon B Frigate,Daniel,,inherited,1.0,,https://sketchfab.com/3d-models/none-1986f7b0dee647b3b2374eb80dbd1faf
Starships,individual,Individuals/Fireater,Fireater,Star Wars LAAT/i Gunship,smithson17,,inherited,1.0,,https://sketchfab.com/3d-models/none-77e5a30af490488c8019dcb3780ec847
Starships,individual,Individuals/Fireball,Fireball,X-wing starfighter | T-65C-A2,Alana G,,inherited,1.0,,https://sketchfab.com/3d-models/none-2397144aa2314e8fb03bf131d8f56af4
Starships,individual,Individuals/Fireborn,Fireborn,Star Wars: Nebulon B Frigate,Daniel,,inherited,1.0,,https://sketchfab.com/3d-models/none-1986f7b0dee647b3b2374eb80dbd1faf
Starships,individual,Individuals/Firedrake,Firedrake,Star Wars: Imperial II Star Destroyer,Daniel,,inherited,1.0,,https://sketchfab.com/3d-models/none-b8bd2d35f7604670ab85242c06c6d280
Starships,individual,Individuals/Firestorm (Imperial-class),Firestorm,Star Wars: Imperial II Star Destroyer,Daniel,,inherited,1.0,,https://sketchfab.com/3d-models/none-b8bd2d35f7604670ab85242c06c6d280
Starships,individual,Individuals/Firith Olan's freighter,Firith Olan's freighter,"YTS-27 light freighter ""The Kowakian Corsair""",JP_2793,,inherited,1.0,,https://sketchfab.com/3d-models/none-3e187fed67034c488a0a9e41eae36628
Starships,individual,Individuals/First Light,First Light,Imperial Lightsaber,Bernardo Ferreira Baptista,,exact,1.0,,https://sketchfab.com/3d-models/none-f09300d5c6364efe93b7754eb3a9398d
Starships,individual,Individuals/First Light (freighter),First Light,Imperial Lightsaber,Bernardo Ferreira Baptista,,exact,1.0,,https://sketchfab.com/3d-models/none-f09300d5c6364efe93b7754eb3a9398d
Starships,individual,Individuals/Fist of the Empire,Fist of the Empire,Star Wars: Imperial II Star Destroyer,Daniel,,inherited,1.0,,https://sketchfab.com/3d-models/none-b8bd2d35f7604670ab85242c06c6d280
Starships,individual,Individuals/Flamsteed,Flamsteed,"YTS-27 light freighter ""The Kowakian Corsair""",JP_2793,,inherited,1.0,,https://sketchfab.com/3d-models/none-3e187fed67034c488a0a9e41eae36628
Starships,individual,Individuals/Flan,Flan,Star Wars: Lambda Shuttle,Daniel,,inherited,1.0,,https://sketchfab.com/3d-models/none-9d160e16845a4b518a2d30a7c716f20d
Starships,individual,Individuals/Flanchard,Flanchard,Low Poly: Imperial I Class Star Destroyer,David Onizaki,,inherited,1.0,,https://sketchfab.com/3d-models/none-f74ee8ea46214ba88f11d00d8dd29d42
Starships,individual,Individuals/Flare (starfighter),Flare,X-wing starfighter | T-65C-A2,Alana G,,inherited,1.0,,https://sketchfab.com/3d-models/none-2397144aa2314e8fb03bf131d8f56af4
Starships,individual,Individuals/Flare (yacht),Flare,Star Wars: Personal Luxury Yacht 3000,Daniel,,inherited,1.0,,https://sketchfab.com/3d-models/none-cb6dee6d3d964b69ba50c95b220e4f9e
Starships,individual,Individuals/Fleen,Fleen,"YTS-27 light freighter ""The Kowakian Corsair""",JP_2793,,inherited,1.0,,https://sketchfab.com/3d-models/none-3e187fed67034c488a0a9e41eae36628
Starships,individual,Individuals/Flensor,Flensor,Arquitens-Class Light Cruiser,A308 Digital,,inherited,1.0,,https://sketchfab.com/3d-models/none-802fa70fb8cd46f5b741cb6b99f66229
Starships,individual,Individuals/Flotsam (starship),Flotsam,Star Wars: Lambda Shuttle,Daniel,,inherited,1.0,,https://sketchfab.com/3d-models/none-9d160e16845a4b518a2d30a7c716f20d
Starships,individual,Individuals/Flying Fish,Flying Fish,"YTS-27 light freighter ""The Kowakian Corsair""",JP_2793,,inherited,1.0,,https://sketchfab.com/3d-models/none-3e187fed67034c488a0a9e41eae36628
Starships,individual,Individuals/Fond Memory,Fond Memory,Star Wars: Lambda Shuttle,Daniel,,inherited,1.0,,https://sketchfab.com/3d-models/none-9d160e16845a4b518a2d30a7c716f20d
Starships,individual,Individuals/Forbidden,Forbidden,Star Wars: Lambda Shuttle,Daniel,,inherited,1.0,,https://sketchfab.com/3d-models/none-9d160e16845a4b518a2d30a7c716f20d
Starships,individual,Individuals/Force of Commerce,Force of Commerce,Invictus Class Star Cruiser,Conner Bentley,,inherited,1.0,,https://sketchfab.com/3d-models/none-8ba24769c02b401d88f50655505c92be
Starships,individual,Individuals/Foremost,Foremost,Star Wars: Imperial II Star Destroyer,Daniel,,inherited,1.0,,https://sketchfab.com/3d-models/none-b8bd2d35f7604670ab85242c06c6d280
Starships,individual,Individuals/Forerunner II,Forerunner II,Arquitens-Class Light Cruiser,A308 Digital,,inherited,1.0,,https://sketchfab.com/3d-models/none-802fa70fb8cd46f5b741cb6b99f66229
Starships,individual,Individuals/Forger,Forger,Star Wars; Imperial-Class Star Destroyer,Heataker,,inherited,1.0,,https://sketchfab.com/3d-models/none-fa18d537db4d4020a443c1802ec0f88e
Starships,individual,Individuals/Formidable,Formidable,Star Wars: Imperial II Star Destroyer,Daniel,,inherited,1.0,,https://sketchfab.com/3d-models/none-b8bd2d35f7604670ab85242c06c6d280
Starships,individual,Individuals/Formidable (Victory-class),Formidable,Victory I-class Star Destroyer (Legends),gavinpgamer1,,inherited,1.0,,https://sketchfab.com/3d-models/none-d51b66b4ff6442349d70334f7137f929
Starships,individual,Individuals/Fortitude,Fortitude,Star Wars Dreadnaught-Class Heavy Cruiser,flannelandfilm,,inherited,1.0,,https://sketchfab.com/3d-models/none-14e6ad1266104dec96541b17000925f2
Starships,individual,Individuals/Fortitude (Valor-class),Fortitude,Star Destroyer Hallway,A308 Digital,,inherited,1.0,,https://sketchfab.com/3d-models/none-eba38859a8484637a5d61f7e9e769a7d
Starships,individual,Individuals/Fortitude (transport),Fortitude,Kei Truck Scout Transport,JohnMesplay,,inherited,1.0,,https://sketchfab.com/3d-models/none-0cb4b243a9dd4d1ca1ab30a17f23ac81
Starships,individual,Individuals/Fortressa,Fortressa,Star Wars: Imperial II Star Destroyer,Daniel,,inherited,1.0,,https://sketchfab.com/3d-models/none-b8bd2d35f7604670ab85242c06c6d280
Starships,individual,Individuals/Fortune,Fortune,"YTS-27 light freighter ""The Kowakian Corsair""",JP_2793,,inherited,1.0,,https://sketchfab.com/3d-models/none-3e187fed67034c488a0a9e41eae36628
Starships,individual,Individuals/Fortune and Glory,Fortune and Glory,Star Wars: Personal Luxury Yacht 3000,Daniel,,inherited,1.0,,https://sketchfab.com/3d-models/none-cb6dee6d3d964b69ba50c95b220e4f9e
Starships,individual,Individuals/Fortune and Glory (Legends),Fortune and Glory,Star Wars: Personal Luxury Yacht 3000,Daniel,,inherited,1.0,,https://sketchfab.com/3d-models/none-cb6dee6d3d964b69ba50c95b220e4f9e
Starships,individual,Individuals/Founder (Valor-class),Founder,Star Destroyer Hallway,A308 Digital,,inherited,1.0,,https://sketchfab.com/3d-models/none-eba38859a8484637a5d61f7e9e769a7d
Starships,individual,Individuals/Foundling (starship),Foundling,"YTS-27 light freighter ""The Kowakian Corsair""",JP_2793,,inherited,1.0,,https://sketchfab.com/3d-models/none-3e187fed67034c488a0a9e41eae36628
Starships,individual,Individuals/Four Oh Vee Niner,Four Oh Vee Niner,X-wing starfighter | T-65C-A2,Alana G,,inherited,1.0,,https://sketchfab.com/3d-models/none-2397144aa2314e8fb03bf131d8f56af4
Starships,individual,Individuals/Foxcatch,Foxcatch,Imperial Shuttle (Lambda-class T-4a) - Star Wars,Quiznos323,,inherited,1.0,,https://sketchfab.com/3d-models/none-8312856f2c794c569ea6978f2c90bc99
Starships,individual,Individuals/Frander's Bay Shuttle,Frander's Bay Shuttle,Star Wars: Lambda Shuttle,Daniel,,inherited,1.0,,https://sketchfab.com/3d-models/none-9d160e16845a4b518a2d30a7c716f20d
Starships,individual,Individuals/Fraxa's ARC-8 starfighter,Fraxa's ARC-8 starfighter,X-wing starfighter | T-65C-A2,Alana G,,inherited,1.0,,https://sketchfab.com/3d-models/none-2397144aa2314e8fb03bf131d8f56af4
Starships,individual,Individuals/Free Enterprise,Free Enterprise,Endymion-class Interceptor / Escort,Vaportrash,,exact,1.0,,https://sketchfab.com/3d-models/none-052c93fd4f06479db11e0b12157c8422
Starships,individual,Individuals/Free Lance,Free Lance,Star Destroyer Hallway,A308 Digital,,inherited,1.0,,https://sketchfab.com/3d-models/none-eba38859a8484637a5d61f7e9e769a7d
Starships,individual,Individuals/Freedom,Freedom,Stormtrooper Imperial Helmet Oscar creativo,OSCAR CREATIVO,,exact,1.0,,https://sketchfab.com/3d-models/none-a0a6465bb3774a0f944120f37955bc36
Starships,individual,Individuals/Freedom Fighter,Freedom Fighter,Kei Truck Scout Transport,JohnMesplay,,inherited,1.0,,https://sketchfab.com/3d-models/none-0cb4b243a9dd4d1ca1ab30a17f23ac81
Starships,individual,Individuals/Freedom I,Freedom I,Star Wars: Lambda Shuttle,Daniel,,inherited,1.0,,https://sketchfab.com/3d-models/none-9d160e16845a4b518a2d30a7c716f20d
Starships,individual,Individuals/Freedom's Dawn,Freedom's Dawn,Invictus Class Star Cruiser,Conner Bentley,,inherited,1.0,,https://sketchfab.com/3d-models/none-8ba24769c02b401d88f50655505c92be
Starships,individual,Individuals/Freedom's Run,Freedom's Run,Invictus Class Star Cruiser,Conner Bentley,,inherited,1.0,,https://sketchfab.com/3d-models/none-8ba24769c02b401d88f50655505c92be
Starships,individual,Individuals/Freedon,Freedon,SWKotOR 2 Freedon Nadd Tomb Fan-Remake V1 Models,Jesus Fernandez Garcia,,exact,1.0,,https://sketchfab.com/3d-models/none-8b33833bf65744b6a323d03634bff048
Starships,individual,Individuals/Freefall,Freefall,X-wing starfighter | T-65C-A2,Alana G,,inherited,1.0,,https://sketchfab.com/3d-models/none-2397144aa2314e8fb03bf131d8f56af4
Starships,individual,Individuals/Freighter 2716,Freighter 2716,"YTS-27 light freighter ""The Kowakian Corsair""",JP_2793,,inherited,1.0,,https://sketchfab.com/3d-models/none-3e187fed67034c488a0a9e41eae36628
Starships,individual,Individuals/Freighter G-55-A,Freighter G-55-A,"YTS-27 light freighter ""The Kowakian Corsair""",JP_2793,,inherited,1.0,,https://sketchfab.com/3d-models/none-3e187fed67034c488a0a9e41eae36628
Starships,individual,Individuals/Freighter One Seventeen,Freighter One Seventeen,"YTS-27 light freighter ""The Kowakian Corsair""",JP_2793,,inherited,1.0,,https://sketchfab.com/3d-models/none-3e187fed67034c488a0a9e41eae36628
Starships,individual,Individuals/Fremond,Fremond,Orange SpaceTug,LDoo,,inherited,1.0,,https://sketchfab.com/3d-models/none-1bbc5f0d36b949589506dd7ff811268d
Starships,individual,Individuals/Fricasseed Nerf,Fricasseed Nerf,"YTS-27 light freighter ""The Kowakian Corsair""",JP_2793,,inherited,1.0,,https://sketchfab.com/3d-models/none-3e187fed67034c488a0a9e41eae36628
Starships,individual,Individuals/Frontier Hawk,Frontier Hawk,"YTS-27 light freighter ""The Kowakian Corsair""",JP_2793,,inherited,1.0,,https://sketchfab.com/3d-models/none-3e187fed67034c488a0a9e41eae36628
Starships,individual,Individuals/Fubarium,Fubarium,Star Wars: Lambda Shuttle,Daniel,,inherited,1.0,,https://sketchfab.com/3d-models/none-9d160e16845a4b518a2d30a7c716f20d
Starships,individual,Individuals/Fulminatrix,Fulminatrix,Fulminatrix (Star Wars),LC_3D,,exact,1.0,,https://sketchfab.com/3d-models/none-6db3a02c19b34b22a39f47b58eabb4e5
Starships,individual,Individuals/Furious (Lancer-class),Furious,Star Wars: Nebulon B Frigate,Daniel,,inherited,1.0,,https://sketchfab.com/3d-models/none-1986f7b0dee647b3b2374eb80dbd1faf
Starships,individual,Individuals/Furious (Victory II-class),Furious,Star Wars: Imperial II Star Destroyer,Daniel,,inherited,1.0,,https://sketchfab.com/3d-models/none-b8bd2d35f7604670ab85242c06c6d280
Starships,individual,Individuals/Fury (EF76 Nebulon-B escort frigate),Fury,Ship Sith Classe Fury,Poungi,,exact,1.0,,https://sketchfab.com/3d-models/none-0c17642ebf724801b31b2b8650e6ccf7
Starships,individual,Individuals/Fury (Imperial-class),Fury,Ship Sith Classe Fury,Poungi,,exact,1.0,,https://sketchfab.com/3d-models/none-0c17642ebf724801b31b2b8650e6ccf7
Starships,individual,Individuals/Fury of Alderaan,Fury of Alderaan,Invictus Class Star Cruiser,Conner Bentley,,inherited,1.0,,https://sketchfab.com/3d-models/none-8ba24769c02b401d88f50655505c92be
Starships,individual,Individuals/Fxz'Et,Fxz'Et,"YTS-27 light freighter ""The Kowakian Corsair""",JP_2793,,inherited,1.0,,https://sketchfab.com/3d-models/none-3e187fed67034c488a0a9e41eae36628
Starships,individual,Individuals/G'Nagnib,G'Nagnib,Star Wars: G-Type Light Shuttle,Daniel,,weak,0.5,,https://sketchfab.com/3d-models/none-72175ef0c3604380a90ee3600ce7cabb
Starships,individual,Individuals/G'Neeznow,G'Neeznow,Star Wars: G-Type Light Shuttle,Daniel,,weak,0.5,,https://sketchfab.com/3d-models/none-72175ef0c3604380a90ee3600ce7cabb
Starships,individual,Individuals/G'mi Moa,G'mi Moa,Star Wars: BFF-1 Bulk Freighter,Daniel,,inherited,1.0,,https://sketchfab.com/3d-models/none-2131f750afff479588a46321d17ee25f
Starships,individual,Individuals/G'nabgib,G'nabgib,Star Wars: G-Type Light Shuttle,Daniel,,weak,0.5,,https://sketchfab.com/3d-models/none-72175ef0c3604380a90ee3600ce7cabb
Starships,individual,Individuals/G-2,G-2,X-wing starfighter | T-65C-A2,Alana G,,inherited,1.0,,https://sketchfab.com/3d-models/none-2397144aa2314e8fb03bf131d8f56af4
Starships,individual,Individuals/GR-75 A,GR-75 A,Star Wars: GR-75 Medium Transport,Daniel,,strong,0.87,,https://sketchfab.com/3d-models/none-071b158d02c044ee9b431aeb28b85b6a
Starships,individual,Individuals/GR-75 B,GR-75 B,Kei Truck Scout Transport,JohnMesplay,,inherited,1.0,,https://sketchfab.com/3d-models/none-0cb4b243a9dd4d1ca1ab30a17f23ac81
Starships,individual,Individuals/GR-75 C,GR-75 C,Kei Truck Scout Transport,JohnMesplay,,inherited,1.0,,https://sketchfab.com/3d-models/none-0cb4b243a9dd4d1ca1ab30a17f23ac81
Starships,individual,Individuals/GS-138,GS-138,Star Wars LAAT/i Gunship,smithson17,,inherited,1.0,,https://sketchfab.com/3d-models/none-77e5a30af490488c8019dcb3780ec847
Starships,individual,Individuals/Gafra,Gafra,"YTS-27 light freighter ""The Kowakian Corsair""",JP_2793,,inherited,1.0,,https://sketchfab.com/3d-models/none-3e187fed67034c488a0a9e41eae36628
Starships,individual,Individuals/Galactic Guardian,Galactic Guardian,Republic Assault Ship,StarWars-Universe,,inherited,1.0,,https://sketchfab.com/3d-models/none-e56b33bb58cc448ab134675e69dbc224
Starships,individual,Individuals/Galactic Princess,Galactic Princess,"YTS-27 light freighter ""The Kowakian Corsair""",JP_2793,,inherited,1.0,,https://sketchfab.com/3d-models/none-3e187fed67034c488a0a9e41eae36628
Starships,individual,Individuals/Galactic Voyager,Galactic Voyager,Star Destroyer Hallway,A308 Digital,,inherited,1.0,,https://sketchfab.com/3d-models/none-eba38859a8484637a5d61f7e9e769a7d
Starships,individual,Individuals/Galaxy Dragon,Galaxy Dragon,Dragon Heavy Version 1,CorelliaStar Shipyards,,weak,0.5,,https://sketchfab.com/3d-models/none-90acf71da03b498cb1916bf24dd9c2f6
Starships,individual,Individuals/Galaxy Wanderer,Galaxy Wanderer,The Wanderer's Lightsaber,DMC_RELAX,,weak,0.5,,https://sketchfab.com/3d-models/none-f5acd77ecccf4d27a5db96f07b5120e9
Starships,individual,Individuals/Gallant,Gallant,Star Wars: Raider-class Corvette,Daniel,,inherited,1.0,,https://sketchfab.com/3d-models/none-8732794c82044aafb1c74a55b07674e0
Starships,individual,Individuals/Gallant (Legends),Gallant,Star Wars: Raider-class Corvette,Daniel,,inherited,1.0,,https://sketchfab.com/3d-models/none-8732794c82044aafb1c74a55b07674e0
Starships,individual,Individuals/Gallant (Victory I-class),Gallant,Star Wars: Imperial II Star Destroyer,Daniel,,inherited,1.0,,https://sketchfab.com/3d-models/none-b8bd2d35f7604670ab85242c06c6d280
Starships,individual,Individuals/Galleon,Galleon,Sails of the Forgotten - galleon,Brian Trepanier,,exact,1.0,,https://sketchfab.com/3d-models/none-0bda3fcf565d45789df9bb9298e60aec
Starships,individual,Individuals/Gamble,Gamble,Star Wars Chance Cube,Sox,,exact,1.0,,https://sketchfab.com/3d-models/none-442f3f9299504eecac410ae5a536db04
Starships,individual,Individuals/Gambol,Gambol,"YTS-27 light freighter ""The Kowakian Corsair""",JP_2793,,inherited,1.0,,https://sketchfab.com/3d-models/none-3e187fed67034c488a0a9e41eae36628
Starships,individual,Individuals/Gamer,Gamer,Star Wars Container Kyber Crystal [Free FBX],Losss,,exact,1.0,,https://sketchfab.com/3d-models/none-c87fcf7d0cca46ca8d4e9977b9e05997
Starships,individual,Individuals/Gamut Key's HWK-290 light freighter,Gamut Key's HWK-290 light freighter,"YTS-27 light freighter ""The Kowakian Corsair""",JP_2793,,inherited,1.0,,https://sketchfab.com/3d-models/none-3e187fed67034c488a0a9e41eae36628
Starships,individual,Individuals/Garel's Honor,Garel Honor,Star Wars: Raider-class Corvette,Daniel,,inherited,1.0,,https://sketchfab.com/3d-models/none-8732794c82044aafb1c74a55b07674e0
Starships,individual,Individuals/Garrett (Star Destroyer),Garrett,Low Poly: Imperial I Class Star Destroyer,David Onizaki,,inherited,1.0,,https://sketchfab.com/3d-models/none-f74ee8ea46214ba88f11d00d8dd29d42
Starships,individual,Individuals/Gatekeeper (Imperial Customs corvette),Gatekeeper,Star Wars: Raider-class Corvette,Daniel,,inherited,1.0,,https://sketchfab.com/3d-models/none-8732794c82044aafb1c74a55b07674e0
Starships,individual,Individuals/Gauntlet (Pre Vizsla) (Legends),Gauntlet,Kei Truck Scout Transport,JohnMesplay,,inherited,1.0,,https://sketchfab.com/3d-models/none-0cb4b243a9dd4d1ca1ab30a17f23ac81
Starships,individual,Individuals/Gav Daragon (Valor-class),Gav Daragon,Star Destroyer Hallway,A308 Digital,,inherited,1.0,,https://sketchfab.com/3d-models/none-eba38859a8484637a5d61f7e9e769a7d
Starships,individual,Individuals/Gavi's shuttle,Gavi's shuttle,Star Wars: Lambda Shuttle,Daniel,,inherited,1.0,,https://sketchfab.com/3d-models/none-9d160e16845a4b518a2d30a7c716f20d
Starships,individual,Individuals/Gavin Darklighter's T-65 X-wing,Gavin Darklighter's T-65 X-wing,X-wing starfighter | T-65C-A2,Alana G,,inherited,1.0,,https://sketchfab.com/3d-models/none-2397144aa2314e8fb03bf131d8f56af4
Starships,individual,Individuals/Gaze Electric,Gaze Electric,Invictus Class Star Cruiser,Conner Bentley,,inherited,1.0,,https://sketchfab.com/3d-models/none-8ba24769c02b401d88f50655505c92be
Starships,individual,Individuals/Gaze's landing shuttle,Gaze landing shuttle,Star Wars: Lambda Shuttle,Daniel,,inherited,1.0,,https://sketchfab.com/3d-models/none-9d160e16845a4b518a2d30a7c716f20d
Starships,individual,Individuals/Geddawai,Geddawai,"YTS-27 light freighter ""The Kowakian Corsair""",JP_2793,,inherited,1.0,,https://sketchfab.com/3d-models/none-3e187fed67034c488a0a9e41eae36628
Starships,individual,Individuals/Geist (cruiser),Geist,Invictus Class Star Cruiser,Conner Bentley,,inherited,1.0,,https://sketchfab.com/3d-models/none-8ba24769c02b401d88f50655505c92be
Starships,individual,Individuals/Genue,Genue,"YTS-27 light freighter ""The Kowakian Corsair""",JP_2793,,inherited,1.0,,https://sketchfab.com/3d-models/none-3e187fed67034c488a0a9e41eae36628
Starships,individual,Individuals/Ghorman's Honor,Ghorman's Honor,Star Wars LAAT/i Gunship,smithson17,,inherited,1.0,,https://sketchfab.com/3d-models/none-77e5a30af490488c8019dcb3780ec847
Starships,individual,Individuals/Ghost,Ghost,Star Wars Rebels: Ghost: VCX-100 (8K Textures),CGI Tutorials,,exact,1.0,,https://sketchfab.com/3d-models/none-8740b94179ba43a7ac6476973ca0c577
Starships,individual,Individuals/Ghost (CR90 corvette),Ghost,Star Wars Rebels: Ghost: VCX-100 (8K Textures),CGI Tutorials,,exact,1.0,,https://sketchfab.com/3d-models/none-8740b94179ba43a7ac6476973ca0c577
Starships,individual,Individuals/Gibbon,Gibbon,Star Wars: Imperial II Star Destroyer,Daniel,,inherited,1.0,,https://sketchfab.com/3d-models/none-b8bd2d35f7604670ab85242c06c6d280
Starships,individual,Individuals/Gideon's Outland TIE fighter,Gideon's Outland TIE fighter,X-wing starfighter | T-65C-A2,Alana G,,inherited,1.0,,https://sketchfab.com/3d-models/none-2397144aa2314e8fb03bf131d8f56af4
Starships,individual,Individuals/Gideon's light cruiser,Gideon's light cruiser,Arquitens-Class Light Cruiser,Kuat-Entralla 3D Engineering,,weak,0.615,,https://sketchfab.com/3d-models/none-6b3a978684df450f8d90afc62beab319
Starships,individual,Individuals/Gilad Pellaeon (starship),Gilad Pellaeon,Star Wars: Imperial II Star Destroyer,Daniel,,inherited,1.0,,https://sketchfab.com/3d-models/none-b8bd2d35f7604670ab85242c06c6d280
Starships,individual,Individuals/Gilagimar,Gilagimar,Star Destroyer Hallway,A308 Digital,,inherited,1.0,,https://sketchfab.com/3d-models/none-eba38859a8484637a5d61f7e9e769a7d
Starships,individual,Individuals/Gilded Aegis,Gilded Aegis,Star Wars: Imperial II Star Destroyer,Daniel,,inherited,1.0,,https://sketchfab.com/3d-models/none-b8bd2d35f7604670ab85242c06c6d280
Starships,individual,Individuals/Gilded Claw,Gilded Claw,Star Wars; Imperial-Class Star Destroyer,Heataker,,inherited,1.0,,https://sketchfab.com/3d-models/none-fa18d537db4d4020a443c1802ec0f88e
Starships,individual,Individuals/Gilded Meteor,Gilded Meteor,TIE bomber,StarWars-Universe,,inherited,1.0,,https://sketchfab.com/3d-models/none-dab029b751bd4cc293b66e3cc013e3a0
Starships,individual,Individuals/Gilded Thranta,Gilded Thranta,Kei Truck Scout Transport,JohnMesplay,,inherited,1.0,,https://sketchfab.com/3d-models/none-0cb4b243a9dd4d1ca1ab30a17f23ac81
Starships,individual,Individuals/Gilder (Lambda-class),Gilder,Star Wars: Lambda Shuttle,Daniel,,inherited,1.0,,https://sketchfab.com/3d-models/none-9d160e16845a4b518a2d30a7c716f20d
Starships,individual,Individuals/Gios,Gios,Stellan Gios Lightsaber (Hilted Lightsaber),FlappyFish07,,exact,1.0,,https://sketchfab.com/3d-models/none-fe8f74ded6ac409690ccb1cd0ee7b4a6
Starships,individual,Individuals/Glaciate,Glaciate,Invictus Class Star Cruiser,Conner Bentley,,inherited,1.0,,https://sketchfab.com/3d-models/none-8ba24769c02b401d88f50655505c92be
Starships,individual,Individuals/Gladius (shuttle),Gladius,Roman Gladius,Matheus Morais Cruz,,exact,1.0,,https://sketchfab.com/3d-models/none-254af7b7a3f542028d75d246e2ef7c17
Starships,individual,Individuals/Glazer,Glazer,Star Wars; CR90 Corvette,Heataker,,inherited,1.0,,https://sketchfab.com/3d-models/none-6356d19e87494ad8b6f55d0f0e9ec8a7
Starships,individual,Individuals/Glorious,Glorious,Weapon Mace 1,Fearless Astro Star,,exact,1.0,,https://sketchfab.com/3d-models/none-06dd6b79467040a6911b919209e28f5b
Starships,individual,Individuals/Glorious Chariot,Glorious Chariot,Star Wars: Personal Luxury Yacht 3000,Daniel,,inherited,1.0,,https://sketchfab.com/3d-models/none-cb6dee6d3d964b69ba50c95b220e4f9e
Starships,individual,Individuals/Glory (Imperial-class),Glory,Star Wars: Imperial II Star Destroyer,Daniel,,inherited,1.0,,https://sketchfab.com/3d-models/none-b8bd2d35f7604670ab85242c06c6d280
Starships,individual,Individuals/Glory (YT-1300 light freighter),Glory,"YTS-27 light freighter ""The Kowakian Corsair""",JP_2793,,inherited,1.0,,https://sketchfab.com/3d-models/none-3e187fed67034c488a0a9e41eae36628
Starships,individual,Individuals/Gnisnal,Gnisnal,Star Wars: Imperial II Star Destroyer,Daniel,,inherited,1.0,,https://sketchfab.com/3d-models/none-b8bd2d35f7604670ab85242c06c6d280
Starships,individual,Individuals/Gobi Glie's starship,Gobi Glie's starship,Kei Truck Scout Transport,JohnMesplay,,inherited,1.0,,https://sketchfab.com/3d-models/none-0cb4b243a9dd4d1ca1ab30a17f23ac81
Starships,individual,Individuals/Godar,Godar,Star Wars: Raider-class Corvette,Daniel,,inherited,1.0,,https://sketchfab.com/3d-models/none-8732794c82044aafb1c74a55b07674e0
Starships,individual,Individuals/Gold 2,Gold 2,Star Wars - Imperial Money 2,gauvain_boiche,,weak,0.5,,https://sketchfab.com/3d-models/none-351f56b91e284b578310cf477f042c5e
Starships,individual,Individuals/Gold One,Gold One,CIS Trade Federation Symbol,IvanovichBerni,,weak,0.5,,https://sketchfab.com/3d-models/none-537e7e943bc54db8a1a07cda72ca403e
Starships,individual,Individuals/Golden Harp,Golden Harp,Star Wars: Personal Luxury Yacht 3000,Daniel,,inherited,1.0,,https://sketchfab.com/3d-models/none-cb6dee6d3d964b69ba50c95b220e4f9e
Starships,individual,Individuals/Golden Opportunity,Golden Opportunity,"YTS-27 light freighter ""The Kowakian Corsair""",JP_2793,,inherited,1.0,,https://sketchfab.com/3d-models/none-3e187fed67034c488a0a9e41eae36628
Starships,individual,Individuals/Golden Yoke,Golden Yoke,X-wing starfighter | T-65C-A2,Alana G,,inherited,1.0,,https://sketchfab.com/3d-models/none-2397144aa2314e8fb03bf131d8f56af4
Starships,individual,Individuals/Goldhawk,Goldhawk,"YTS-27 light freighter ""The Kowakian Corsair""",JP_2793,,inherited,1.0,,https://sketchfab.com/3d-models/none-3e187fed67034c488a0a9e41eae36628
Starships,individual,Individuals/Goliath,Goliath,Star Wars: Quartermaster-class Supply Carrier,Daniel,,inherited,1.0,,https://sketchfab.com/3d-models/none-6ee2bc9379dd44aab85988d2716bad93
Starships,individual,Individuals/Goliath (Imperial II-class),Goliath,83359 Star Wars Imperial II-class Star Destroyer,S🅾️Meme star wars,,inherited,1.0,,https://sketchfab.com/3d-models/none-c75cfb15ef124691b3fa33c30e017bbe
Starships,individual,Individuals/Good Tidings,Good Tidings,"YTS-27 light freighter ""The Kowakian Corsair""",JP_2793,,inherited,1.0,,https://sketchfab.com/3d-models/none-3e187fed67034c488a0a9e41eae36628
Starships,individual,Individuals/Goonta Munt Goonga,Goonta Munt Goonga,X-wing starfighter | T-65C-A2,Alana G,,inherited,1.0,,https://sketchfab.com/3d-models/none-2397144aa2314e8fb03bf131d8f56af4
Starships,individual,Individuals/Gorath,Gorath,Arquitens-Class Light Cruiser,A308 Digital,,inherited,1.0,,https://sketchfab.com/3d-models/none-802fa70fb8cd46f5b741cb6b99f66229
Starships,individual,Individuals/Gorgon,Gorgon,Star Wars: Imperial II Star Destroyer,Daniel,,inherited,1.0,,https://sketchfab.com/3d-models/none-b8bd2d35f7604670ab85242c06c6d280
Starships,individual,Individuals/Gorian Shard's pirate Corsair,Gorian Shard's pirate Corsair,"YTS-27 light freighter ""The Kowakian Corsair""",JP_2793,,inherited,1.0,,https://sketchfab.com/3d-models/none-3e187fed67034c488a0a9e41eae36628
Starships,individual,Individuals/Gotal (CR90 corvette),Gotal,Star Wars; CR90 Corvette,Heataker,,inherited,1.0,,https://sketchfab.com/3d-models/none-6356d19e87494ad8b6f55d0f0e9ec8a7
Starships,individual,Individuals/Gotal 2,Gotal 2,X-Wing Cockpit Version 2,MichaelEGA,,weak,0.5,,https://sketchfab.com/3d-models/none-b60c7e036370469481c7c18ca379fc17
Starships,individual,Individuals/Gozetta's shuttle,Gozetta's shuttle,Star Wars: Lambda Shuttle,Daniel,,inherited,1.0,,https://sketchfab.com/3d-models/none-9d160e16845a4b518a2d30a7c716f20d
Starships,individual,Individuals/Grappler (Trident-class),Grappler,Republic Assault Ship,StarWars-Universe,,inherited,1.0,,https://sketchfab.com/3d-models/none-e56b33bb58cc448ab134675e69dbc224
Starships,individual,Individuals/Gravestone,Gravestone,Ehrengrab Heinrich Haas Trier,netgis,,exact,1.0,,https://sketchfab.com/3d-models/none-72db5450bbca429793e509c784901d63
Starships,individual,Individuals/Grayshrike,Grayshrike,Star Wars Dreadnaught-Class Heavy Cruiser,flannelandfilm,,inherited,1.0,,https://sketchfab.com/3d-models/none-14e6ad1266104dec96541b17000925f2
Starships,individual,Individuals/Grey Damsel,Grey Damsel,Mon Calamari Star Cruiser,Cpt.Kirk,,inherited,1.0,,https://sketchfab.com/3d-models/none-b07e3a12b2af4fee8a9c0034b09244e4
Starships,individual,Individuals/Grey Shadow,Grey Shadow,Star Wars: Nebulon B Frigate,Daniel,,inherited,1.0,,https://sketchfab.com/3d-models/none-1986f7b0dee647b3b2374eb80dbd1faf
Starships,individual,Individuals/Grey Wolf,Grey Wolf,Star Wars: Imperial II Star Destroyer,Daniel,,inherited,1.0,,https://sketchfab.com/3d-models/none-b8bd2d35f7604670ab85242c06c6d280
Starships,individual,Individuals/Grey and Styles' Gozanti-class cruiser,Grey and Styles' Gozanti-class cruiser,Invictus Class Star Cruiser,Conner Bentley,,inherited,1.0,,https://sketchfab.com/3d-models/none-8ba24769c02b401d88f50655505c92be
Starships,individual,Individuals/Grievous' shuttle,Grievous' shuttle,Star Wars: Lambda Shuttle,Daniel,,inherited,1.0,,https://sketchfab.com/3d-models/none-9d160e16845a4b518a2d30a7c716f20d
Starships,individual,Individuals/Grievous's Providence-class Dreadnought (Campaign against the Shadow Collective),Grievous's Providence-class Dreadnought,Harrower Class Dreadnought,Kuat-Entralla 3D Engineering,,inherited,1.0,,https://sketchfab.com/3d-models/none-14cc2060a4d645eb82c23171933b81ab
Starships,individual,Individuals/Grievous's Providence-class carrier-destroyer (Kamino),Grievous's Providence-class carrier/destroyer,Harrower Class Dreadnought,Kuat-Entralla 3D Engineering,,inherited,1.0,,https://sketchfab.com/3d-models/none-14cc2060a4d645eb82c23171933b81ab
Starships,individual,Individuals/Grievous's Providence-class carrier-destroyer (Patitite Pattuna),Grievous's Providence-class carrier/destroyer,Harrower Class Dreadnought,Kuat-Entralla 3D Engineering,,inherited,1.0,,https://sketchfab.com/3d-models/none-14cc2060a4d645eb82c23171933b81ab
Starships,individual,Individuals/Grievous's Separatist frigate,Grievous's Separatist frigate,Munificent Class Star Frigate,SomeGuyUsingBlender,,inherited,1.0,,https://sketchfab.com/3d-models/none-966265e37e61433b919ba640a12a33f5
Starships,individual,Individuals/Grievous's frigate,Grievous's frigate,Star Wars: Nebulon B Frigate,Daniel,,inherited,1.0,,https://sketchfab.com/3d-models/none-1986f7b0dee647b3b2374eb80dbd1faf
Starships,individual,Individuals/Grim Reaper,Grim Reaper,Star Wars LAAT/i Gunship,smithson17,,inherited,1.0,,https://sketchfab.com/3d-models/none-77e5a30af490488c8019dcb3780ec847
Starships,individual,Individuals/Grim Reaper (Legends),Grim Reaper,Star Wars LAAT/i Gunship,smithson17,,inherited,1.0,,https://sketchfab.com/3d-models/none-77e5a30af490488c8019dcb3780ec847
Starships,individual,Individuals/GrimDeath I,GrimDeath I,Victory I-class Star Destroyer (Legends),gavinpgamer1,,inherited,1.0,,https://sketchfab.com/3d-models/none-d51b66b4ff6442349d70334f7137f929
Starships,individual,Individuals/Grinning Liar,Grinning Liar,Kei Truck Scout Transport,JohnMesplay,,inherited,1.0,,https://sketchfab.com/3d-models/none-0cb4b243a9dd4d1ca1ab30a17f23ac81
Starships,individual,Individuals/Griphon,Griphon,Star Wars: Lambda Shuttle,Daniel,,inherited,1.0,,https://sketchfab.com/3d-models/none-9d160e16845a4b518a2d30a7c716f20d
Starships,individual,Individuals/Grotius,Grotius,"YTS-27 light freighter ""The Kowakian Corsair""",JP_2793,,inherited,1.0,,https://sketchfab.com/3d-models/none-3e187fed67034c488a0a9e41eae36628
Starships,individual,Individuals/Gruk's Munificent-class star frigate,Gruk's Munificent-class star frigate,Star Wars: Nebulon B Frigate,Daniel,,inherited,1.0,,https://sketchfab.com/3d-models/none-1986f7b0dee647b3b2374eb80dbd1faf
Starships,individual,Individuals/Guardian (Venator-class),Guardian,Star Wars: Imperial II Star Destroyer,Daniel,,inherited,1.0,,https://sketchfab.com/3d-models/none-b8bd2d35f7604670ab85242c06c6d280
Starships,individual,Individuals/Guardian (Venator-class) (Legends),Guardian,Star Wars: Guardian-class Light Cruiser,Daniel,,exact,1.0,,https://sketchfab.com/3d-models/none-b0b65ae815844d24ad05cf63757d420c
Starships,individual,Individuals/Guarlara (Venator-class),Guarlara,Star Wars: Imperial II Star Destroyer,Daniel,,inherited,1.0,,https://sketchfab.com/3d-models/none-b8bd2d35f7604670ab85242c06c6d280
Starships,individual,Individuals/Guarlara (Venator-class) (Legends),Guarlara,Venator-Class Star Destroyer,A308 Digital,,inherited,1.0,,https://sketchfab.com/3d-models/none-5c2d88be90384395a2b4c23c7203e7d6
Starships,individual,Individuals/Guild,Guild,Mining guild ore crawler Star Wars Rebels,Ahsoka,,exact,1.0,,https://sketchfab.com/3d-models/none-f63db4cfa4f84fe78894bed1dae8225a
Starships,individual,Individuals/Gunship One,Gunship One,Star Wars LAAT/i Gunship,smithson17,,inherited,1.0,,https://sketchfab.com/3d-models/none-77e5a30af490488c8019dcb3780ec847
Starships,individual,Individuals/H-dash-five-one-eight-zero-two,H-dash-five-one-eight-zero-two,"YTS-27 light freighter ""The Kowakian Corsair""",JP_2793,,inherited,1.0,,https://sketchfab.com/3d-models/none-3e187fed67034c488a0a9e41eae36628
Starships,individual,Individuals/Haddrex Gang ship,Haddrex Gang ship,Invictus Class Star Cruiser,Conner Bentley,,inherited,1.0,,https://sketchfab.com/3d-models/none-8ba24769c02b401d88f50655505c92be
Starships,individual,Individuals/Halberd (escort carrier),Halberd,Star Wars: Quartermaster-class Supply Carrier,Daniel,,inherited,1.0,,https://sketchfab.com/3d-models/none-6ee2bc9379dd44aab85988d2716bad93
Starships,individual,Individuals/Halo,Halo,Halo-Infinite-Master-Chief-rigged-walk.,bensimulator2,,exact,1.0,,https://sketchfab.com/3d-models/none-2ab775a1c67141d9a03bb5c92c115b36
Starships,individual,Individuals/Halo (Legends),Halo,Halo-Infinite-Master-Chief-rigged-walk.,bensimulator2,,exact,1.0,,https://sketchfab.com/3d-models/none-2ab775a1c67141d9a03bb5c92c115b36
Starships,individual,Individuals/Hammer (Imperial-class),Hammer,Star Wars Hammer Head Frigate,iedalton,,exact,1.0,,https://sketchfab.com/3d-models/none-1117400b7411407e83801c843c639ec6
Starships,individual,Individuals/Hammer (Kilji picket cruiser),Hammer,Star Wars Hammer Head Frigate,iedalton,,exact,1.0,,https://sketchfab.com/3d-models/none-1117400b7411407e83801c843c639ec6
Starships,individual,Individuals/Hammer (Phi-class),Hammer,Star Wars Hammer Head Frigate,iedalton,,exact,1.0,,https://sketchfab.com/3d-models/none-1117400b7411407e83801c843c639ec6
Starships,individual,Individuals/Hammer (Strike-class),Hammer,Star Wars Hammer Head Frigate,iedalton,,exact,1.0,,https://sketchfab.com/3d-models/none-1117400b7411407e83801c843c639ec6
Starships,individual,Individuals/Hammer (corvette group),Hammer,Star Wars Hammer Head Frigate,iedalton,,exact,1.0,,https://sketchfab.com/3d-models/none-1117400b7411407e83801c843c639ec6
Starships,individual,Individuals/Hampton,Hampton,"YTS-27 light freighter ""The Kowakian Corsair""",JP_2793,,inherited,1.0,,https://sketchfab.com/3d-models/none-3e187fed67034c488a0a9e41eae36628
Starships,individual,Individuals/Hand of Am-Shak,Hand of Am-Shak,Star Wars: Nebulon B Frigate,Daniel,,inherited,1.0,,https://sketchfab.com/3d-models/none-1986f7b0dee647b3b2374eb80dbd1faf
Starships,individual,Individuals/Hand of Justice,Hand of Justice,Arquitens-Class Light Cruiser,A308 Digital,,inherited,1.0,,https://sketchfab.com/3d-models/none-802fa70fb8cd46f5b741cb6b99f66229
Starships,individual,Individuals/Hand of Justice (Legends),Hand of Justice,Arquitens-Class Light Cruiser,A308 Digital,,inherited,1.0,,https://sketchfab.com/3d-models/none-802fa70fb8cd46f5b741cb6b99f66229
Starships,individual,Individuals/Handree,Handree,Star Wars LAAT/i Gunship,smithson17,,inherited,1.0,,https://sketchfab.com/3d-models/none-77e5a30af490488c8019dcb3780ec847
Starships,individual,Individuals/Happy Dagger,Happy Dagger,Star Wars: Personal Luxury Yacht 3000,Daniel,,inherited,1.0,,https://sketchfab.com/3d-models/none-cb6dee6d3d964b69ba50c95b220e4f9e
Starships,individual,Individuals/Harbinger (First Order),Harbinger,Star Wars: Imperial II Star Destroyer,Daniel,,inherited,1.0,,https://sketchfab.com/3d-models/none-b8bd2d35f7604670ab85242c06c6d280
Starships,individual,Individuals/Harbinger (Imperial I-class),Harbinger,Star Wars: Imperial II Star Destroyer,Daniel,,inherited,1.0,,https://sketchfab.com/3d-models/none-b8bd2d35f7604670ab85242c06c6d280
Starships,individual,Individuals/Harbinger (Imperial II-class),Harbinger,Star Wars: Imperial II Star Destroyer,Daniel,,inherited,1.0,,https://sketchfab.com/3d-models/none-b8bd2d35f7604670ab85242c06c6d280
Starships,individual,Individuals/Harbinger (Mon Calamari Star Cruiser),Harbinger,Mon Calamari Star Cruiser,Cpt.Kirk,,inherited,1.0,,https://sketchfab.com/3d-models/none-b07e3a12b2af4fee8a9c0034b09244e4
Starships,individual,Individuals/Harbinger (Resurgent-class),Harbinger,Star Wars: Imperial II Star Destroyer,Daniel,,inherited,1.0,,https://sketchfab.com/3d-models/none-b8bd2d35f7604670ab85242c06c6d280
Starships,individual,Individuals/Harbinger (Sith dreadnaught),Harbinger,Harrower Class Dreadnought,Kuat-Entralla 3D Engineering,,inherited,0.5,,https://sketchfab.com/3d-models/none-14cc2060a4d645eb82c23171933b81ab
Starships,individual,Individuals/Harbinger (Tector-class),Harbinger,Star Wars: Imperial II Star Destroyer,Daniel,,inherited,1.0,,https://sketchfab.com/3d-models/none-b8bd2d35f7604670ab85242c06c6d280
Starships,individual,Individuals/Harbinger (Third Fleet),Harbinger,Star Wars: Imperial II Star Destroyer,Daniel,,inherited,1.0,,https://sketchfab.com/3d-models/none-b8bd2d35f7604670ab85242c06c6d280
Starships,individual,Individuals/Harbinger (assault ship),Harbinger,Republic Assault Ship,StarWars-Universe,,inherited,1.0,,https://sketchfab.com/3d-models/none-e56b33bb58cc448ab134675e69dbc224
Starships,individual,Individuals/Hard Liner,Hard Liner,Star Wars: Lambda Shuttle,Daniel,,inherited,1.0,,https://sketchfab.com/3d-models/none-9d160e16845a4b518a2d30a7c716f20d
Starships,individual,Individuals/Harilin,Harilin,Star Wars: Nebulon B Frigate,Daniel,,inherited,1.0,,https://sketchfab.com/3d-models/none-1986f7b0dee647b3b2374eb80dbd1faf
Starships,individual,Individuals/Harken (LAAT-I),Harken,Star Wars LAAT/i Gunship,smithson17,,inherited,1.0,,https://sketchfab.com/3d-models/none-77e5a30af490488c8019dcb3780ec847
Starships,individual,Individuals/Harmonic,Harmonic,Invictus Class Star Cruiser,Conner Bentley,,inherited,1.0,,https://sketchfab.com/3d-models/none-8ba24769c02b401d88f50655505c92be
Starships,individual,Individuals/Harmony,Harmony,Star Wars: Lambda Shuttle,Daniel,,inherited,1.0,,https://sketchfab.com/3d-models/none-9d160e16845a4b518a2d30a7c716f20d
Starships,individual,Individuals/Harmzuay,Harmzuay,Star Wars: Nebulon B Frigate,Daniel,,inherited,1.0,,https://sketchfab.com/3d-models/none-1986f7b0dee647b3b2374eb80dbd1faf
Starships,individual,Individuals/Harpy,Harpy,Star Wars: Nebulon B Frigate,Daniel,,inherited,1.0,,https://sketchfab.com/3d-models/none-1986f7b0dee647b3b2374eb80dbd1faf
Starships,individual,Individuals/Harramin,Harramin,Star Destroyer Hallway,A308 Digital,,inherited,1.0,,https://sketchfab.com/3d-models/none-eba38859a8484637a5d61f7e9e769a7d
Starships,individual,Individuals/Harridan (starship),Harridan,Star Wars: Imperial II Star Destroyer,Daniel,,inherited,1.0,,https://sketchfab.com/3d-models/none-b8bd2d35f7604670ab85242c06c6d280
Starships,individual,Individuals/Harrow,Harrow,Harrower Class Dreadnought,Kuat-Entralla 3D Engineering,,exact,1.0,,https://sketchfab.com/3d-models/none-14cc2060a4d645eb82c23171933b81ab
Starships,individual,Individuals/Harrow (Legends),Harrow,Harrower Class Dreadnought,Kuat-Entralla 3D Engineering,,exact,1.0,,https://sketchfab.com/3d-models/none-14cc2060a4d645eb82c23171933b81ab
Starships,individual,Individuals/Harrower,Harrower,Harrower Class Dreadnought,Kuat-Entralla 3D Engineering,,exact,1.0,,https://sketchfab.com/3d-models/none-14cc2060a4d645eb82c23171933b81ab
Starships,individual,Individuals/Harthan's shuttle,Harthan's shuttle,Star Wars: Lambda Shuttle,Daniel,,inherited,1.0,,https://sketchfab.com/3d-models/none-9d160e16845a4b518a2d30a7c716f20d
Starships,individual,Individuals/Harvest Moon,Harvest Moon,"YTS-27 light freighter ""The Kowakian Corsair""",JP_2793,,inherited,1.0,,https://sketchfab.com/3d-models/none-3e187fed67034c488a0a9e41eae36628
Starships,individual,Individuals/Harvester (XS-800),Harvester,"YTS-27 light freighter ""The Kowakian Corsair""",JP_2793,,inherited,1.0,,https://sketchfab.com/3d-models/none-3e187fed67034c488a0a9e41eae36628
Starships,individual,Individuals/Hasty Harpy,Hasty Harpy,Kei Truck Scout Transport,JohnMesplay,,inherited,1.0,,https://sketchfab.com/3d-models/none-0cb4b243a9dd4d1ca1ab30a17f23ac81
Starships,individual,Individuals/Hatch (freighter),Hatch,Hatch Obi-wan Kenobi,nitwit.friends,,exact,1.0,,https://sketchfab.com/3d-models/none-1237ea8037614b30805054090a0179a3
Starships,individual,Individuals/Haven (Assault Frigate),Haven,Assault_Frigate_Model,flannelandfilm,,inherited,1.0,,https://sketchfab.com/3d-models/none-3602f36759714da29d3a21d760aeaabc
Starships,individual,Individuals/Havoc (Imperial-class),Havoc,Star Wars: Imperial II Star Destroyer,Daniel,,inherited,1.0,,https://sketchfab.com/3d-models/none-b8bd2d35f7604670ab85242c06c6d280
Starships,individual,Individuals/Hawkbat (starship),Hawkbat,Hawkbat,kcrjrarts,,exact,1.0,,https://sketchfab.com/3d-models/none-d783b59ef06e40c89e514f4447e2ec94
Starships,individual,Individuals/Hearst,Hearst,"YTS-27 light freighter ""The Kowakian Corsair""",JP_2793,,inherited,1.0,,https://sketchfab.com/3d-models/none-3e187fed67034c488a0a9e41eae36628
Starships,individual,Individuals/Heart of Artorias,Heart of Artorias,Kei Truck Scout Transport,JohnMesplay,,inherited,1.0,,https://sketchfab.com/3d-models/none-0cb4b243a9dd4d1ca1ab30a17f23ac81
Starships,individual,Individuals/Hellion's Dare,Hellion's Dare,Star Wars: Nebulon B Frigate,Daniel,,inherited,1.0,,https://sketchfab.com/3d-models/none-1986f7b0dee647b3b2374eb80dbd1faf
Starships,individual,Individuals/Helmsman (battlecruiser),Helmsman,Star Wars - Executor Super Star Destroyer,Admiral_Forever,,inherited,1.0,,https://sketchfab.com/3d-models/none-df018bc2cecc4a5182fde06ddc9b1496
Starships,individual,Individuals/Helping Hand,Helping Hand,"YTS-27 light freighter ""The Kowakian Corsair""",JP_2793,,inherited,1.0,,https://sketchfab.com/3d-models/none-3e187fed67034c488a0a9e41eae36628
Starships,individual,Individuals/Hera's A-wing,Hera's A-wing,X-wing starfighter | T-65C-A2,Alana G,,inherited,1.0,,https://sketchfab.com/3d-models/none-2397144aa2314e8fb03bf131d8f56af4
Starships,individual,Individuals/Herald,Herald,Star Wars: Herald-class Shuttle,Daniel,,exact,1.0,,https://sketchfab.com/3d-models/none-2610a36db3864192958e03438c4f145f
Starships,individual,Individuals/Heroc's Slayer,Heroc's Slayer,"YTS-27 light freighter ""The Kowakian Corsair""",JP_2793,,inherited,1.0,,https://sketchfab.com/3d-models/none-3e187fed67034c488a0a9e41eae36628
Starships,individual,Individuals/Hevurion Grace,Hevurion Grace,Star Wars: Personal Luxury Yacht 3000,Daniel,,inherited,1.0,,https://sketchfab.com/3d-models/none-cb6dee6d3d964b69ba50c95b220e4f9e
Starships,individual,Individuals/Hex (Kom'rk-class),Hex,Kei Truck Scout Transport,JohnMesplay,,inherited,1.0,,https://sketchfab.com/3d-models/none-0cb4b243a9dd4d1ca1ab30a17f23ac81
Starships,individual,Individuals/Hidden Chain flagship,Hidden Chain flagship,Kei Truck Scout Transport,JohnMesplay,,inherited,1.0,,https://sketchfab.com/3d-models/none-0cb4b243a9dd4d1ca1ab30a17f23ac81
Starships,individual,Individuals/Highroller,Highroller,Star Wars: Personal Luxury Yacht 3000,Daniel,,inherited,1.0,,https://sketchfab.com/3d-models/none-cb6dee6d3d964b69ba50c95b220e4f9e
Starships,individual,Individuals/Hilo (BFF-1 bulk freighter),Hilo,"YTS-27 light freighter ""The Kowakian Corsair""",JP_2793,,inherited,1.0,,https://sketchfab.com/3d-models/none-3e187fed67034c488a0a9e41eae36628
Starships,individual,Individuals/Hininbirg,Hininbirg,Star Wars: Quartermaster-class Supply Carrier,Daniel,,inherited,1.0,,https://sketchfab.com/3d-models/none-6ee2bc9379dd44aab85988d2716bad93
Starships,individual,Individuals/Hityamun Kris's personal yacht,Hityamun Kris's personal yacht,Star Wars: Personal Luxury Yacht 3000,Daniel,,inherited,1.0,,https://sketchfab.com/3d-models/none-cb6dee6d3d964b69ba50c95b220e4f9e
Starships,individual,Individuals/Hoggon's starship,Hoggon's starship,Kei Truck Scout Transport,JohnMesplay,,inherited,1.0,,https://sketchfab.com/3d-models/none-0cb4b243a9dd4d1ca1ab30a17f23ac81
Starships,individual,Individuals/Home,Home,Star Wars: Home One Briefing Room,Daniel,,exact,1.0,,https://sketchfab.com/3d-models/none-4bf57f80b26843adbdf4bfa9080232e1
Starships,individual,Individuals/Home One,Home One,Invictus Class Star Cruiser,Conner Bentley,,inherited,1.0,,https://sketchfab.com/3d-models/none-8ba24769c02b401d88f50655505c92be
Starships,individual,Individuals/Home One (Legends),Home One,Star Wars: Home One Briefing Room,Daniel,,exact,1.0,,https://sketchfab.com/3d-models/none-4bf57f80b26843adbdf4bfa9080232e1
Starships,individual,Individuals/Hooded Cloak,Hooded Cloak,Kei Truck Scout Transport,JohnMesplay,,inherited,1.0,,https://sketchfab.com/3d-models/none-0cb4b243a9dd4d1ca1ab30a17f23ac81
Starships,individual,Individuals/Hope (MC80 Star Cruiser),Hope,Star Wars New Hope Opening Crawl (Animation),Yanez Designs,,exact,1.0,,https://sketchfab.com/3d-models/none-568e53fd112845909f8edb5b489c4317
Starships,individual,Individuals/Hope (scoutship),Hope,Star Wars New Hope Opening Crawl (Animation),Yanez Designs,,exact,1.0,,https://sketchfab.com/3d-models/none-568e53fd112845909f8edb5b489c4317
Starships,individual,Individuals/Hope of Aldera,Hope of Aldera,Kei Truck Scout Transport,JohnMesplay,,inherited,1.0,,https://sketchfab.com/3d-models/none-0cb4b243a9dd4d1ca1ab30a17f23ac81
Starships,individual,Individuals/Hoplite,Hoplite,Star Wars: Imperial II Star Destroyer,Daniel,,inherited,1.0,,https://sketchfab.com/3d-models/none-b8bd2d35f7604670ab85242c06c6d280
Starships,individual,Individuals/Hopskip,Hopskip,"YTS-27 light freighter ""The Kowakian Corsair""",JP_2793,,inherited,1.0,,https://sketchfab.com/3d-models/none-3e187fed67034c488a0a9e41eae36628
Starships,individual,Individuals/Hornclaw,Hornclaw,"YTS-27 light freighter ""The Kowakian Corsair""",JP_2793,,inherited,1.0,,https://sketchfab.com/3d-models/none-3e187fed67034c488a0a9e41eae36628
Starships,individual,Individuals/Hornet (CR90 corvette),Hornet,Hornet (BLoSC PS1),LombaxLover2K,,exact,1.0,,https://sketchfab.com/3d-models/none-62c4b93ff4544d849b833310423d4656
Starships,individual,Individuals/Hot Prospect,Hot Prospect,Mining Guild Tanker,CorelliaStar Shipyards,,inherited,1.0,,https://sketchfab.com/3d-models/none-2b5a91635ce84fce9212cff1061b3983
Starships,individual,Individuals/Hot Streak,Hot Streak,X-wing starfighter | T-65C-A2,Alana G,,inherited,1.0,,https://sketchfab.com/3d-models/none-2397144aa2314e8fb03bf131d8f56af4
Starships,individual,Individuals/Hound (Star Destroyer),Hound,Star Wars: Imperial II Star Destroyer,Daniel,,inherited,1.0,,https://sketchfab.com/3d-models/none-b8bd2d35f7604670ab85242c06c6d280
Starships,individual,Individuals/Hound's Tooth,Hound's Tooth,"YTS-27 light freighter ""The Kowakian Corsair""",JP_2793,,inherited,1.0,,https://sketchfab.com/3d-models/none-3e187fed67034c488a0a9e41eae36628
Starships,individual,Individuals/Hugo (freighter),Hugo,Aerospace Engineering Career 3D Models,MLAB,,exact,1.0,,https://sketchfab.com/3d-models/none-14abe81cefd64392a217aa727e09109e
Starships,individual,Individuals/Hunter (Lambda-class),Hunter,Star Wars: TIE/HU Hunter,Daniel,,exact,1.0,,https://sketchfab.com/3d-models/none-9912b522c566442290b7ac71a788aead
Starships,individual,Individuals/Hunter (Victory I-class),Hunter,Star Wars: TIE/HU Hunter,Daniel,,exact,1.0,,https://sketchfab.com/3d-models/none-9912b522c566442290b7ac71a788aead
Starships,individual,Individuals/Hunter (cruiser),Hunter,Star Wars: TIE/HU Hunter,Daniel,,exact,1.0,,https://sketchfab.com/3d-models/none-9912b522c566442290b7ac71a788aead
Starships,individual,Individuals/Hunting Hound,Hunting Hound,Star Wars Dreadnaught-Class Heavy Cruiser,flannelandfilm,,inherited,1.0,,https://sketchfab.com/3d-models/none-14e6ad1266104dec96541b17000925f2
Starships,individual,Individuals/Hurricane (Strike-class),Hurricane,ACA Hurricane MKI Redone,Mercuri-sodyum,,exact,1.0,,https://sketchfab.com/3d-models/none-bfefa2acc5a74345ada15cd1306f0ac5
Starships,individual,Individuals/Hut (freighter),Hut,YODA HUT Star Wars for 3D Printing no supports,wayneartist,,exact,1.0,,https://sketchfab.com/3d-models/none-564037a3023948b68c32edbf2baf20a3
Starships,individual,Individuals/Hut'to,Hut'to,YODA HUT Star Wars for 3D Printing no supports,wayneartist,,weak,0.5,,https://sketchfab.com/3d-models/none-564037a3023948b68c32edbf2baf20a3
Starships,individual,Individuals/Hydra (Imperial I-class),Hydra,Star Wars: Imperial II Star Destroyer,Daniel,,inherited,1.0,,https://sketchfab.com/3d-models/none-b8bd2d35f7604670ab85242c06c6d280
Starships,individual,Individuals/Hydroid Traveler,Hydroid Traveler,"YTS-27 light freighter ""The Kowakian Corsair""",JP_2793,,inherited,1.0,,https://sketchfab.com/3d-models/none-3e187fed67034c488a0a9e41eae36628
Starships,individual,Individuals/Hym Jemuro's capital ship,Hym Jemuro's capital ship,Star Destroyer Hallway,A308 Digital,,inherited,1.0,,https://sketchfab.com/3d-models/none-eba38859a8484637a5d61f7e9e769a7d
Starships,individual,Individuals/Hyperspace Marauder,Hyperspace Marauder,"YTS-27 light freighter ""The Kowakian Corsair""",JP_2793,,inherited,1.0,,https://sketchfab.com/3d-models/none-3e187fed67034c488a0a9e41eae36628
Starships,individual,Individuals/I Come In Peace,I Come In Peace,Star Wars LAAT/i Gunship,smithson17,,inherited,1.0,,https://sketchfab.com/3d-models/none-77e5a30af490488c8019dcb3780ec847
Starships,individual,Individuals/I Come In Peace (Legends),I Come In Peace,Star Wars LAAT/i Gunship,smithson17,,inherited,1.0,,https://sketchfab.com/3d-models/none-77e5a30af490488c8019dcb3780ec847
Starships,individual,Individuals/I'nah's cruiser,I'nah's cruiser,Invictus Class Star Cruiser,Conner Bentley,,inherited,1.0,,https://sketchfab.com/3d-models/none-8ba24769c02b401d88f50655505c92be
Starships,individual,Individuals/ID-83,ID-83,Star Wars: TIE Landing Craft,Daniel,,inherited,1.0,,https://sketchfab.com/3d-models/none-fb50f433e9004907b782d272b488aada
Starships,individual,Individuals/IG-2000,IG-2000,IG-2000,CorelliaStar Shipyards,,exact,1.0,,https://sketchfab.com/3d-models/none-527958c20fdb4d4d9f3e858db62e6139
Starships,individual,Individuals/IG-2000 (Legends),IG-2000,IG-2000,CorelliaStar Shipyards,,exact,1.0,,https://sketchfab.com/3d-models/none-527958c20fdb4d4d9f3e858db62e6139
Starships,individual,Individuals/Idel's Star Destroyer,Idel's Star Destroyer,Star Wars: Imperial II Star Destroyer,Daniel,,inherited,1.0,,https://sketchfab.com/3d-models/none-b8bd2d35f7604670ab85242c06c6d280
Starships,individual,Individuals/Iden Versio's T-65B X-wing starfighter,Iden Versio's T-65B X-wing starfighter,X-wing starfighter | T-65C-A2,Alana G,,inherited,1.0,,https://sketchfab.com/3d-models/none-2397144aa2314e8fb03bf131d8f56af4
Starships,individual,Individuals/Iden Versio's TIE-ln space superiority starfighter,Iden Versio's TIE/ln space superiority starfighter,X-wing starfighter | T-65C-A2,Alana G,,inherited,1.0,,https://sketchfab.com/3d-models/none-2397144aa2314e8fb03bf131d8f56af4
Starships,individual,Individuals/Idyll,Idyll,Invictus Class Star Cruiser,Conner Bentley,,inherited,1.0,,https://sketchfab.com/3d-models/none-8ba24769c02b401d88f50655505c92be
Starships,individual,Individuals/Igaka,Igaka,"YTS-27 light freighter ""The Kowakian Corsair""",JP_2793,,inherited,1.0,,https://sketchfab.com/3d-models/none-3e187fed67034c488a0a9e41eae36628
Starships,individual,Individuals/Ignat,Ignat,Star Wars: Raider-class Corvette,Daniel,,inherited,1.0,,https://sketchfab.com/3d-models/none-8732794c82044aafb1c74a55b07674e0
Starships,individual,Individuals/Ill Wind,Ill Wind,83359 Star Wars Imperial II-class Star Destroyer,S🅾️Meme star wars,,inherited,1.0,,https://sketchfab.com/3d-models/none-c75cfb15ef124691b3fa33c30e017bbe
Starships,individual,Individuals/Ilthmar's Fist,Ilthmar's Fist,Donachet Battlecruiser,gavinpgamer1,,inherited,1.0,,https://sketchfab.com/3d-models/none-44a6db481777492c8bd027e2b26054c1
Starships,individual,Individuals/Imac,Imac,"YTS-27 light freighter ""The Kowakian Corsair""",JP_2793,,inherited,1.0,,https://sketchfab.com/3d-models/none-3e187fed67034c488a0a9e41eae36628
Starships,individual,Individuals/Immobilizer,Immobilizer,Star Wars: Immobilizer 418,Daniel,,exact,1.0,,https://sketchfab.com/3d-models/none-bac66b2e6edd4bc0aee8e8ceb3cefda8
Starships,individual,Individuals/Immortal (Legends),Immortal,Vader-immortal-lightsaber,The Serial Scientist,,exact,1.0,,https://sketchfab.com/3d-models/none-794841e8c0a1442c9f079c566cb9b41a
Starships,individual,Individuals/Impavid,Impavid,Star Wars: Imperial II Star Destroyer,Daniel,,inherited,1.0,,https://sketchfab.com/3d-models/none-b8bd2d35f7604670ab85242c06c6d280
Starships,individual,Individuals/Impavid (Legends),Impavid,Star Wars: Imperial II Star Destroyer,Daniel,,inherited,1.0,,https://sketchfab.com/3d-models/none-b8bd2d35f7604670ab85242c06c6d280
Starships,individual,Individuals/Impending Doom,Impending Doom,Star Wars; Imperial-Class Star Destroyer,Heataker,,inherited,1.0,,https://sketchfab.com/3d-models/none-fa18d537db4d4020a443c1802ec0f88e
Starships,individual,Individuals/Impenetrable,Impenetrable,Star Wars: Imperial II Star Destroyer,Daniel,,inherited,1.0,,https://sketchfab.com/3d-models/none-b8bd2d35f7604670ab85242c06c6d280
Starships,individual,Individuals/Imperator (Immobilizer 418 cruiser),Imperator,Star Destroyer Hallway,A308 Digital,,exact,1.0,,https://sketchfab.com/3d-models/none-eba38859a8484637a5d61f7e9e769a7d
Starships,individual,Individuals/Imperator (Imperial-class),Imperator,Star Destroyer Hallway,A308 Digital,,exact,1.0,,https://sketchfab.com/3d-models/none-eba38859a8484637a5d61f7e9e769a7d
Starships,individual,Individuals/Imperator (Victory-class),Imperator,Star Destroyer Hallway,A308 Digital,,exact,1.0,,https://sketchfab.com/3d-models/none-eba38859a8484637a5d61f7e9e769a7d
Starships,individual,Individuals/Imperial Cargo Transport 241,Imperial Cargo Transport 241,"YTS-27 light freighter ""The Kowakian Corsair""",JP_2793,,inherited,1.0,,https://sketchfab.com/3d-models/none-3e187fed67034c488a0a9e41eae36628
Starships,individual,Individuals/Imperial Cruiser 07200823,Imperial Cruiser 07200823,Qasar-Fire Cruiser-Carrier,Kuat-Entralla 3D Engineering,,inherited,1.0,,https://sketchfab.com/3d-models/none-a506dd65a23d40efa85bcc5adba67285
Starships,individual,Individuals/Imperial Destiny,Imperial Destiny,Invictus Class Star Cruiser,Conner Bentley,,inherited,1.0,,https://sketchfab.com/3d-models/none-8ba24769c02b401d88f50655505c92be
Starships,individual,Individuals/Imperial Hazard,Imperial Hazard,Star Wars: Imperial II Star Destroyer,Daniel,,inherited,1.0,,https://sketchfab.com/3d-models/none-b8bd2d35f7604670ab85242c06c6d280
Starships,individual,Individuals/Imperial Protector,Imperial Protector,Ton-Falk class Escort Carrier,gavinpgamer1,,inherited,1.0,,https://sketchfab.com/3d-models/none-eb9ca03715024a7c8c1778591c749fee
Starships,individual,Individuals/Imperial Shuttle 9604,Imperial Shuttle 9604,Imperial Shuttle (Lambda-class T-4a) - Star Wars,Quiznos323,,inherited,1.0,,https://sketchfab.com/3d-models/none-8312856f2c794c569ea6978f2c90bc99
Starships,individual,Individuals/Imperial starship,Imperial starship,Imperial Arquitens-class Command Cruiser,gavinpgamer1,,exact,1.0,,https://sketchfab.com/3d-models/none-c05a0aa234404ae884c4469b099b67ea
Starships,individual,Individuals/Imperialis,Imperialis,Star Wars: Raider-class Corvette,Daniel,,inherited,1.0,,https://sketchfab.com/3d-models/none-8732794c82044aafb1c74a55b07674e0
Starships,individual,Individuals/Imperialis (Jakku),Imperialis,Star Wars: Personal Luxury Yacht 3000,Daniel,,inherited,1.0,,https://sketchfab.com/3d-models/none-cb6dee6d3d964b69ba50c95b220e4f9e
Starships,individual,Individuals/Imperium One,Imperium One,Invictus Class Star Cruiser,Conner Bentley,,inherited,1.0,,https://sketchfab.com/3d-models/none-8ba24769c02b401d88f50655505c92be
Starships,individual,Individuals/Impervious,Impervious,Star Wars: Imperial II Star Destroyer,Daniel,,inherited,1.0,,https://sketchfab.com/3d-models/none-b8bd2d35f7604670ab85242c06c6d280
Starships,individual,Individuals/Impetuous,Impetuous,Star Wars: Raider-class Corvette,Daniel,,inherited,1.0,,https://sketchfab.com/3d-models/none-8732794c82044aafb1c74a55b07674e0
Starships,individual,Individuals/Implacable (Acclamator-class),Implacable,Republic Assault Ship,StarWars-Universe,,inherited,1.0,,https://sketchfab.com/3d-models/none-e56b33bb58cc448ab134675e69dbc224
Starships,individual,Individuals/Implacable (Acclamator-class) (Legends),Implacable,Republic Assault Ship,StarWars-Universe,,inherited,1.0,,https://sketchfab.com/3d-models/none-e56b33bb58cc448ab134675e69dbc224
Starships,individual,Individuals/Implacable (EF76 Nebulon-B escort frigate),Implacable,Star Wars: Nebulon B Frigate,Daniel,,inherited,1.0,,https://sketchfab.com/3d-models/none-1986f7b0dee647b3b2374eb80dbd1faf
Starships,individual,Individuals/Implacable (Star Destroyer),Implacable,Star Wars: Imperial II Star Destroyer,Daniel,,inherited,1.0,,https://sketchfab.com/3d-models/none-b8bd2d35f7604670ab85242c06c6d280
Starships,individual,Individuals/Implacable (Star Destroyer) (Legends),Implacable,Star Wars; Imperial-Class Star Destroyer,Heataker,,inherited,1.0,,https://sketchfab.com/3d-models/none-fa18d537db4d4020a443c1802ec0f88e
Starships,individual,Individuals/Imputator,Imputator,83359 Star Wars Imperial II-class Star Destroyer,S🅾️Meme star wars,,inherited,1.0,,https://sketchfab.com/3d-models/none-c75cfb15ef124691b3fa33c30e017bbe
Starships,individual,Individuals/Inacc's Crate,Inacc's Crate,Star Wars Galaxies - YT1300 (Inside),Zorg_Sinister,,inherited,0.769,,https://sketchfab.com/3d-models/none-400abf08c94e4b4e809fca0aa51a5e00
Starships,individual,Individuals/Incinerator,Incinerator,Star Wars: Imperial II Star Destroyer,Daniel,,inherited,1.0,,https://sketchfab.com/3d-models/none-b8bd2d35f7604670ab85242c06c6d280
Starships,individual,Individuals/Incomparable,Incomparable,Star Wars LAAT/i Gunship,smithson17,,inherited,1.0,,https://sketchfab.com/3d-models/none-77e5a30af490488c8019dcb3780ec847
Starships,individual,Individuals/Indefatigable (CR90 corvette),Indefatigable,Star Wars: Raider-class Corvette,Daniel,,inherited,1.0,,https://sketchfab.com/3d-models/none-8732794c82044aafb1c74a55b07674e0
Starships,individual,Individuals/Indefatigable (Inexpugnable-class),Indefatigable,Imperial Arquitens-class Command Cruiser,gavinpgamer1,,inherited,1.0,,https://sketchfab.com/3d-models/none-c05a0aa234404ae884c4469b099b67ea
Starships,individual,Individuals/Independence,Independence,Invictus Class Star Cruiser,Conner Bentley,,inherited,1.0,,https://sketchfab.com/3d-models/none-8ba24769c02b401d88f50655505c92be
Starships,individual,Individuals/Indictor,Indictor,83359 Star Wars Imperial II-class Star Destroyer,S🅾️Meme star wars,,inherited,1.0,,https://sketchfab.com/3d-models/none-c75cfb15ef124691b3fa33c30e017bbe
Starships,individual,Individuals/Indiko,Indiko,Star Wars; Imperial-Class Star Destroyer,Heataker,,inherited,1.0,,https://sketchfab.com/3d-models/none-fa18d537db4d4020a443c1802ec0f88e
Starships,individual,Individuals/Indomitable (Carrack-class),Indomitable,Arquitens-Class Light Cruiser,A308 Digital,,inherited,1.0,,https://sketchfab.com/3d-models/none-802fa70fb8cd46f5b741cb6b99f66229
Starships,individual,Individuals/Indomitable (Carrack-class) (Legends),Indomitable,Star Wars: Nebulon B Frigate,Daniel,,inherited,1.0,,https://sketchfab.com/3d-models/none-1986f7b0dee647b3b2374eb80dbd1faf
Starships,individual,Individuals/Indomitable (Scythe-class),Indomitable,Invictus Class Star Cruiser,Conner Bentley,,inherited,1.0,,https://sketchfab.com/3d-models/none-8ba24769c02b401d88f50655505c92be
Starships,individual,Individuals/Indupar Nova,Indupar Nova,Star Wars: Raider-class Corvette,Daniel,,inherited,1.0,,https://sketchfab.com/3d-models/none-8732794c82044aafb1c74a55b07674e0
Starships,individual,Individuals/Inexorable (Imperial I-class),Inexorable,Star Wars: Imperial II Star Destroyer,Daniel,,inherited,1.0,,https://sketchfab.com/3d-models/none-b8bd2d35f7604670ab85242c06c6d280
Starships,individual,Individuals/Inexorable (Victory-class),Inexorable,Star Wars: Imperial II Star Destroyer,Daniel,,inherited,1.0,,https://sketchfab.com/3d-models/none-b8bd2d35f7604670ab85242c06c6d280
Starships,individual,Individuals/Inferno (Imperial I-class),Inferno,Star Wars: Imperial II Star Destroyer,Daniel,,inherited,1.0,,https://sketchfab.com/3d-models/none-b8bd2d35f7604670ab85242c06c6d280
Starships,individual,Individuals/Infernum,Infernum,Star Wars: Lambda Shuttle,Daniel,,inherited,1.0,,https://sketchfab.com/3d-models/none-9d160e16845a4b518a2d30a7c716f20d
Starships,individual,Individuals/Infinity,Infinity,Iron Spider - Avengers: Infinity War,Kabiidev,,exact,1.0,,https://sketchfab.com/3d-models/none-99e52e57a8dc4feda750af87b87d2955
Starships,individual,Individuals/Inflictor,Inflictor,Star Wars: Imperial II Star Destroyer,Daniel,,inherited,1.0,,https://sketchfab.com/3d-models/none-b8bd2d35f7604670ab85242c06c6d280
Starships,individual,Individuals/Inquisitor (Star Destroyer),Inquisitor,Inquisitor Lanu Pasiq - Star Wars,JCarpenter_48,,exact,1.0,,https://sketchfab.com/3d-models/none-c3af0bd197f348c4a4819a45e78faa53
Starships,individual,Individuals/Insanity Claws,Insanity Claws,X-wing starfighter | T-65C-A2,Alana G,,inherited,1.0,,https://sketchfab.com/3d-models/none-2397144aa2314e8fb03bf131d8f56af4
Starships,individual,Individuals/Insatiable Worrt,Insatiable Worrt,Arquitens-Class Light Cruiser,A308 Digital,,inherited,1.0,,https://sketchfab.com/3d-models/none-802fa70fb8cd46f5b741cb6b99f66229
Starships,individual,Individuals/Instigator,Instigator,Star Wars: Raider-class Corvette,Daniel,,inherited,1.0,,https://sketchfab.com/3d-models/none-8732794c82044aafb1c74a55b07674e0
Starships,individual,Individuals/Integrity (Carrack-class),Integrity,Arquitens-Class Light Cruiser,A308 Digital,,inherited,1.0,,https://sketchfab.com/3d-models/none-802fa70fb8cd46f5b741cb6b99f66229
Starships,individual,Individuals/Integrity (Carrack-class) (Legends),Integrity,Star Wars: Nebulon B Frigate,Daniel,,inherited,1.0,,https://sketchfab.com/3d-models/none-1986f7b0dee647b3b2374eb80dbd1faf
Starships,individual,Individuals/Integrity (Venator-class),Integrity,Venator-Class Star Destroyer,A308 Digital,,inherited,1.0,,https://sketchfab.com/3d-models/none-5c2d88be90384395a2b4c23c7203e7d6
Starships,individual,Individuals/Intercessor,Intercessor,Star Destroyer Hallway,A308 Digital,,inherited,1.0,,https://sketchfab.com/3d-models/none-eba38859a8484637a5d61f7e9e769a7d
Starships,individual,Individuals/Interdictor (Interdictor-class),Interdictor,Interdictor class Star Destroyer (Canon),gavinpgamer1,,exact,1.0,,https://sketchfab.com/3d-models/none-af76c3da627049c38c1e2f0313a62cdb
Starships,individual,Individuals/Interrogator,Interrogator,Star Wars: Imperial II Star Destroyer,Daniel,,inherited,1.0,,https://sketchfab.com/3d-models/none-b8bd2d35f7604670ab85242c06c6d280
Starships,individual,Individuals/Intimidator,Intimidator,Star Wars: Imperial II Star Destroyer,Daniel,,inherited,1.0,,https://sketchfab.com/3d-models/none-b8bd2d35f7604670ab85242c06c6d280
Starships,individual,Individuals/Intrepid (CR90 corvette),Intrepid,Star Wars: Raider-class Corvette,Daniel,,inherited,1.0,,https://sketchfab.com/3d-models/none-8732794c82044aafb1c74a55b07674e0
Starships,individual,Individuals/Intrepid (Endurance-class),Intrepid,Star Wars: Quartermaster-class Supply Carrier,Daniel,,inherited,1.0,,https://sketchfab.com/3d-models/none-6ee2bc9379dd44aab85988d2716bad93
Starships,individual,Individuals/Intrepid (Imperial I-class),Intrepid,Star Wars: Imperial II Star Destroyer,Daniel,,inherited,1.0,,https://sketchfab.com/3d-models/none-b8bd2d35f7604670ab85242c06c6d280
Starships,individual,Individuals/Intrepid (Venator-class),Intrepid,Venator-Class Star Destroyer,A308 Digital,,inherited,1.0,,https://sketchfab.com/3d-models/none-5c2d88be90384395a2b4c23c7203e7d6
Starships,individual,Individuals/Intrepid (luxury cruiser),Intrepid,Invictus Class Star Cruiser,Conner Bentley,,inherited,1.0,,https://sketchfab.com/3d-models/none-8ba24769c02b401d88f50655505c92be
Starships,individual,Individuals/Intrepid Heart,Intrepid Heart,Kei Truck Scout Transport,JohnMesplay,,inherited,1.0,,https://sketchfab.com/3d-models/none-0cb4b243a9dd4d1ca1ab30a17f23ac81
Starships,individual,Individuals/Intruder (Ardent-class),Intruder,Star Wars: Nebulon B Frigate,Daniel,,inherited,1.0,,https://sketchfab.com/3d-models/none-1986f7b0dee647b3b2374eb80dbd1faf
Starships,individual,Individuals/Intruder (Marauder-class),Intruder,Star Wars: Raider-class Corvette,Daniel,,inherited,1.0,,https://sketchfab.com/3d-models/none-8732794c82044aafb1c74a55b07674e0
Starships,individual,Individuals/Invictus,Invictus,Invictus Class Star Cruiser,Conner Bentley,,exact,1.0,,https://sketchfab.com/3d-models/none-8ba24769c02b401d88f50655505c92be
Starships,individual,Individuals/Invictus (Pacifier-class),Invictus,Invictus Class Star Cruiser,Conner Bentley,,exact,1.0,,https://sketchfab.com/3d-models/none-8ba24769c02b401d88f50655505c92be
Starships,individual,Individuals/Invidious,Invidious,83359 Star Wars Imperial II-class Star Destroyer,S🅾️Meme star wars,,inherited,1.0,,https://sketchfab.com/3d-models/none-c75cfb15ef124691b3fa33c30e017bbe
Starships,individual,Individuals/Invincible,Invincible,Harrower Class Dreadnought,Kuat-Entralla 3D Engineering,,inherited,1.0,,https://sketchfab.com/3d-models/none-14cc2060a4d645eb82c23171933b81ab
Starships,individual,Individuals/Invincible (Imperial-class),Invincible,Star Wars; Imperial-Class Star Destroyer,Heataker,,inherited,1.0,,https://sketchfab.com/3d-models/none-fa18d537db4d4020a443c1802ec0f88e
Starships,individual,Individuals/Invincible (Legends),Invincible,Harrrower Class Dreadnaught,Kalashnikov 3D,,inherited,1.0,,https://sketchfab.com/3d-models/none-6e230cc7f6b84649bbab92a5f5ee6347
Starships,individual,Individuals/Invincible (Star Destroyer),Invincible,Star Wars: Imperial II Star Destroyer,Daniel,,inherited,1.0,,https://sketchfab.com/3d-models/none-b8bd2d35f7604670ab85242c06c6d280
Starships,individual,Individuals/Invincible Faith,Invincible Faith,Invictus Class Star Cruiser,Conner Bentley,,inherited,1.0,,https://sketchfab.com/3d-models/none-8ba24769c02b401d88f50655505c92be
Starships,individual,Individuals/Invisible Hand,Invisible Hand,Space Battleship Yamato 2205,DJ-CheeF,,inherited,1.0,,https://sketchfab.com/3d-models/none-526cf6c315dd4056848f1431140d1965
Starships,individual,Individuals/Invisible Hand (Legends),Invisible Hand,Star Destroyer Hallway,A308 Digital,,inherited,1.0,,https://sketchfab.com/3d-models/none-eba38859a8484637a5d61f7e9e769a7d
Starships,individual,Individuals/Invulnerable,Invulnerable,Harrower Class Dreadnought,Kuat-Entralla 3D Engineering,,inherited,1.0,,https://sketchfab.com/3d-models/none-14cc2060a4d645eb82c23171933b81ab
Starships,individual,Individuals/Ionic Ring Ship,Ionic Ring Ship,Star Destroyer Hallway,A308 Digital,,inherited,1.0,,https://sketchfab.com/3d-models/none-eba38859a8484637a5d61f7e9e769a7d
Starships,individual,Individuals/Irfu Clover,Irfu Clover,Star Wars Dreadnaught-Class Heavy Cruiser,flannelandfilm,,inherited,1.0,,https://sketchfab.com/3d-models/none-14e6ad1266104dec96541b17000925f2
Starships,individual,Individuals/Iron Fist (Victory-class),Iron Fist,Star Wars: Imperial II Star Destroyer,Daniel,,inherited,1.0,,https://sketchfab.com/3d-models/none-b8bd2d35f7604670ab85242c06c6d280
Starships,individual,Individuals/Ironhand (Imperial-class),Ironhand,Star Wars: Imperial II Star Destroyer,Daniel,,inherited,1.0,,https://sketchfab.com/3d-models/none-b8bd2d35f7604670ab85242c06c6d280
Starships,individual,Individuals/Ironhand (Strike-class),Ironhand,Invictus Class Star Cruiser,Conner Bentley,,inherited,1.0,,https://sketchfab.com/3d-models/none-8ba24769c02b401d88f50655505c92be
Starships,individual,Individuals/Ironhand (Trenchant-class),Ironhand,Arquitens-Class Light Cruiser,A308 Digital,,inherited,1.0,,https://sketchfab.com/3d-models/none-802fa70fb8cd46f5b741cb6b99f66229
Starships,individual,Individuals/Ironstar,Ironstar,Star Destroyer Hallway,A308 Digital,,inherited,1.0,,https://sketchfab.com/3d-models/none-eba38859a8484637a5d61f7e9e769a7d
Starships,individual,Individuals/Isilia,Isilia,"YTS-27 light freighter ""The Kowakian Corsair""",JP_2793,,inherited,1.0,,https://sketchfab.com/3d-models/none-3e187fed67034c488a0a9e41eae36628
Starships,individual,Individuals/Iso-One,Iso-One,Clone Trooper Phase I,D34TH11,,weak,0.5,,https://sketchfab.com/3d-models/none-8f40fd5418e741858a7ded9cc26e6d39
Starships,individual,Individuals/Iviitz,Iviitz,"YTS-27 light freighter ""The Kowakian Corsair""",JP_2793,,inherited,1.0,,https://sketchfab.com/3d-models/none-3e187fed67034c488a0a9e41eae36628
Starships,individual,Individuals/Jade (Lambda-class),Jade,-Star Wars- Mara Jade's Lightsaber,ARKON MAREK,,exact,1.0,,https://sketchfab.com/3d-models/none-a07c06d686a8459384e3bd7fc490cf76
Starships,individual,Individuals/Jade Sabre,Jade Sabre,Jade Shadow,CorelliaStar Shipyards,,weak,0.5,,https://sketchfab.com/3d-models/none-1abe606599aa4f5aa4f2a783ba453bdc
Starships,individual,Individuals/Jade Shadow,Jade Shadow,Jade Shadow,CorelliaStar Shipyards,,exact,1.0,,https://sketchfab.com/3d-models/none-1abe606599aa4f5aa4f2a783ba453bdc
Starships,individual,Individuals/Jade's Fire,Jade's Fire,Star Wars: Personal Luxury Yacht 3000,Daniel,,inherited,1.0,,https://sketchfab.com/3d-models/none-cb6dee6d3d964b69ba50c95b220e4f9e
Starships,individual,Individuals/Jagged Fel (starship),Jagged Fel,Star Wars: Imperial II Star Destroyer,Daniel,,inherited,1.0,,https://sketchfab.com/3d-models/none-b8bd2d35f7604670ab85242c06c6d280
Starships,individual,Individuals/Jaina's Light (Legends),Jaina's Light,Star Wars; CR90 Corvette,Heataker,,inherited,1.0,,https://sketchfab.com/3d-models/none-6356d19e87494ad8b6f55d0f0e9ec8a7
Starships,individual,Individuals/Jakarro's XS stock light freighter,Jakarro's XS stock light freighter,"YTS-27 light freighter ""The Kowakian Corsair""",JP_2793,,inherited,1.0,,https://sketchfab.com/3d-models/none-3e187fed67034c488a0a9e41eae36628
Starships,individual,Individuals/Jan Dodonna's T-1 shuttle,Jan Dodonna's T-1 shuttle,Star Wars: Lambda Shuttle,Daniel,,inherited,1.0,,https://sketchfab.com/3d-models/none-9d160e16845a4b518a2d30a7c716f20d
Starships,individual,Individuals/Jango Fett's starfighter,Jango Fett's starfighter,X-wing starfighter | T-65C-A2,Alana G,,inherited,1.0,,https://sketchfab.com/3d-models/none-2397144aa2314e8fb03bf131d8f56af4
Starships,individual,Individuals/Janson (CR90 corvette),Janson,Star Wars: Raider-class Corvette,Daniel,,inherited,1.0,,https://sketchfab.com/3d-models/none-8732794c82044aafb1c74a55b07674e0
Starships,individual,Individuals/Jarek Yeager's racer,Jarek Yeager's racer,X-wing starfighter | T-65C-A2,Alana G,,inherited,1.0,,https://sketchfab.com/3d-models/none-2397144aa2314e8fb03bf131d8f56af4
Starships,individual,Individuals/Jaster's Legacy,Jaster's Legacy,Star Wars LAAT/i Gunship,smithson17,,inherited,1.0,,https://sketchfab.com/3d-models/none-77e5a30af490488c8019dcb3780ec847
Starships,individual,Individuals/Java,Java,3D BD1 Star Wars Minecraft Java,thetimel0rd0ct0r,,exact,1.0,,https://sketchfab.com/3d-models/none-2863e3ebbf1c403d91f161576900394d
Starships,individual,Individuals/Javelin (Vengeance-class),Javelin,Harrower Class Dreadnought,Kuat-Entralla 3D Engineering,,inherited,1.0,,https://sketchfab.com/3d-models/none-14cc2060a4d645eb82c23171933b81ab
Starships,individual,Individuals/Jedi Bob's starfighter,Jedi Bob's starfighter,X-wing starfighter | T-65C-A2,Alana G,,inherited,1.0,,https://sketchfab.com/3d-models/none-2397144aa2314e8fb03bf131d8f56af4
Starships,individual,Individuals/Jedi Explorer,Jedi Explorer,"YTS-27 light freighter ""The Kowakian Corsair""",JP_2793,,inherited,1.0,,https://sketchfab.com/3d-models/none-3e187fed67034c488a0a9e41eae36628
Starships,individual,Individuals/Jedi Explorer II,Jedi Explorer II,"YTS-27 light freighter ""The Kowakian Corsair""",JP_2793,,inherited,1.0,,https://sketchfab.com/3d-models/none-3e187fed67034c488a0a9e41eae36628
Starships,individual,Individuals/Jedi High Council cruiser,Jedi High Council cruiser,Invictus Class Star Cruiser,Conner Bentley,,inherited,1.0,,https://sketchfab.com/3d-models/none-8ba24769c02b401d88f50655505c92be
Starships,individual,Individuals/Jedi Mickey's Starfighter,Jedi Mickey's Starfighter,Star Wars: TIE/in Interceptor,Daniel,,inherited,1.0,,https://sketchfab.com/3d-models/none-80171ec2930b4949836bcf24d9694c41
Starships,individual,Individuals/Jedi shuttle 634,Jedi shuttle 634,Star Wars: Lambda Shuttle,Daniel,,inherited,1.0,,https://sketchfab.com/3d-models/none-9d160e16845a4b518a2d30a7c716f20d
Starships,individual,Individuals/Jedi shuttle 634 (Legends),Jedi shuttle 634,Star Wars: Lambda Shuttle,Daniel,,inherited,1.0,,https://sketchfab.com/3d-models/none-9d160e16845a4b518a2d30a7c716f20d
Starships,individual,Individuals/Jedi spacecraft,Jedi spacecraft,Jedi Star Fighter,Petri Liuhto,,exact,1.0,,https://sketchfab.com/3d-models/none-0b641c2f2b854f1f9ae7f2a731e44dbd
Starships,individual,Individuals/Jeffrey,Jeffrey,Star Wars: Raider-class Corvette,Daniel,,inherited,1.0,,https://sketchfab.com/3d-models/none-8732794c82044aafb1c74a55b07674e0
Starships,individual,Individuals/Jendirian Valley,Jendirian Valley,"YTS-27 light freighter ""The Kowakian Corsair""",JP_2793,,inherited,1.0,,https://sketchfab.com/3d-models/none-3e187fed67034c488a0a9e41eae36628
Starships,individual,Individuals/Jendirian Valley III,Jendirian Valley III,"YTS-27 light freighter ""The Kowakian Corsair""",JP_2793,,inherited,1.0,,https://sketchfab.com/3d-models/none-3e187fed67034c488a0a9e41eae36628
Starships,individual,Individuals/Jester (Carrack-class),Jester,Star Wars: Nebulon B Frigate,Daniel,,inherited,1.0,,https://sketchfab.com/3d-models/none-1986f7b0dee647b3b2374eb80dbd1faf
Starships,individual,Individuals/Jev (Lambda-class),Jev,Star Wars: Lambda Shuttle,Daniel,,inherited,1.0,,https://sketchfab.com/3d-models/none-9d160e16845a4b518a2d30a7c716f20d
Starships,individual,Individuals/Jho's freight hauler,Jho's freight hauler,"YTS-27 light freighter ""The Kowakian Corsair""",JP_2793,,inherited,1.0,,https://sketchfab.com/3d-models/none-3e187fed67034c488a0a9e41eae36628
Starships,individual,Individuals/Jitte,Jitte,Star Wars: Quartermaster-class Supply Carrier,Daniel,,inherited,1.0,,https://sketchfab.com/3d-models/none-6ee2bc9379dd44aab85988d2716bad93
Starships,individual,Individuals/Jocasta Nu's Delta-7B Aethersprite-class light interceptor,Jocasta Nu's Delta-7B Aethersprite-class light interceptor,X-wing starfighter | T-65C-A2,Alana G,,inherited,1.0,,https://sketchfab.com/3d-models/none-2397144aa2314e8fb03bf131d8f56af4
Starships,individual,Individuals/Jolly Man,Jolly Man,"YTS-27 light freighter ""The Kowakian Corsair""",JP_2793,,inherited,1.0,,https://sketchfab.com/3d-models/none-3e187fed67034c488a0a9e41eae36628
Starships,individual,Individuals/Judicator,Judicator,Star Wars: Imperial II Star Destroyer,Daniel,,inherited,1.0,,https://sketchfab.com/3d-models/none-b8bd2d35f7604670ab85242c06c6d280
Starships,individual,Individuals/Judicator (CR90 corvette),Judicator,Star Wars: Raider-class Corvette,Daniel,,inherited,1.0,,https://sketchfab.com/3d-models/none-8732794c82044aafb1c74a55b07674e0
Starships,individual,Individuals/Judicator (Legends),Judicator,Star Wars: Imperial II Star Destroyer,Daniel,,inherited,1.0,,https://sketchfab.com/3d-models/none-b8bd2d35f7604670ab85242c06c6d280
Starships,individual,Individuals/Juggernaut (Star Destroyer),Juggernaut,Star Wars: Imperial II Star Destroyer,Daniel,,inherited,1.0,,https://sketchfab.com/3d-models/none-b8bd2d35f7604670ab85242c06c6d280
Starships,individual,Individuals/Julen Rakab's Avent100-series light freighter,Julen Rakab's Avent100-series light freighter,"YTS-27 light freighter ""The Kowakian Corsair""",JP_2793,,inherited,1.0,,https://sketchfab.com/3d-models/none-3e187fed67034c488a0a9e41eae36628
Starships,individual,Individuals/Juliupper,Juliupper,Star Wars: Lambda Shuttle,Daniel,,inherited,1.0,,https://sketchfab.com/3d-models/none-9d160e16845a4b518a2d30a7c716f20d
Starships,individual,Individuals/Jungle Racer,Jungle Racer,Star Wars: Lambda Shuttle,Daniel,,inherited,1.0,,https://sketchfab.com/3d-models/none-9d160e16845a4b518a2d30a7c716f20d
Starships,individual,Individuals/Junker (YT-2400 light freighter),Junker,"YTS-27 light freighter ""The Kowakian Corsair""",JP_2793,,inherited,1.0,,https://sketchfab.com/3d-models/none-3e187fed67034c488a0a9e41eae36628
Starships,individual,Individuals/Juno II,Juno II,Star Wars: Raider-class Corvette,Daniel,,inherited,1.0,,https://sketchfab.com/3d-models/none-8732794c82044aafb1c74a55b07674e0
Starships,individual,Individuals/Justice (Harrower-class),Justice,Star Destroyer Hallway,A308 Digital,,inherited,1.0,,https://sketchfab.com/3d-models/none-eba38859a8484637a5d61f7e9e769a7d
Starships,individual,Individuals/Justice (MC80 Star Cruiser),Justice,Donachet Battlecruiser,gavinpgamer1,,inherited,1.0,,https://sketchfab.com/3d-models/none-44a6db481777492c8bd027e2b26054c1
Starships,individual,Individuals/KJB-87,KJB-87,Kei Truck Scout Transport,JohnMesplay,,inherited,1.0,,https://sketchfab.com/3d-models/none-0cb4b243a9dd4d1ca1ab30a17f23ac81
Starships,individual,Individuals/Kaar,Kaar,Star Wars Galaxies - YT1300 (Inside),Zorg_Sinister,,inherited,0.769,,https://sketchfab.com/3d-models/none-400abf08c94e4b4e809fca0aa51a5e00
Starships,individual,Individuals/Kabalian Cross,Kabalian Cross,Star Wars: Imperial II Star Destroyer,Daniel,,inherited,1.0,,https://sketchfab.com/3d-models/none-b8bd2d35f7604670ab85242c06c6d280
Starships,individual,Individuals/Kala'din (starship),Kala'din,Star Wars Dreadnaught-Class Heavy Cruiser,flannelandfilm,,inherited,1.0,,https://sketchfab.com/3d-models/none-14e6ad1266104dec96541b17000925f2
Starships,individual,Individuals/Kan (freighter),Kan,"YTS-27 light freighter ""The Kowakian Corsair""",JP_2793,,inherited,1.0,,https://sketchfab.com/3d-models/none-3e187fed67034c488a0a9e41eae36628
Starships,individual,Individuals/Kandarra,Kandarra,Star Wars: Lambda Shuttle,Daniel,,inherited,1.0,,https://sketchfab.com/3d-models/none-9d160e16845a4b518a2d30a7c716f20d
Starships,individual,Individuals/Kant (BFF-1 bulk freighter),Kant,"YTS-27 light freighter ""The Kowakian Corsair""",JP_2793,,inherited,1.0,,https://sketchfab.com/3d-models/none-3e187fed67034c488a0a9e41eae36628
Starships,individual,Individuals/Karei,Karei,Star Wars Dreadnaught-Class Heavy Cruiser,flannelandfilm,,inherited,1.0,,https://sketchfab.com/3d-models/none-14e6ad1266104dec96541b17000925f2
Starships,individual,Individuals/Karvoss Dawn,Karvoss Dawn,Invictus Class Star Cruiser,Conner Bentley,,inherited,1.0,,https://sketchfab.com/3d-models/none-8ba24769c02b401d88f50655505c92be
Starships,individual,Individuals/Kasmiri,Kasmiri,"YTS-27 light freighter ""The Kowakian Corsair""",JP_2793,,inherited,1.0,,https://sketchfab.com/3d-models/none-3e187fed67034c488a0a9e41eae36628
Starships,individual,Individuals/Kassius Konstantine's Interdictor,Kassius Konstantine's Interdictor,Star Wars Dreadnaught-Class Heavy Cruiser,flannelandfilm,,inherited,1.0,,https://sketchfab.com/3d-models/none-14e6ad1266104dec96541b17000925f2
Starships,individual,Individuals/Katana,Katana,katana saber,jakychan501,,exact,1.0,,https://sketchfab.com/3d-models/none-24ba77a777f64f55961f1014101ef955
Starships,individual,Individuals/Kathol Protector,Kathol Protector,Ton-Falk class Escort Carrier,gavinpgamer1,,inherited,1.0,,https://sketchfab.com/3d-models/none-eb9ca03715024a7c8c1778591c749fee
Starships,individual,Individuals/Katooni (ship),Katooni,"YTS-27 light freighter ""The Kowakian Corsair""",JP_2793,,inherited,1.0,,https://sketchfab.com/3d-models/none-3e187fed67034c488a0a9e41eae36628
Starships,individual,Individuals/Kaywhite,Kaywhite,Star Destroyer Hallway,A308 Digital,,inherited,1.0,,https://sketchfab.com/3d-models/none-eba38859a8484637a5d61f7e9e769a7d
Starships,individual,Individuals/Keelyvine Reus's Delta-7B Aethersprite-class light interceptor,Keelyvine Reus's Delta-7B Aethersprite-class light interceptor,X-wing starfighter | T-65C-A2,Alana G,,inherited,1.0,,https://sketchfab.com/3d-models/none-2397144aa2314e8fb03bf131d8f56af4
Starships,individual,Individuals/Keeper (Lucrehulk-class battleship),Keeper,Space Battleship Yamato 2205,DJ-CheeF,,inherited,1.0,,https://sketchfab.com/3d-models/none-526cf6c315dd4056848f1431140d1965
Starships,individual,Individuals/Keepsake,Keepsake,"YTS-27 light freighter ""The Kowakian Corsair""",JP_2793,,inherited,1.0,,https://sketchfab.com/3d-models/none-3e187fed67034c488a0a9e41eae36628
Starships,individual,Individuals/Kern's Pride,Kern's Pride,Star Destroyer Hallway,A308 Digital,,inherited,1.0,,https://sketchfab.com/3d-models/none-eba38859a8484637a5d61f7e9e769a7d
Starships,individual,Individuals/Kesh (BFF-1 bulk freighter),Kesh,"YTS-27 light freighter ""The Kowakian Corsair""",JP_2793,,inherited,1.0,,https://sketchfab.com/3d-models/none-3e187fed67034c488a0a9e41eae36628
Starships,individual,Individuals/Kestrel Nova,Kestrel Nova,"YTS-27 light freighter ""The Kowakian Corsair""",JP_2793,,inherited,1.0,,https://sketchfab.com/3d-models/none-3e187fed67034c488a0a9e41eae36628
Starships,individual,Individuals/Kettemoor,Kettemoor,Star Wars: Nebulon B Frigate,Daniel,,inherited,1.0,,https://sketchfab.com/3d-models/none-1986f7b0dee647b3b2374eb80dbd1faf
Starships,individual,Individuals/Keydon,Keydon,Imperial Shuttle (Lambda-class T-4a) - Star Wars,Quiznos323,,inherited,1.0,,https://sketchfab.com/3d-models/none-8312856f2c794c569ea6978f2c90bc99
Starships,individual,Individuals/Khypes's battle cruiser,Khypes's battle cruiser,Donachet Battlecruiser,gavinpgamer1,,inherited,1.0,,https://sketchfab.com/3d-models/none-44a6db481777492c8bd027e2b26054c1
Starships,individual,Individuals/Kierra,Kierra,"YTS-27 light freighter ""The Kowakian Corsair""",JP_2793,,inherited,1.0,,https://sketchfab.com/3d-models/none-3e187fed67034c488a0a9e41eae36628
Starships,individual,Individuals/Kill Switch,Kill Switch,Arquitens-Class Light Cruiser,A308 Digital,,inherited,1.0,,https://sketchfab.com/3d-models/none-802fa70fb8cd46f5b741cb6b99f66229
Starships,individual,Individuals/Kimik,Kimik,Star Wars: Nebulon B Frigate,Daniel,,inherited,1.0,,https://sketchfab.com/3d-models/none-1986f7b0dee647b3b2374eb80dbd1faf
Starships,individual,Individuals/Kimoliga's Maw,Kimoliga's Maw,Arquitens-Class Light Cruiser,A308 Digital,,inherited,1.0,,https://sketchfab.com/3d-models/none-802fa70fb8cd46f5b741cb6b99f66229
Starships,individual,Individuals/King's Ransom,King's Ransom,Star Wars: Raider-class Corvette,Daniel,,inherited,1.0,,https://sketchfab.com/3d-models/none-8732794c82044aafb1c74a55b07674e0
Starships,individual,Individuals/Kingsmill,Kingsmill,Star Wars LAAT/i Gunship,smithson17,,inherited,1.0,,https://sketchfab.com/3d-models/none-77e5a30af490488c8019dcb3780ec847
Starships,individual,Individuals/Kinro's Blessing,Kinro's Blessing,Invictus Class Star Cruiser,Conner Bentley,,inherited,1.0,,https://sketchfab.com/3d-models/none-8ba24769c02b401d88f50655505c92be
Starships,individual,Individuals/Kirak Infil'a's Delta-7 Aethersprite-class light interceptor,Kirak Infil'a's Delta-7 Aethersprite-class light interceptor,X-wing starfighter | T-65C-A2,Alana G,,inherited,1.0,,https://sketchfab.com/3d-models/none-2397144aa2314e8fb03bf131d8f56af4
Starships,individual,Individuals/Kirana Ti's starship,Kirana Ti's starship,Star Wars: Lambda Shuttle,Daniel,,inherited,1.0,,https://sketchfab.com/3d-models/none-9d160e16845a4b518a2d30a7c716f20d
Starships,individual,Individuals/Kit Fisto's Delta-7 Aethersprite-class light interceptor,Kit Fisto's Delta-7 Aethersprite-class light interceptor,X-wing starfighter | T-65C-A2,Alana G,,inherited,1.0,,https://sketchfab.com/3d-models/none-2397144aa2314e8fb03bf131d8f56af4
Starships,individual,Individuals/Kit Fisto's Delta-7B Aethersprite-class light interceptor (Legends),Kit Fisto's Delta-7B Aethersprite-class light interceptor,X-wing starfighter | T-65C-A2,Alana G,,inherited,1.0,,https://sketchfab.com/3d-models/none-2397144aa2314e8fb03bf131d8f56af4
Starships,individual,Individuals/Kit Fisto's Delta-7B starfighter,Kit Fisto's Delta-7B starfighter,Star Wars: TIE/in Interceptor,Daniel,,inherited,1.0,,https://sketchfab.com/3d-models/none-80171ec2930b4949836bcf24d9694c41
Starships,individual,Individuals/Kit Fisto's Eta-2 Actis-class light interceptor,Kit Fisto's Eta-2 Actis-class; light interceptor,X-wing starfighter | T-65C-A2,Alana G,,inherited,1.0,,https://sketchfab.com/3d-models/none-2397144aa2314e8fb03bf131d8f56af4
Starships,individual,Individuals/Knight Errant,Knight Errant,Kei Truck Scout Transport,JohnMesplay,,inherited,1.0,,https://sketchfab.com/3d-models/none-0cb4b243a9dd4d1ca1ab30a17f23ac81
Starships,individual,Individuals/Knights,Knights,Star Wars: Knights of the Old Republic - T3-M4,the_table,,exact,1.0,,https://sketchfab.com/3d-models/none-fea41f8063b5490790767e68f787de11
Starships,individual,Individuals/Korolev,Korolev,Star Wars: Raider-class Corvette,Daniel,,inherited,1.0,,https://sketchfab.com/3d-models/none-8732794c82044aafb1c74a55b07674e0
Starships,individual,Individuals/Kotiate,Kotiate,Star Wars; Imperial-Class Star Destroyer,Heataker,,inherited,1.0,,https://sketchfab.com/3d-models/none-fa18d537db4d4020a443c1802ec0f88e
Starships,individual,Individuals/Kracken,Kracken,Star Wars: Nebulon B Frigate,Daniel,,inherited,1.0,,https://sketchfab.com/3d-models/none-1986f7b0dee647b3b2374eb80dbd1faf
Starships,individual,Individuals/Kragan Gorr's shuttle,Kragan Gorr's shuttle,Star Wars: Lambda Shuttle,Daniel,,inherited,1.0,,https://sketchfab.com/3d-models/none-9d160e16845a4b518a2d30a7c716f20d
Starships,individual,Individuals/Krakana's Claw,Krakana's Claw,Kei Truck Scout Transport,JohnMesplay,,inherited,1.0,,https://sketchfab.com/3d-models/none-0cb4b243a9dd4d1ca1ab30a17f23ac81
Starships,individual,Individuals/Kraken (Assassin-class),Kraken,Star Wars: Raider-class Corvette,Daniel,,inherited,1.0,,https://sketchfab.com/3d-models/none-8732794c82044aafb1c74a55b07674e0
Starships,individual,Individuals/Kraken's Maxillipede shuttle,Kraken's Maxillipede shuttle,Star Wars: Lambda Shuttle,Daniel,,inherited,1.0,,https://sketchfab.com/3d-models/none-9d160e16845a4b518a2d30a7c716f20d
Starships,individual,Individuals/Kraken's Maxillipede shuttle (Legends),Kraken's Maxillipede shuttle,Star Wars: Lambda Shuttle,Daniel,,inherited,1.0,,https://sketchfab.com/3d-models/none-9d160e16845a4b518a2d30a7c716f20d
Starships,individual,Individuals/Krassbrucker,Krassbrucker,Star Wars: Raider-class Corvette,Daniel,,inherited,1.0,,https://sketchfab.com/3d-models/none-8732794c82044aafb1c74a55b07674e0
Starships,individual,Individuals/Krayt (shuttle),Krayt,Star Wars: Lambda Shuttle,Daniel,,inherited,1.0,,https://sketchfab.com/3d-models/none-9d160e16845a4b518a2d30a7c716f20d
Starships,individual,Individuals/Krayt Fang,Krayt Fang,"YTS-27 light freighter ""The Kowakian Corsair""",JP_2793,,inherited,1.0,,https://sketchfab.com/3d-models/none-3e187fed67034c488a0a9e41eae36628
Starships,individual,Individuals/Krayt's Honor,Krayt's Honor,Invictus Class Star Cruiser,Conner Bentley,,inherited,1.0,,https://sketchfab.com/3d-models/none-8ba24769c02b401d88f50655505c92be
Starships,individual,Individuals/Krayt's Honor (Legends),Krayt's Honor,Invictus Class Star Cruiser,Conner Bentley,,inherited,1.0,,https://sketchfab.com/3d-models/none-8ba24769c02b401d88f50655505c92be
Starships,individual,Individuals/Kreuge's Revenge,Kreuge's Revenge,Star Wars: Nebulon B Frigate,Daniel,,inherited,1.0,,https://sketchfab.com/3d-models/none-1986f7b0dee647b3b2374eb80dbd1faf
Starships,individual,Individuals/Ku'Amo,Ku'Amo,X-wing starfighter | T-65C-A2,Alana G,,inherited,1.0,,https://sketchfab.com/3d-models/none-2397144aa2314e8fb03bf131d8f56af4
Starships,individual,Individuals/Kuat Drive Yards' corporate flagship,Kuat Drive Yards' corporate flagship,Star Destroyer Hallway,A308 Digital,,inherited,1.0,,https://sketchfab.com/3d-models/none-eba38859a8484637a5d61f7e9e769a7d
Starships,individual,Individuals/Kuma 1,Kuma 1,Star Wars: Nebulon B Frigate,Daniel,,inherited,1.0,,https://sketchfab.com/3d-models/none-1986f7b0dee647b3b2374eb80dbd1faf
Starships,individual,Individuals/Kuma 2,Kuma 2,Star Wars: Nebulon B Frigate,Daniel,,inherited,1.0,,https://sketchfab.com/3d-models/none-1986f7b0dee647b3b2374eb80dbd1faf
Starships,individual,Individuals/Kuma 3,Kuma 3,Star Wars: Nebulon B Frigate,Daniel,,inherited,1.0,,https://sketchfab.com/3d-models/none-1986f7b0dee647b3b2374eb80dbd1faf
Starships,individual,Individuals/Kusurrun,Kusurrun,Star Wars: Nebulon B Frigate,Daniel,,inherited,1.0,,https://sketchfab.com/3d-models/none-1986f7b0dee647b3b2374eb80dbd1faf
Starships,individual,Individuals/Kylo Ren's TIE silencer,Kylo Ren's TIE silencer,X-wing starfighter | T-65C-A2,Alana G,,inherited,1.0,,https://sketchfab.com/3d-models/none-2397144aa2314e8fb03bf131d8f56af4
Starships,individual,Individuals/Kylo Ren's TIE whisper,Kylo Ren's TIE whisper,X-wing starfighter | T-65C-A2,Alana G,,inherited,1.0,,https://sketchfab.com/3d-models/none-2397144aa2314e8fb03bf131d8f56af4
Starships,individual,Individuals/L'ulo L'ampar's A-wing,L'ulo L'ampar's A-wing,X-wing starfighter | T-65C-A2,Alana G,,inherited,1.0,,https://sketchfab.com/3d-models/none-2397144aa2314e8fb03bf131d8f56af4
Starships,individual,Individuals/L-1131,L-1131,Star Wars: TIE Landing Craft,Daniel,,inherited,1.0,,https://sketchfab.com/3d-models/none-fb50f433e9004907b782d272b488aada
Starships,individual,Individuals/L-2384,L-2384,Star Wars: TIE Landing Craft,Daniel,,inherited,1.0,,https://sketchfab.com/3d-models/none-fb50f433e9004907b782d272b488aada
Starships,individual,Individuals/L-2832,L-2832,Star Wars: TIE Landing Craft,Daniel,,inherited,1.0,,https://sketchfab.com/3d-models/none-fb50f433e9004907b782d272b488aada
Starships,individual,Individuals/L-7230,L-7230,Star Wars: TIE Landing Craft,Daniel,,inherited,1.0,,https://sketchfab.com/3d-models/none-fb50f433e9004907b782d272b488aada
Starships,individual,Individuals/LAAT Three,LAAT Three,Star Wars LAAT/i Gunship,smithson17,,inherited,1.0,,https://sketchfab.com/3d-models/none-77e5a30af490488c8019dcb3780ec847
Starships,individual,Individuals/LMTR-20,LMTR-20,Star Wars: Lambda Shuttle,Daniel,,inherited,1.0,,https://sketchfab.com/3d-models/none-9d160e16845a4b518a2d30a7c716f20d
Starships,individual,Individuals/Ladara Vex,Ladara Vex,Arquitens-Class Light Cruiser,A308 Digital,,inherited,1.0,,https://sketchfab.com/3d-models/none-802fa70fb8cd46f5b741cb6b99f66229
Starships,individual,Individuals/Lady Luck,Lady Luck,Star Wars: Personal Luxury Yacht 3000,Daniel,,inherited,1.0,,https://sketchfab.com/3d-models/none-cb6dee6d3d964b69ba50c95b220e4f9e
Starships,individual,Individuals/Lady Luck (Legends),Lady Luck,Star Wars: Personal Luxury Yacht 3000,Daniel,,inherited,1.0,,https://sketchfab.com/3d-models/none-cb6dee6d3d964b69ba50c95b220e4f9e
Starships,individual,Individuals/Lady Starstorm,Lady Starstorm,"YTS-27 light freighter ""The Kowakian Corsair""",JP_2793,,inherited,1.0,,https://sketchfab.com/3d-models/none-3e187fed67034c488a0a9e41eae36628
Starships,individual,Individuals/Lady of Mindor,Lady of Mindor,Kei Truck Scout Transport,JohnMesplay,,inherited,1.0,,https://sketchfab.com/3d-models/none-0cb4b243a9dd4d1ca1ab30a17f23ac81
Starships,individual,Individuals/Lagos (Sentinel-class),Lagos,Star Wars: Lambda Shuttle,Daniel,,inherited,1.0,,https://sketchfab.com/3d-models/none-9d160e16845a4b518a2d30a7c716f20d
Starships,individual,Individuals/Lajaie's cruiser,Lajaie's cruiser,Invictus Class Star Cruiser,Conner Bentley,,inherited,1.0,,https://sketchfab.com/3d-models/none-8ba24769c02b401d88f50655505c92be
Starships,individual,Individuals/Lakota,Lakota,Kei Truck Scout Transport,JohnMesplay,,inherited,1.0,,https://sketchfab.com/3d-models/none-0cb4b243a9dd4d1ca1ab30a17f23ac81
Starships,individual,Individuals/Lambarian Crab,Lambarian Crab,"YTS-27 light freighter ""The Kowakian Corsair""",JP_2793,,inherited,1.0,,https://sketchfab.com/3d-models/none-3e187fed67034c488a0a9e41eae36628
Starships,individual,Individuals/Lambda (shuttle),Lambda (shuttle),Star Wars: Lambda Shuttle,Daniel,,exact,1.0,,https://sketchfab.com/3d-models/none-9d160e16845a4b518a2d30a7c716f20d
Starships,individual,Individuals/Lambda 1,Lambda 1,Lambda Cockpit Version 1,MichaelEGA,,exact,1.0,,https://sketchfab.com/3d-models/none-20cb5b1aa4cc47d2a96f29dc634efe38
Starships,individual,Individuals/Lamprey Longstar,Lamprey Longstar,Star Wars: BFF-1 Bulk Freighter,Daniel,,inherited,1.0,,https://sketchfab.com/3d-models/none-2131f750afff479588a46321d17ee25f
Starships,individual,Individuals/Lance (Nebulon-B2 frigate),Lance,Star Wars: Nebulon B Frigate,Daniel,,inherited,1.0,,https://sketchfab.com/3d-models/none-1986f7b0dee647b3b2374eb80dbd1faf
Starships,individual,Individuals/Lancer,Lancer,Lancer-class Frigate,gavinpgamer1,,exact,1.0,,https://sketchfab.com/3d-models/none-0beab745bc7f4c7fb8497259d697e5b5
Starships,individual,Individuals/Lanigiro,Lanigiro,"YTS-27 light freighter ""The Kowakian Corsair""",JP_2793,,inherited,1.0,,https://sketchfab.com/3d-models/none-3e187fed67034c488a0a9e41eae36628
Starships,individual,Individuals/Lanoree Brock's Peacemaker,Lanoree Brock's Peacemaker,Invictus Class Star Cruiser,Conner Bentley,,inherited,1.0,,https://sketchfab.com/3d-models/none-8ba24769c02b401d88f50655505c92be
Starships,individual,Individuals/Lanupan security vessel,Lanupan security vessel,X-wing starfighter | T-65C-A2,Alana G,,inherited,1.0,,https://sketchfab.com/3d-models/none-2397144aa2314e8fb03bf131d8f56af4
Starships,individual,Individuals/Lapiz Cutter,Lapiz Cutter,Star Wars: Lambda Shuttle,Daniel,,inherited,1.0,,https://sketchfab.com/3d-models/none-9d160e16845a4b518a2d30a7c716f20d
Starships,individual,Individuals/Lark,Lark,Kei Truck Scout Transport,JohnMesplay,,inherited,1.0,,https://sketchfab.com/3d-models/none-0cb4b243a9dd4d1ca1ab30a17f23ac81
Starships,individual,Individuals/Larkhess,Larkhess,Star Destroyer Hallway,A308 Digital,,inherited,1.0,,https://sketchfab.com/3d-models/none-eba38859a8484637a5d61f7e9e769a7d
Starships,individual,Individuals/Larkrer,Larkrer,"YTS-27 light freighter ""The Kowakian Corsair""",JP_2793,,inherited,1.0,,https://sketchfab.com/3d-models/none-3e187fed67034c488a0a9e41eae36628
Starships,individual,Individuals/Last Call (Ginivex-class),Last Call,Star Wars AT-AT Driver,Batuhan13,,weak,0.5,,https://sketchfab.com/3d-models/none-fced4a7e11b0450c8c94e3eb253f4ede
Starships,individual,Individuals/Last Chance,Last Chance,Star Wars: Lambda Shuttle,Daniel,,inherited,1.0,,https://sketchfab.com/3d-models/none-9d160e16845a4b518a2d30a7c716f20d
Starships,individual,Individuals/Last Chance (YT-1300 light freighter),Last Chance,Star Wars Galaxies - YT1300 (Inside),Zorg_Sinister,,inherited,0.769,,https://sketchfab.com/3d-models/none-400abf08c94e4b4e809fca0aa51a5e00
Starships,individual,Individuals/Last Chance (YT-1300 light freighter) (Legends),Last Chance,Star Wars Galaxies - YT1300 (Inside),Zorg_Sinister,,inherited,0.769,,https://sketchfab.com/3d-models/none-400abf08c94e4b4e809fca0aa51a5e00
Starships,individual,Individuals/Last Hope (CR90 corvette),Last Hope,Star Wars: Raider-class Corvette,Daniel,,inherited,1.0,,https://sketchfab.com/3d-models/none-8732794c82044aafb1c74a55b07674e0
Starships,individual,Individuals/Lastri's Ort,Lastri's Ort,Star Destroyer Hallway,A308 Digital,,inherited,1.0,,https://sketchfab.com/3d-models/none-eba38859a8484637a5d61f7e9e769a7d
Starships,individual,Individuals/Lathien Leth,Lathien Leth,"YTS-27 light freighter ""The Kowakian Corsair""",JP_2793,,inherited,1.0,,https://sketchfab.com/3d-models/none-3e187fed67034c488a0a9e41eae36628
Starships,individual,Individuals/Lathir,Lathir,Invictus Class Star Cruiser,Conner Bentley,,inherited,1.0,,https://sketchfab.com/3d-models/none-8ba24769c02b401d88f50655505c92be
Starships,individual,Individuals/Laudable,Laudable,Star Wars: Imperial II Star Destroyer,Daniel,,inherited,1.0,,https://sketchfab.com/3d-models/none-b8bd2d35f7604670ab85242c06c6d280
Starships,individual,Individuals/Laughing Dancer,Laughing Dancer,"YTS-27 light freighter ""The Kowakian Corsair""",JP_2793,,inherited,1.0,,https://sketchfab.com/3d-models/none-3e187fed67034c488a0a9e41eae36628
Starships,individual,Individuals/Lawbringer,Lawbringer,Star Wars: Imperial II Star Destroyer,Daniel,,inherited,1.0,,https://sketchfab.com/3d-models/none-b8bd2d35f7604670ab85242c06c6d280
Starships,individual,Individuals/Lazy Katarn,Lazy Katarn,"YTS-27 light freighter ""The Kowakian Corsair""",JP_2793,,inherited,1.0,,https://sketchfab.com/3d-models/none-3e187fed67034c488a0a9e41eae36628
Starships,individual,Individuals/Leebon's shuttle,Leebon's shuttle,Star Wars: Lambda Shuttle,Daniel,,inherited,1.0,,https://sketchfab.com/3d-models/none-9d160e16845a4b518a2d30a7c716f20d
Starships,individual,Individuals/Leema Kai's N-1 starfighter,Leema Kai's N-1 starfighter,X-wing starfighter | T-65C-A2,Alana G,,inherited,1.0,,https://sketchfab.com/3d-models/none-2397144aa2314e8fb03bf131d8f56af4
Starships,individual,Individuals/Lefken's Dreams,Lefken's Dreams,"YTS-27 light freighter ""The Kowakian Corsair""",JP_2793,,inherited,1.0,,https://sketchfab.com/3d-models/none-3e187fed67034c488a0a9e41eae36628
Starships,individual,Individuals/Legacy (Star Destroyer),Legacy,Star Wars: Imperial II Star Destroyer,Daniel,,inherited,1.0,,https://sketchfab.com/3d-models/none-b8bd2d35f7604670ab85242c06c6d280
Starships,individual,Individuals/Legacy Run,Legacy Run,"YTS-27 light freighter ""The Kowakian Corsair""",JP_2793,,inherited,1.0,,https://sketchfab.com/3d-models/none-3e187fed67034c488a0a9e41eae36628
Starships,individual,Individuals/Leia Organa's shuttle,Leia Organa's shuttle,Star Wars: Lambda Shuttle,Daniel,,inherited,1.0,,https://sketchfab.com/3d-models/none-9d160e16845a4b518a2d30a7c716f20d
Starships,individual,Individuals/Leilana's Dagger,Leilana's Dagger,X-wing starfighter | T-65C-A2,Alana G,,inherited,1.0,,https://sketchfab.com/3d-models/none-2397144aa2314e8fb03bf131d8f56af4
Starships,individual,Individuals/Lendros,Lendros,Star Wars: Lambda Shuttle,Daniel,,inherited,1.0,,https://sketchfab.com/3d-models/none-9d160e16845a4b518a2d30a7c716f20d
Starships,individual,Individuals/Leveler,Leveler,Republic Assault Ship,StarWars-Universe,,inherited,1.0,,https://sketchfab.com/3d-models/none-e56b33bb58cc448ab134675e69dbc224
Starships,individual,Individuals/Leverage,Leverage,Invictus Class Star Cruiser,Conner Bentley,,inherited,1.0,,https://sketchfab.com/3d-models/none-8ba24769c02b401d88f50655505c92be
Starships,individual,Individuals/Leviathan,Leviathan,Star Wars The Old Republic Leviathan interdictor,Cpt.Kirk,,exact,1.0,,https://sketchfab.com/3d-models/none-ccc05006281b4dedb52ef47d64dd4b60
Starships,individual,Individuals/Leviathan (Continent-class crawler),Leviathan,Star Wars The Old Republic Leviathan interdictor,Cpt.Kirk,,exact,1.0,,https://sketchfab.com/3d-models/none-ccc05006281b4dedb52ef47d64dd4b60
Starships,individual,Individuals/Leviathan (Dreadnaught-class),Leviathan,Star Wars The Old Republic Leviathan interdictor,Cpt.Kirk,,exact,1.0,,https://sketchfab.com/3d-models/none-ccc05006281b4dedb52ef47d64dd4b60
Starships,individual,Individuals/Leviathan (Interdictor-class cruiser),Leviathan,Star Wars The Old Republic Leviathan interdictor,Cpt.Kirk,,exact,1.0,,https://sketchfab.com/3d-models/none-ccc05006281b4dedb52ef47d64dd4b60
Starships,individual,Individuals/Leviathan (luxury liner),Leviathan,Star Wars The Old Republic Leviathan interdictor,Cpt.Kirk,,exact,1.0,,https://sketchfab.com/3d-models/none-ccc05006281b4dedb52ef47d64dd4b60
Starships,individual,Individuals/Lexus Primal,Lexus Primal,"YTS-27 light freighter ""The Kowakian Corsair""",JP_2793,,inherited,1.0,,https://sketchfab.com/3d-models/none-3e187fed67034c488a0a9e41eae36628
Starships,individual,Individuals/Lha-Mi's Peacemaker,Lha-Mi's Peacemaker,Invictus Class Star Cruiser,Conner Bentley,,inherited,1.0,,https://sketchfab.com/3d-models/none-8ba24769c02b401d88f50655505c92be
Starships,individual,Individuals/Liberation (Venator-class),Liberation,Star Wars: Imperial II Star Destroyer,Daniel,,inherited,1.0,,https://sketchfab.com/3d-models/none-b8bd2d35f7604670ab85242c06c6d280
Starships,individual,Individuals/Liberator (CR90 corvette),Liberator,Star Wars: Liberator-class Starfighter,Daniel,,exact,1.0,,https://sketchfab.com/3d-models/none-825efd2b9aaa4ad3b39a433f8df02cfb
Starships,individual,Individuals/Liberator (EF76 Nebulon-B escort frigate),Liberator,Star Wars: Liberator-class Starfighter,Daniel,,exact,1.0,,https://sketchfab.com/3d-models/none-825efd2b9aaa4ad3b39a433f8df02cfb
Starships,individual,Individuals/Liberator (Imperial I-class),Liberator,Star Wars: Liberator-class Starfighter,Daniel,,exact,1.0,,https://sketchfab.com/3d-models/none-825efd2b9aaa4ad3b39a433f8df02cfb
Starships,individual,Individuals/Liberator (Liberator-class),Liberator,Star Wars: Liberator-class Starfighter,Daniel,,exact,1.0,,https://sketchfab.com/3d-models/none-825efd2b9aaa4ad3b39a433f8df02cfb
Starships,individual,Individuals/Liberator (Mere),Liberator,Star Wars: Liberator-class Starfighter,Daniel,,exact,1.0,,https://sketchfab.com/3d-models/none-825efd2b9aaa4ad3b39a433f8df02cfb
Starships,individual,Individuals/Liberator (Venator-class),Liberator,Star Wars: Liberator-class Starfighter,Daniel,,exact,1.0,,https://sketchfab.com/3d-models/none-825efd2b9aaa4ad3b39a433f8df02cfb
Starships,individual,Individuals/Libertine,Libertine,Kei Truck Scout Transport,JohnMesplay,,inherited,1.0,,https://sketchfab.com/3d-models/none-0cb4b243a9dd4d1ca1ab30a17f23ac81
Starships,individual,Individuals/Liberty,Liberty,Star Wars: MC80 Liberty,Daniel,,exact,1.0,,https://sketchfab.com/3d-models/none-7cfe7d5cd8f44db9a0e6095b0f007472
Starships,individual,Individuals/Liberty (Legends),Liberty,Star Wars: MC80 Liberty,Daniel,,exact,1.0,,https://sketchfab.com/3d-models/none-7cfe7d5cd8f44db9a0e6095b0f007472
Starships,individual,Individuals/Liberty (Majestic-class),Liberty,Star Wars: MC80 Liberty,Daniel,,exact,1.0,,https://sketchfab.com/3d-models/none-7cfe7d5cd8f44db9a0e6095b0f007472
Starships,individual,Individuals/Liberty (Venator-class),Liberty,Star Wars: MC80 Liberty,Daniel,,exact,1.0,,https://sketchfab.com/3d-models/none-7cfe7d5cd8f44db9a0e6095b0f007472
Starships,individual,Individuals/Liberty (Venator-class) (Legends),Liberty,Star Wars: MC80 Liberty,Daniel,,exact,1.0,,https://sketchfab.com/3d-models/none-7cfe7d5cd8f44db9a0e6095b0f007472
Starships,individual,Individuals/Liberty (Yevetha),Liberty,Star Wars: MC80 Liberty,Daniel,,exact,1.0,,https://sketchfab.com/3d-models/none-7cfe7d5cd8f44db9a0e6095b0f007472
Starships,individual,Individuals/Liberty Gambler,Liberty Gambler,Star Wars: Nebulon B Frigate,Daniel,,inherited,1.0,,https://sketchfab.com/3d-models/none-1986f7b0dee647b3b2374eb80dbd1faf
Starships,individual,Individuals/Liberty Star,Liberty Star,Star Wars: MC80 Liberty,Daniel,,exact,1.0,,https://sketchfab.com/3d-models/none-7cfe7d5cd8f44db9a0e6095b0f007472
Starships,individual,Individuals/Liberty's Misrule,Liberty's Misrule,Star Wars Dreadnought,bruhepic925,,inherited,1.0,,https://sketchfab.com/3d-models/none-d146d98ea3b346548f463181331b9e70
Starships,individual,Individuals/Libom,Libom,"YTS-27 light freighter ""The Kowakian Corsair""",JP_2793,,inherited,1.0,,https://sketchfab.com/3d-models/none-3e187fed67034c488a0a9e41eae36628
Starships,individual,Individuals/Libra,Libra,Star Wars: Raider-class Corvette,Daniel,,inherited,1.0,,https://sketchfab.com/3d-models/none-8732794c82044aafb1c74a55b07674e0
Starships,individual,Individuals/Libro,Libro,Star Wars Galaxies - YT1300 (Inside),Zorg_Sinister,,inherited,0.769,,https://sketchfab.com/3d-models/none-400abf08c94e4b4e809fca0aa51a5e00
Starships,individual,Individuals/Lifeline (YT-1300 light freighter),Lifeline,"YTS-27 light freighter ""The Kowakian Corsair""",JP_2793,,inherited,1.0,,https://sketchfab.com/3d-models/none-3e187fed67034c488a0a9e41eae36628
Starships,individual,Individuals/Lightmaker,Lightmaker,Star Wars: Raider-class Corvette,Daniel,,inherited,1.0,,https://sketchfab.com/3d-models/none-8732794c82044aafb1c74a55b07674e0
Starships,individual,Individuals/Lightning (Nebulon-B2 frigate),Lightning,Darth Sidious Betraying Darth Plagueis,Christian Day,,exact,1.0,,https://sketchfab.com/3d-models/none-d79d9eeb14b4470981e1c1242c17d4bf
Starships,individual,Individuals/Lightning Rod,Lightning Rod,"YTS-27 light freighter ""The Kowakian Corsair""",JP_2793,,inherited,1.0,,https://sketchfab.com/3d-models/none-3e187fed67034c488a0a9e41eae36628
Starships,individual,Individuals/Lillibanca,Lillibanca,Invictus Class Star Cruiser,Conner Bentley,,inherited,1.0,,https://sketchfab.com/3d-models/none-8ba24769c02b401d88f50655505c92be
Starships,individual,Individuals/Limit of Vision,Limit of Vision,X-wing starfighter | T-65C-A2,Alana G,,inherited,1.0,,https://sketchfab.com/3d-models/none-2397144aa2314e8fb03bf131d8f56af4
Starships,individual,Individuals/Limping Lady,Limping Lady,"YTS-27 light freighter ""The Kowakian Corsair""",JP_2793,,inherited,1.0,,https://sketchfab.com/3d-models/none-3e187fed67034c488a0a9e41eae36628
Starships,individual,Individuals/Lina's starfighter,Lina's starfighter,X-wing starfighter | T-65C-A2,Alana G,,inherited,1.0,,https://sketchfab.com/3d-models/none-2397144aa2314e8fb03bf131d8f56af4
Starships,individual,Individuals/Lindsey's CR90 corvette,Lindsey's CR90 corvette,Star Wars: Raider-class Corvette,Daniel,,inherited,1.0,,https://sketchfab.com/3d-models/none-8732794c82044aafb1c74a55b07674e0
Starships,individual,Individuals/Lindworm,Lindworm,Harrrower Class Dreadnaught,Kalashnikov 3D,,inherited,1.0,,https://sketchfab.com/3d-models/none-6e230cc7f6b84649bbab92a5f5ee6347
Starships,individual,Individuals/Link,Link,Invictus Class Star Cruiser,Conner Bentley,,inherited,1.0,,https://sketchfab.com/3d-models/none-8ba24769c02b401d88f50655505c92be
Starships,individual,Individuals/Lion (Nebulon-B2 frigate),Lion,Star Wars: Nebulon B Frigate,Daniel,,inherited,1.0,,https://sketchfab.com/3d-models/none-1986f7b0dee647b3b2374eb80dbd1faf
Starships,individual,Individuals/Liquidator (Imperial-class),Liquidator,Star Wars: Imperial II Star Destroyer,Daniel,,inherited,1.0,,https://sketchfab.com/3d-models/none-b8bd2d35f7604670ab85242c06c6d280
Starships,individual,Individuals/Liswarr,Liswarr,Star Wars LAAT/i Gunship,smithson17,,inherited,1.0,,https://sketchfab.com/3d-models/none-77e5a30af490488c8019dcb3780ec847
Starships,individual,Individuals/Little Bivoli,Little Bivoli,Star Wars: Quartermaster-class Supply Carrier,Daniel,,inherited,1.0,,https://sketchfab.com/3d-models/none-6ee2bc9379dd44aab85988d2716bad93
Starships,individual,Individuals/Little Vixen,Little Vixen,Kei Truck Scout Transport,JohnMesplay,,inherited,1.0,,https://sketchfab.com/3d-models/none-0cb4b243a9dd4d1ca1ab30a17f23ac81
Starships,individual,Individuals/Lodestar,Lodestar,Invictus Class Star Cruiser,Conner Bentley,,inherited,1.0,,https://sketchfab.com/3d-models/none-8ba24769c02b401d88f50655505c92be
Starships,individual,Individuals/Lonely Five (starfighter),Lonely Five,X-wing starfighter | T-65C-A2,Alana G,,inherited,1.0,,https://sketchfab.com/3d-models/none-2397144aa2314e8fb03bf131d8f56af4
Starships,individual,Individuals/Long Shot,Long Shot,"YTS-27 light freighter ""The Kowakian Corsair""",JP_2793,,inherited,1.0,,https://sketchfab.com/3d-models/none-3e187fed67034c488a0a9e41eae36628
Starships,individual,Individuals/Longest Winter,Longest Winter,"YTS-27 light freighter ""The Kowakian Corsair""",JP_2793,,inherited,1.0,,https://sketchfab.com/3d-models/none-3e187fed67034c488a0a9e41eae36628
Starships,individual,Individuals/Loose Cannon,Loose Cannon,Star Wars LAAT/i Gunship,smithson17,,inherited,1.0,,https://sketchfab.com/3d-models/none-77e5a30af490488c8019dcb3780ec847
Starships,individual,Individuals/Lord Junn,Lord Junn,Star Wars: Personal Luxury Yacht 3000,Daniel,,inherited,1.0,,https://sketchfab.com/3d-models/none-cb6dee6d3d964b69ba50c95b220e4f9e
Starships,individual,Individuals/Lord Vader's Lambda,Lord Vader's Lambda,Star Wars: Lambda Shuttle,Daniel,,inherited,1.0,,https://sketchfab.com/3d-models/none-9d160e16845a4b518a2d30a7c716f20d
Starships,individual,Individuals/Lore Seeker,Lore Seeker,X-wing starfighter | T-65C-A2,Alana G,,inherited,1.0,,https://sketchfab.com/3d-models/none-2397144aa2314e8fb03bf131d8f56af4
Starships,individual,Individuals/Lost Hope,Lost Hope,"YTS-27 light freighter ""The Kowakian Corsair""",JP_2793,,inherited,1.0,,https://sketchfab.com/3d-models/none-3e187fed67034c488a0a9e41eae36628
Starships,individual,Individuals/Lost Lady,Lost Lady,Kei Truck Scout Transport,JohnMesplay,,inherited,1.0,,https://sketchfab.com/3d-models/none-0cb4b243a9dd4d1ca1ab30a17f23ac81
Starships,individual,Individuals/Lost Reef,Lost Reef,"YTS-27 light freighter ""The Kowakian Corsair""",JP_2793,,inherited,1.0,,https://sketchfab.com/3d-models/none-3e187fed67034c488a0a9e41eae36628
Starships,individual,Individuals/Lourna Dee (cruiser),Lourna Dee,Invictus Class Star Cruiser,Conner Bentley,,inherited,1.0,,https://sketchfab.com/3d-models/none-8ba24769c02b401d88f50655505c92be
Starships,individual,Individuals/Lucan's Nightmare,Lucan's Nightmare,"YTS-27 light freighter ""The Kowakian Corsair""",JP_2793,,inherited,1.0,,https://sketchfab.com/3d-models/none-3e187fed67034c488a0a9e41eae36628
Starships,individual,Individuals/Lucid Voice,Lucid Voice,Harrower Class Dreadnought,Kuat-Entralla 3D Engineering,,inherited,1.0,,https://sketchfab.com/3d-models/none-14cc2060a4d645eb82c23171933b81ab
Starships,individual,Individuals/Lucky Day,Lucky Day,"YTS-27 light freighter ""The Kowakian Corsair""",JP_2793,,inherited,1.0,,https://sketchfab.com/3d-models/none-3e187fed67034c488a0a9e41eae36628
Starships,individual,Individuals/Lucky Despot,Lucky Despot,"YTS-27 light freighter ""The Kowakian Corsair""",JP_2793,,inherited,1.0,,https://sketchfab.com/3d-models/none-3e187fed67034c488a0a9e41eae36628
Starships,individual,Individuals/Lucky Dragon,Lucky Dragon,Invictus Class Star Cruiser,Conner Bentley,,inherited,1.0,,https://sketchfab.com/3d-models/none-8ba24769c02b401d88f50655505c92be
Starships,individual,Individuals/Lucky Lekku,Lucky Lekku,Star Wars LAAT/i Gunship,smithson17,,inherited,1.0,,https://sketchfab.com/3d-models/none-77e5a30af490488c8019dcb3780ec847
Starships,individual,Individuals/Lucky Lekku (Legends),Lucky Lekku,Star Wars LAAT/i Gunship,smithson17,,inherited,1.0,,https://sketchfab.com/3d-models/none-77e5a30af490488c8019dcb3780ec847
Starships,individual,Individuals/Lucky Star II,Lucky Star II,"YTS-27 light freighter ""The Kowakian Corsair""",JP_2793,,inherited,1.0,,https://sketchfab.com/3d-models/none-3e187fed67034c488a0a9e41eae36628
Starships,individual,Individuals/Lucky Tortle,Lucky Tortle,Star Wars: Lambda Shuttle,Daniel,,inherited,1.0,,https://sketchfab.com/3d-models/none-9d160e16845a4b518a2d30a7c716f20d
Starships,individual,Individuals/Lucre,Lucre,Kei Truck Scout Transport,JohnMesplay,,inherited,1.0,,https://sketchfab.com/3d-models/none-0cb4b243a9dd4d1ca1ab30a17f23ac81
Starships,individual,Individuals/Lucrehulk Prime,Lucrehulk Prime,Space Battleship Yamato 2205,DJ-CheeF,,inherited,1.0,,https://sketchfab.com/3d-models/none-526cf6c315dd4056848f1431140d1965
Starships,individual,Individuals/Ludo Kressh's flagship,Ludo Kressh's flagship,Star Destroyer Hallway,A308 Digital,,inherited,1.0,,https://sketchfab.com/3d-models/none-eba38859a8484637a5d61f7e9e769a7d
Starships,individual,Individuals/Ludwick,Ludwick,Star Wars: Nebulon B Frigate,Daniel,,inherited,1.0,,https://sketchfab.com/3d-models/none-1986f7b0dee647b3b2374eb80dbd1faf
Starships,individual,Individuals/Luke Skywalker's freighter,Luke Skywalker's freighter,"YTS-27 light freighter ""The Kowakian Corsair""",JP_2793,,inherited,1.0,,https://sketchfab.com/3d-models/none-3e187fed67034c488a0a9e41eae36628
Starships,individual,Individuals/Lulsla (MC40a light cruiser),Lulsla,Arquitens-Class Light Cruiser,A308 Digital,,inherited,1.0,,https://sketchfab.com/3d-models/none-802fa70fb8cd46f5b741cb6b99f66229
Starships,individual,Individuals/Lulsla (MC80 Star Cruiser),Lulsla,Invictus Class Star Cruiser,Conner Bentley,,inherited,1.0,,https://sketchfab.com/3d-models/none-8ba24769c02b401d88f50655505c92be
Starships,individual,Individuals/Luminara Unduli's Delta-7B Aethersprite-class light interceptor,Luminara Unduli's Delta-7B Aethersprite-class light interceptor,X-wing starfighter | T-65C-A2,Alana G,,inherited,1.0,,https://sketchfab.com/3d-models/none-2397144aa2314e8fb03bf131d8f56af4
Starships,individual,Individuals/Luminara Unduli's Delta-7B Aethersprite-class light interceptor (Legends),Luminara Unduli's Delta-7B Aethersprite-class light interceptor,X-wing starfighter | T-65C-A2,Alana G,,inherited,1.0,,https://sketchfab.com/3d-models/none-2397144aa2314e8fb03bf131d8f56af4
Starships,individual,Individuals/Luminous,Luminous,Kei Truck Scout Transport,JohnMesplay,,inherited,1.0,,https://sketchfab.com/3d-models/none-0cb4b243a9dd4d1ca1ab30a17f23ac81
Starships,individual,Individuals/Luminous (battlecruiser),Luminous,Donachet Battlecruiser,gavinpgamer1,,inherited,1.0,,https://sketchfab.com/3d-models/none-44a6db481777492c8bd027e2b26054c1
Starships,individual,Individuals/Luminous Nine's shuttle,Luminous Nine's shuttle,Star Wars: Lambda Shuttle,Daniel,,inherited,1.0,,https://sketchfab.com/3d-models/none-9d160e16845a4b518a2d30a7c716f20d
Starships,individual,Individuals/Lupo,Lupo,Star Wars Dreadnaught-Class Heavy Cruiser,flannelandfilm,,inherited,1.0,,https://sketchfab.com/3d-models/none-14e6ad1266104dec96541b17000925f2
Starships,individual,Individuals/Lusankya,Lusankya,Star Wars Dreadnought,bruhepic925,,inherited,1.0,,https://sketchfab.com/3d-models/none-d146d98ea3b346548f463181331b9e70
Starships,individual,Individuals/Luster (cruiser),Luster,Invictus Class Star Cruiser,Conner Bentley,,inherited,1.0,,https://sketchfab.com/3d-models/none-8ba24769c02b401d88f50655505c92be
Starships,individual,Individuals/Luudrian Star,Luudrian Star,"YTS-27 light freighter ""The Kowakian Corsair""",JP_2793,,inherited,1.0,,https://sketchfab.com/3d-models/none-3e187fed67034c488a0a9e41eae36628
Starships,individual,Individuals/Lux's XS stock light freighter,Lux's XS stock light freighter,"YTS-27 light freighter ""The Kowakian Corsair""",JP_2793,,inherited,1.0,,https://sketchfab.com/3d-models/none-3e187fed67034c488a0a9e41eae36628
Starships,individual,Individuals/M'hendosat,M'hendosat,Star Wars Crate Cooler M,tegnemaskin,,weak,0.5,,https://sketchfab.com/3d-models/none-3444fba1f62a45abb905fd71da1a4331
Starships,individual,Individuals/Mace Windu's Delta-7 Aethersprite-class light interceptor,Mace Windu's Delta-7 Aethersprite-class light interceptor,Star Wars: TIE/in Interceptor,Daniel,,inherited,1.0,,https://sketchfab.com/3d-models/none-80171ec2930b4949836bcf24d9694c41
Starships,individual,Individuals/Mace Windu's Eta-2 Actis-class interceptor,Mace Windu's Eta-2 Actis-class interceptor,X-wing starfighter | T-65C-A2,Alana G,,inherited,1.0,,https://sketchfab.com/3d-models/none-2397144aa2314e8fb03bf131d8f56af4
Starships,individual,Individuals/Mace Windu's Jedi fighter,Mace Windu's Jedi fighter,Star Wars: TIE/in Interceptor,Daniel,,inherited,1.0,,https://sketchfab.com/3d-models/none-80171ec2930b4949836bcf24d9694c41
Starships,individual,Individuals/Mace Windu's Jedi fighter (Legends),Mace Windu's Jedi fighter,Star Wars: TIE/in Interceptor,Daniel,,inherited,1.0,,https://sketchfab.com/3d-models/none-80171ec2930b4949836bcf24d9694c41
Starships,individual,Individuals/Maelstrom (Maelstrom-class),Maelstrom,Donachet Battlecruiser,gavinpgamer1,,inherited,1.0,,https://sketchfab.com/3d-models/none-44a6db481777492c8bd027e2b26054c1
Starships,individual,Individuals/Maelstrom (Maelstrom-class) (Legends),Maelstrom,Donachet Battlecruiser,gavinpgamer1,,inherited,1.0,,https://sketchfab.com/3d-models/none-44a6db481777492c8bd027e2b26054c1
Starships,individual,Individuals/Magellan,Magellan,Star Wars: Imperial II Star Destroyer,Daniel,,inherited,1.0,,https://sketchfab.com/3d-models/none-b8bd2d35f7604670ab85242c06c6d280
Starships,individual,Individuals/Magic Dragon,Magic Dragon,Star Wars; Imperial-Class Star Destroyer,Heataker,,inherited,1.0,,https://sketchfab.com/3d-models/none-fa18d537db4d4020a443c1802ec0f88e
Starships,individual,Individuals/Magua,Magua,Star Wars: Raider-class Corvette,Daniel,,inherited,1.0,,https://sketchfab.com/3d-models/none-8732794c82044aafb1c74a55b07674e0
Starships,individual,Individuals/Majestic (Acclamator-class),Majestic,Republic Assault Ship,StarWars-Universe,,inherited,1.0,,https://sketchfab.com/3d-models/none-e56b33bb58cc448ab134675e69dbc224
Starships,individual,Individuals/Majestic (Imperial-class),Majestic,Low Poly: Imperial I Class Star Destroyer,David Onizaki,,inherited,1.0,,https://sketchfab.com/3d-models/none-f74ee8ea46214ba88f11d00d8dd29d42
Starships,individual,Individuals/Majestic (Venator-class),Majestic,Star Wars: Imperial II Star Destroyer,Daniel,,inherited,1.0,,https://sketchfab.com/3d-models/none-b8bd2d35f7604670ab85242c06c6d280
Starships,individual,Individuals/Majestic Gundark,Majestic Gundark,Kei Truck Scout Transport,JohnMesplay,,inherited,1.0,,https://sketchfab.com/3d-models/none-0cb4b243a9dd4d1ca1ab30a17f23ac81
Starships,individual,Individuals/Malevolence,Malevolence,The Malevolence die-cast,dandruffkielbasa,,exact,1.0,,https://sketchfab.com/3d-models/none-d48949c425704a8dafbe7e65d6dcd8c1
Starships,individual,Individuals/Malevolence (II),Malevolence,The Malevolence die-cast,dandruffkielbasa,,exact,1.0,,https://sketchfab.com/3d-models/none-d48949c425704a8dafbe7e65d6dcd8c1
Starships,individual,Individuals/Malevolence (Legends),Malevolence,The Malevolence die-cast,dandruffkielbasa,,exact,1.0,,https://sketchfab.com/3d-models/none-d48949c425704a8dafbe7e65d6dcd8c1
Starships,individual,Individuals/Malevolence (qaz-class),Malevolence,The Malevolence die-cast,dandruffkielbasa,,exact,1.0,,https://sketchfab.com/3d-models/none-d48949c425704a8dafbe7e65d6dcd8c1
Starships,individual,Individuals/Malice (Imperial I-class),Malice,Star Wars: Imperial II Star Destroyer,Daniel,,inherited,1.0,,https://sketchfab.com/3d-models/none-b8bd2d35f7604670ab85242c06c6d280
Starships,individual,Individuals/Malik Carr's personal ship,Malik Carr's personal ship,Star Wars: Nebulon B Frigate,Daniel,,inherited,1.0,,https://sketchfab.com/3d-models/none-1986f7b0dee647b3b2374eb80dbd1faf
Starships,individual,Individuals/Mangez IV,Mangez IV,Star Wars: Lambda Shuttle,Daniel,,inherited,1.0,,https://sketchfab.com/3d-models/none-9d160e16845a4b518a2d30a7c716f20d
Starships,individual,Individuals/Manta,Manta,Manta spaceship,Jungle Jim,,exact,1.0,,https://sketchfab.com/3d-models/none-fd1c032eec6e4cd8b79a03e7aa1e6ef3
Starships,individual,Individuals/Mantan Wanderer,Mantan Wanderer,Invictus Class Star Cruiser,Conner Bentley,,inherited,1.0,,https://sketchfab.com/3d-models/none-8ba24769c02b401d88f50655505c92be
Starships,individual,Individuals/Manticore,Manticore,Star Wars: Imperial II Star Destroyer,Daniel,,inherited,1.0,,https://sketchfab.com/3d-models/none-b8bd2d35f7604670ab85242c06c6d280
Starships,individual,Individuals/Manticore (Delta-class JV-7 escort shuttle),Manticore,Star Wars: Lambda Shuttle,Daniel,,inherited,1.0,,https://sketchfab.com/3d-models/none-9d160e16845a4b518a2d30a7c716f20d
Starships,individual,Individuals/Mantooine (CR90 corvette),Mantooine,Star Wars: Raider-class Corvette,Daniel,,inherited,1.0,,https://sketchfab.com/3d-models/none-8732794c82044aafb1c74a55b07674e0
Starships,individual,Individuals/Manus Ferre,Manus Ferre,Star Wars: Nebulon B Frigate,Daniel,,inherited,1.0,,https://sketchfab.com/3d-models/none-1986f7b0dee647b3b2374eb80dbd1faf
Starships,individual,Individuals/Mara (BFF-1 bulk freighter),Mara,-Star Wars- Mara Jade's Lightsaber,ARKON MAREK,,exact,1.0,,https://sketchfab.com/3d-models/none-a07c06d686a8459384e3bd7fc490cf76
Starships,individual,Individuals/Marauder (Acclamator-class),Marauder,Star Wars: Nebulon B Frigate,Daniel,,inherited,1.0,,https://sketchfab.com/3d-models/none-1986f7b0dee647b3b2374eb80dbd1faf
Starships,individual,Individuals/Marauder (Ardent-class),Marauder,Star Wars: Marauder-class Corvette,Daniel,,exact,1.0,,https://sketchfab.com/3d-models/none-12acc2a9ba2142468e3b47b84e929a48
Starships,individual,Individuals/Marauder (Arquitens-class command cruiser),Marauder,Star Wars: Marauder-class Corvette,Daniel,,exact,1.0,,https://sketchfab.com/3d-models/none-12acc2a9ba2142468e3b47b84e929a48
Starships,individual,Individuals/Marauder (Firespray-31-class),Marauder,Star Wars: Marauder-class Corvette,Daniel,,exact,1.0,,https://sketchfab.com/3d-models/none-12acc2a9ba2142468e3b47b84e929a48
Starships,individual,Individuals/Marauder (Omicron-class),Marauder,Star Wars: Marauder-class Corvette,Daniel,,exact,1.0,,https://sketchfab.com/3d-models/none-12acc2a9ba2142468e3b47b84e929a48
Starships,individual,Individuals/Marauder (Warrior-class),Marauder,Star Wars: Marauder-class Corvette,Daniel,,exact,1.0,,https://sketchfab.com/3d-models/none-12acc2a9ba2142468e3b47b84e929a48
Starships,individual,Individuals/Marauder (Weequay pirate ship),Marauder,Star Wars: Marauder-class Corvette,Daniel,,exact,1.0,,https://sketchfab.com/3d-models/none-12acc2a9ba2142468e3b47b84e929a48
Starships,individual,Individuals/Marauder (Weequay pirate ship) (Legends),Marauder,Star Wars: Marauder-class Corvette,Daniel,,exact,1.0,,https://sketchfab.com/3d-models/none-12acc2a9ba2142468e3b47b84e929a48
Starships,individual,Individuals/Marauder (frigate),Marauder,Star Wars: Marauder-class Corvette,Daniel,,exact,1.0,,https://sketchfab.com/3d-models/none-12acc2a9ba2142468e3b47b84e929a48
Starships,individual,Individuals/Marduk,Marduk,Star Wars: Carrack-class light cruiser,Daniel,,inherited,1.0,,https://sketchfab.com/3d-models/none-281cda7a7bfa4f91958490e19b4da56d
Starships,individual,Individuals/Maree's Diligence,Maree's Diligence,"YTS-27 light freighter ""The Kowakian Corsair""",JP_2793,,inherited,1.0,,https://sketchfab.com/3d-models/none-3e187fed67034c488a0a9e41eae36628
Starships,individual,Individuals/Margaret (starship),Margaret,Arquitens-Class Light Cruiser,A308 Digital,,inherited,1.0,,https://sketchfab.com/3d-models/none-802fa70fb8cd46f5b741cb6b99f66229
Starships,individual,Individuals/Maria (MC80 Star Cruiser),Maria,Invictus Class Star Cruiser,Conner Bentley,,inherited,1.0,,https://sketchfab.com/3d-models/none-8ba24769c02b401d88f50655505c92be
Starships,individual,Individuals/Marrok's Fiend fighter,Marrok's Fiend fighter,X-wing starfighter | T-65C-A2,Alana G,,inherited,1.0,,https://sketchfab.com/3d-models/none-2397144aa2314e8fb03bf131d8f56af4
Starships,individual,Individuals/Marshskimmer,Marshskimmer,"YTS-27 light freighter ""The Kowakian Corsair""",JP_2793,,inherited,1.0,,https://sketchfab.com/3d-models/none-3e187fed67034c488a0a9e41eae36628
Starships,individual,Individuals/Martinette,Martinette,Star Wars Galaxies - YT1300 (Inside),Zorg_Sinister,,inherited,0.769,,https://sketchfab.com/3d-models/none-400abf08c94e4b4e809fca0aa51a5e00
Starships,individual,Individuals/Martyr,Martyr,Star Wars: Lambda Shuttle,Daniel,,inherited,1.0,,https://sketchfab.com/3d-models/none-9d160e16845a4b518a2d30a7c716f20d
Starships,individual,Individuals/Mas Ramdar,Mas Ramdar,Star Wars Dreadnaught-Class Heavy Cruiser,flannelandfilm,,inherited,1.0,,https://sketchfab.com/3d-models/none-14e6ad1266104dec96541b17000925f2
Starships,individual,Individuals/Mas Ramdar (Legends),Mas Ramdar,Star Wars Dreadnaught-Class Heavy Cruiser,flannelandfilm,,inherited,1.0,,https://sketchfab.com/3d-models/none-14e6ad1266104dec96541b17000925f2
Starships,individual,Individuals/Masanya,Masanya,Star Wars: Raider-class Corvette,Daniel,,inherited,1.0,,https://sketchfab.com/3d-models/none-8732794c82044aafb1c74a55b07674e0
Starships,individual,Individuals/Masquerade,Masquerade,Star Wars: Personal Luxury Yacht 3000,Daniel,,inherited,1.0,,https://sketchfab.com/3d-models/none-cb6dee6d3d964b69ba50c95b220e4f9e
Starships,individual,Individuals/Mastala (DP20 gunship),Mastala,Star Wars LAAT/i Gunship,smithson17,,inherited,1.0,,https://sketchfab.com/3d-models/none-77e5a30af490488c8019dcb3780ec847
Starships,individual,Individuals/Master Stroke,Master Stroke,Star Wars; Imperial-Class Star Destroyer,Heataker,,inherited,1.0,,https://sketchfab.com/3d-models/none-fa18d537db4d4020a443c1802ec0f88e
Starships,individual,Individuals/Maul's cargo ship,Maul's cargo ship,"YTS-27 light freighter ""The Kowakian Corsair""",JP_2793,,inherited,1.0,,https://sketchfab.com/3d-models/none-3e187fed67034c488a0a9e41eae36628
Starships,individual,Individuals/Mauler,Mauler,Mauler 3D Model,ShineyFX,,exact,1.0,,https://sketchfab.com/3d-models/none-599a25f9afa54718b686fbb5069747a3
Starships,individual,Individuals/Maximus,Maximus,Invictus Class Star Cruiser,Conner Bentley,,inherited,1.0,,https://sketchfab.com/3d-models/none-8ba24769c02b401d88f50655505c92be
Starships,individual,Individuals/Mayjeln (freighter),Mayjeln,"YTS-27 light freighter ""The Kowakian Corsair""",JP_2793,,inherited,1.0,,https://sketchfab.com/3d-models/none-3e187fed67034c488a0a9e41eae36628
Starships,individual,Individuals/Maz Kanata's TUG-b13,Maz Kanata's TUG-b13,Orange SpaceTug,LDoo,,inherited,1.0,,https://sketchfab.com/3d-models/none-1bbc5f0d36b949589506dd7ff811268d
Starships,individual,Individuals/Meandering Star,Meandering Star,"YTS-27 light freighter ""The Kowakian Corsair""",JP_2793,,inherited,1.0,,https://sketchfab.com/3d-models/none-3e187fed67034c488a0a9e41eae36628
Starships,individual,Individuals/Mediator (DP20 gunship),Mediator,Star Wars LAAT/i Gunship,smithson17,,inherited,1.0,,https://sketchfab.com/3d-models/none-77e5a30af490488c8019dcb3780ec847
Starships,individual,Individuals/Medical frigate 517,Medical frigate 517,Star Wars: Nebulon B Frigate,Daniel,,inherited,1.0,,https://sketchfab.com/3d-models/none-1986f7b0dee647b3b2374eb80dbd1faf
Starships,individual,Individuals/Medical frigate 517 (Legends),Medical frigate 517,Invictus Class Star Cruiser,Conner Bentley,,inherited,1.0,,https://sketchfab.com/3d-models/none-8ba24769c02b401d88f50655505c92be
Starships,individual,Individuals/Megador,Megador,Star Wars Dreadnought,bruhepic925,,inherited,1.0,,https://sketchfab.com/3d-models/none-d146d98ea3b346548f463181331b9e70
Starships,individual,Individuals/Mek Nu'Tiv's cruiser,Mek Nu'Tiv's cruiser,Invictus Class Star Cruiser,Conner Bentley,,inherited,1.0,,https://sketchfab.com/3d-models/none-8ba24769c02b401d88f50655505c92be
Starships,individual,Individuals/Mellcrawler,Mellcrawler,Star Wars: Personal Luxury Yacht 3000,Daniel,,inherited,1.0,,https://sketchfab.com/3d-models/none-cb6dee6d3d964b69ba50c95b220e4f9e
Starships,individual,Individuals/Mellcrawler II,Mellcrawler II,Star Wars: Personal Luxury Yacht 3000,Daniel,,inherited,1.0,,https://sketchfab.com/3d-models/none-cb6dee6d3d964b69ba50c95b220e4f9e
Starships,individual,Individuals/Memory,Memory,Jedi Holocron,Greggory_Fisher,,exact,1.0,,https://sketchfab.com/3d-models/none-1d5e04a564464ff9b0675a44309bce9f
Starships,individual,Individuals/Meniscus,Meniscus,Star Wars; Imperial-Class Star Destroyer,Heataker,,inherited,1.0,,https://sketchfab.com/3d-models/none-fa18d537db4d4020a443c1802ec0f88e
Starships,individual,Individuals/Mercatan,Mercatan,"YTS-27 light freighter ""The Kowakian Corsair""",JP_2793,,inherited,1.0,,https://sketchfab.com/3d-models/none-3e187fed67034c488a0a9e41eae36628
Starships,individual,Individuals/Mercator,Mercator,Invictus Class Star Cruiser,Conner Bentley,,inherited,1.0,,https://sketchfab.com/3d-models/none-8ba24769c02b401d88f50655505c92be
Starships,individual,Individuals/Merchant One,Merchant One,Arquitens-Class Light Cruiser,A308 Digital,,inherited,1.0,,https://sketchfab.com/3d-models/none-802fa70fb8cd46f5b741cb6b99f66229
Starships,individual,Individuals/Merciless (Star Destroyer),Merciless,Star Wars: Imperial II Star Destroyer,Daniel,,inherited,1.0,,https://sketchfab.com/3d-models/none-b8bd2d35f7604670ab85242c06c6d280
Starships,individual,Individuals/Mercurial,Mercurial,Star Wars: Imperial II Star Destroyer,Daniel,,inherited,1.0,,https://sketchfab.com/3d-models/none-b8bd2d35f7604670ab85242c06c6d280
Starships,individual,Individuals/Mercy (hospital ship),Mercy,Star Wars: Nebulon B Frigate,Daniel,,inherited,1.0,,https://sketchfab.com/3d-models/none-1986f7b0dee647b3b2374eb80dbd1faf
Starships,individual,Individuals/Meridian (light freighter),Meridian,"YTS-27 light freighter ""The Kowakian Corsair""",JP_2793,,inherited,1.0,,https://sketchfab.com/3d-models/none-3e187fed67034c488a0a9e41eae36628
Starships,individual,Individuals/Meridian Grace,Meridian Grace,"YTS-27 light freighter ""The Kowakian Corsair""",JP_2793,,inherited,1.0,,https://sketchfab.com/3d-models/none-3e187fed67034c488a0a9e41eae36628
Starships,individual,Individuals/Mersel Kebir,Mersel Kebir,Star Wars Dreadnaught-Class Heavy Cruiser,flannelandfilm,,inherited,1.0,,https://sketchfab.com/3d-models/none-14e6ad1266104dec96541b17000925f2
Starships,individual,Individuals/Meryx (starship),Meryx,"YTS-27 light freighter ""The Kowakian Corsair""",JP_2793,,inherited,1.0,,https://sketchfab.com/3d-models/none-3e187fed67034c488a0a9e41eae36628
Starships,individual,Individuals/Mescue,Mescue,Star Wars: Raider-class Corvette,Daniel,,inherited,1.0,,https://sketchfab.com/3d-models/none-8732794c82044aafb1c74a55b07674e0
Starships,individual,Individuals/Messenger (starship),Messenger,"YTS-27 light freighter ""The Kowakian Corsair""",JP_2793,,inherited,1.0,,https://sketchfab.com/3d-models/none-3e187fed67034c488a0a9e41eae36628
Starships,individual,Individuals/Midsummer,Midsummer,Star Wars: Nebulon B Frigate,Daniel,,inherited,1.0,,https://sketchfab.com/3d-models/none-1986f7b0dee647b3b2374eb80dbd1faf
Starships,individual,Individuals/Mighty Oak Apocalypse,Mighty Oak Apocalypse,"YTS-27 light freighter ""The Kowakian Corsair""",JP_2793,,inherited,1.0,,https://sketchfab.com/3d-models/none-3e187fed67034c488a0a9e41eae36628
Starships,individual,Individuals/Millanti,Millanti,"YTS-27 light freighter ""The Kowakian Corsair""",JP_2793,,inherited,1.0,,https://sketchfab.com/3d-models/none-3e187fed67034c488a0a9e41eae36628
Starships,individual,Individuals/Millennium Falcon,Millennium Falcon,Millennium Falcon,fredbear1211,,exact,1.0,,https://sketchfab.com/3d-models/none-2c0783d083e44b959c691682b4cb1f16
Starships,individual,Individuals/Millennium Falcon (Legends),Millennium Falcon,Millennium Falcon,fredbear1211,,exact,1.0,,https://sketchfab.com/3d-models/none-2c0783d083e44b959c691682b4cb1f16
Starships,individual,Individuals/Millennium Falcon (fake),Millennium Falcon,Millennium Falcon,fredbear1211,,exact,1.0,,https://sketchfab.com/3d-models/none-2c0783d083e44b959c691682b4cb1f16
Starships,individual,Individuals/Millennium Fist,Millennium Fist,Millennium Falcon - Star Wars,Quiznos323,,weak,0.5,,https://sketchfab.com/3d-models/none-ed6dc932c3ce407dbe4b903c73595030
Starships,individual,Individuals/Mina Bonteri's H-2 executive shuttle,Mina Bonteri's H-2 executive shuttle,Star Wars: Lambda Shuttle,Daniel,,inherited,1.0,,https://sketchfab.com/3d-models/none-9d160e16845a4b518a2d30a7c716f20d
Starships,individual,Individuals/Mina Bonteri's H-2 executive shuttle (Legends),Mina Bonteri's H-2 executive shuttle,Star Wars: Lambda Shuttle,Daniel,,inherited,1.0,,https://sketchfab.com/3d-models/none-9d160e16845a4b518a2d30a7c716f20d
Starships,individual,Individuals/Mine Mine Mine,Mine Mine Mine,Star Wars: Package 1,Daniel,,exact,1.0,,https://sketchfab.com/3d-models/none-969a19bf6ed54893875e8153f859ad0e
Starships,individual,Individuals/Minestra,Minestra,Star Wars: Raider-class Corvette,Daniel,,inherited,1.0,,https://sketchfab.com/3d-models/none-8732794c82044aafb1c74a55b07674e0
Starships,individual,Individuals/Mining Guild,Mining Guild,Mining guild ore crawler Star Wars Rebels,Ahsoka,,exact,1.0,,https://sketchfab.com/3d-models/none-f63db4cfa4f84fe78894bed1dae8225a
Starships,individual,Individuals/Mirandine,Mirandine,Star Wars: Raider-class Corvette,Daniel,,inherited,1.0,,https://sketchfab.com/3d-models/none-8732794c82044aafb1c74a55b07674e0
Starships,individual,Individuals/Mirrorbright,Mirrorbright,Kei Truck Scout Transport,JohnMesplay,,inherited,1.0,,https://sketchfab.com/3d-models/none-0cb4b243a9dd4d1ca1ab30a17f23ac81
Starships,individual,Individuals/Mist (escort carrier),Mist,Star Wars: Quartermaster-class Supply Carrier,Daniel,,inherited,1.0,,https://sketchfab.com/3d-models/none-6ee2bc9379dd44aab85988d2716bad93
Starships,individual,Individuals/Mist Hunter,Mist Hunter,X-wing starfighter | T-65C-A2,Alana G,,inherited,1.0,,https://sketchfab.com/3d-models/none-2397144aa2314e8fb03bf131d8f56af4
Starships,individual,Individuals/Mist Hunter (Legends),Mist Hunter,X-wing starfighter | T-65C-A2,Alana G,,inherited,1.0,,https://sketchfab.com/3d-models/none-2397144aa2314e8fb03bf131d8f56af4
Starships,individual,Individuals/Misthunter,Misthunter,Star Wars: Imperial II Star Destroyer,Daniel,,inherited,1.0,,https://sketchfab.com/3d-models/none-b8bd2d35f7604670ab85242c06c6d280
Starships,individual,Individuals/Mitth'raw'nuruodo's Lambda-class T-4a shuttle,Mitth'raw'nuruodo's Lambda-class T-4a shuttle,Star Wars: Lambda Shuttle,Daniel,,inherited,1.0,,https://sketchfab.com/3d-models/none-9d160e16845a4b518a2d30a7c716f20d
Starships,individual,Individuals/Moldy Crow,Moldy Crow,"YTS-27 light freighter ""The Kowakian Corsair""",JP_2793,,inherited,1.0,,https://sketchfab.com/3d-models/none-3e187fed67034c488a0a9e41eae36628
Starships,individual,Individuals/Moldy Crow (Legends),Moldy Crow,Kei Truck Scout Transport,JohnMesplay,,inherited,1.0,,https://sketchfab.com/3d-models/none-0cb4b243a9dd4d1ca1ab30a17f23ac81
Starships,individual,Individuals/Mon Delindo,Mon Delindo,Star Wars: MC80 Home One Type Star Cruiser,Daniel,,inherited,1.0,,https://sketchfab.com/3d-models/none-9b5e5e5192f64a7faad93a3bfd2efaf2
Starships,individual,Individuals/Mon Karren,Mon Karren,Invictus Class Star Cruiser,Conner Bentley,,inherited,1.0,,https://sketchfab.com/3d-models/none-8ba24769c02b401d88f50655505c92be
Starships,individual,Individuals/Mon Mothma (Imperial-class),Mon Mothma,Star Wars; Imperial-Class Star Destroyer,Heataker,,inherited,1.0,,https://sketchfab.com/3d-models/none-fa18d537db4d4020a443c1802ec0f88e
Starships,individual,Individuals/Mon Mothma's shuttle,Mon Mothma's shuttle,Star Wars: Lambda Shuttle,Daniel,,inherited,1.0,,https://sketchfab.com/3d-models/none-9d160e16845a4b518a2d30a7c716f20d
Starships,individual,Individuals/Monarch (Star Destroyer),Monarch,Star Wars: Imperial II Star Destroyer,Daniel,,inherited,1.0,,https://sketchfab.com/3d-models/none-b8bd2d35f7604670ab85242c06c6d280
Starships,individual,Individuals/Monitor (carrier),Monitor (carrier),Monitor w/Star Wars Animation: Household Props 4,Daniel O'Neil,,strong,0.769,,https://sketchfab.com/3d-models/none-8ca4aaaf438a44189443e34962a18cd5
Starships,individual,Individuals/Monument (freighter),Monument,Neoclassical Monument,Samuel F. Angrick-Johanns (Oneironauticus),,exact,1.0,,https://sketchfab.com/3d-models/none-34d2939fd8a843269a14fc5bb2b0ae67
Starships,individual,Individuals/Moomo Williwaw,Moomo Williwaw,Star Wars LAAT/i Gunship,smithson17,,inherited,1.0,,https://sketchfab.com/3d-models/none-77e5a30af490488c8019dcb3780ec847
Starships,individual,Individuals/Moon Dash,Moon Dash,Star Wars: Lambda Shuttle,Daniel,,inherited,1.0,,https://sketchfab.com/3d-models/none-9d160e16845a4b518a2d30a7c716f20d
Starships,individual,Individuals/Moon of Sarkhai,Moon of Sarkhai,Invictus Class Star Cruiser,Conner Bentley,,inherited,1.0,,https://sketchfab.com/3d-models/none-8ba24769c02b401d88f50655505c92be
Starships,individual,Individuals/Moondrake,Moondrake,Star Wars Galaxies - YT1300 (Inside),Zorg_Sinister,,inherited,0.769,,https://sketchfab.com/3d-models/none-400abf08c94e4b4e809fca0aa51a5e00
Starships,individual,Individuals/Moonglow (light freighter),Moonglow,"YTS-27 light freighter ""The Kowakian Corsair""",JP_2793,,inherited,1.0,,https://sketchfab.com/3d-models/none-3e187fed67034c488a0a9e41eae36628
Starships,individual,Individuals/Moonrise,Moonrise,Kei Truck Scout Transport,JohnMesplay,,inherited,1.0,,https://sketchfab.com/3d-models/none-0cb4b243a9dd4d1ca1ab30a17f23ac81
Starships,individual,Individuals/Moonshadow (Imperial II-class),Moonshadow,83359 Star Wars Imperial II-class Star Destroyer,S🅾️Meme star wars,,inherited,1.0,,https://sketchfab.com/3d-models/none-c75cfb15ef124691b3fa33c30e017bbe
Starships,individual,Individuals/Morgannier,Morgannier,"YTS-27 light freighter ""The Kowakian Corsair""",JP_2793,,inherited,1.0,,https://sketchfab.com/3d-models/none-3e187fed67034c488a0a9e41eae36628
Starships,individual,Individuals/Morleen,Morleen,"YTS-27 light freighter ""The Kowakian Corsair""",JP_2793,,inherited,1.0,,https://sketchfab.com/3d-models/none-3e187fed67034c488a0a9e41eae36628
Starships,individual,Individuals/Morrt (starship),Morrt,Star Wars: Lambda Shuttle,Daniel,,inherited,1.0,,https://sketchfab.com/3d-models/none-9d160e16845a4b518a2d30a7c716f20d
Starships,individual,Individuals/Moten yacht,Moten yacht,Star Wars: Personal Luxury Yacht 3000,Daniel,,inherited,1.0,,https://sketchfab.com/3d-models/none-cb6dee6d3d964b69ba50c95b220e4f9e
Starships,individual,Individuals/Moth (freighter),Moth,"YTS-27 light freighter ""The Kowakian Corsair""",JP_2793,,inherited,1.0,,https://sketchfab.com/3d-models/none-3e187fed67034c488a0a9e41eae36628
Starships,individual,Individuals/Mother Vima,Mother Vima,GNN News Media Ship,gavinpgamer1,,inherited,1.0,,https://sketchfab.com/3d-models/none-9b135da26f0f41df8c5f66654fbfaa83
Starships,individual,Individuals/Motivator (Imperial-class),Motivator,Star Wars; Imperial-Class Star Destroyer,Heataker,,inherited,1.0,,https://sketchfab.com/3d-models/none-fa18d537db4d4020a443c1802ec0f88e
Starships,individual,Individuals/Moulee-rah Patogga,Moulee-rah Patogga,"YTS-27 light freighter ""The Kowakian Corsair""",JP_2793,,inherited,1.0,,https://sketchfab.com/3d-models/none-3e187fed67034c488a0a9e41eae36628
Starships,individual,Individuals/Moveable Feast,Moveable Feast,"YTS-27 light freighter ""The Kowakian Corsair""",JP_2793,,inherited,1.0,,https://sketchfab.com/3d-models/none-3e187fed67034c488a0a9e41eae36628
Starships,individual,Individuals/Murtceps,Murtceps,"YTS-27 light freighter ""The Kowakian Corsair""",JP_2793,,inherited,1.0,,https://sketchfab.com/3d-models/none-3e187fed67034c488a0a9e41eae36628
Starships,individual,Individuals/Mutilator,Mutilator,"YTS-27 light freighter ""The Kowakian Corsair""",JP_2793,,inherited,1.0,,https://sketchfab.com/3d-models/none-3e187fed67034c488a0a9e41eae36628
Starships,individual,Individuals/Mynock (Helot-class),Mynock,Kei Truck Scout Transport,JohnMesplay,,inherited,1.0,,https://sketchfab.com/3d-models/none-0cb4b243a9dd4d1ca1ab30a17f23ac81
Starships,individual,Individuals/Mynock Fodder 62009,Mynock Fodder 62009,"YTS-27 light freighter ""The Kowakian Corsair""",JP_2793,,inherited,1.0,,https://sketchfab.com/3d-models/none-3e187fed67034c488a0a9e41eae36628
Starships,individual,Individuals/Myrkos,Myrkos,Star Wars Dreadnaught-Class Heavy Cruiser,flannelandfilm,,inherited,1.0,,https://sketchfab.com/3d-models/none-14e6ad1266104dec96541b17000925f2
Starships,individual,Individuals/Mystic Burn,Mystic Burn,"YTS-27 light freighter ""The Kowakian Corsair""",JP_2793,,inherited,1.0,,https://sketchfab.com/3d-models/none-3e187fed67034c488a0a9e41eae36628
Starships,individual,Individuals/ND-47 Stalwart-class bulk freighter,ND-47 Stalwart-class bulk freighter,Star Wars: BFF-1 Bulk Freighter,Daniel,,inherited,1.0,,https://sketchfab.com/3d-models/none-2131f750afff479588a46321d17ee25f
Starships,individual,Individuals/Naboo Royal Starship,Naboo Royal Starship,Naboo Royal Starship (J-type 327 Nubian),hobbit84,,exact,1.0,,https://sketchfab.com/3d-models/none-f631077977754b5591298ecfa201380b
Starships,individual,Individuals/Naboo Royal Starship (Legends),Naboo Royal Starship,Naboo Royal Starship (J-type 327 Nubian),hobbit84,,exact,1.0,,https://sketchfab.com/3d-models/none-f631077977754b5591298ecfa201380b
Starships,individual,Individuals/Naga Sadow's Mothership,Naga Sadow's Mothership,Imperial Arquitens-class Command Cruiser,gavinpgamer1,,inherited,1.0,,https://sketchfab.com/3d-models/none-c05a0aa234404ae884c4469b099b67ea
Starships,individual,Individuals/Nakano Lash's ship,Nakano Lash's ship,"YTS-27 light freighter ""The Kowakian Corsair""",JP_2793,,inherited,1.0,,https://sketchfab.com/3d-models/none-3e187fed67034c488a0a9e41eae36628
Starships,individual,Individuals/Namu,Namu,"YTS-27 light freighter ""The Kowakian Corsair""",JP_2793,,inherited,1.0,,https://sketchfab.com/3d-models/none-3e187fed67034c488a0a9e41eae36628
Starships,individual,Individuals/Naritus,Naritus,Invictus Class Star Cruiser,Conner Bentley,,inherited,1.0,,https://sketchfab.com/3d-models/none-8ba24769c02b401d88f50655505c92be
Starships,individual,Individuals/Nashuaga,Nashuaga,"YTS-27 light freighter ""The Kowakian Corsair""",JP_2793,,inherited,1.0,,https://sketchfab.com/3d-models/none-3e187fed67034c488a0a9e41eae36628
Starships,individual,Individuals/Nautilian,Nautilian,Invictus Class Star Cruiser,Conner Bentley,,inherited,1.0,,https://sketchfab.com/3d-models/none-8ba24769c02b401d88f50655505c92be
Starships,individual,Individuals/Nautolan's Revenge,Nautolan's Revenge,Republic Assault Ship,StarWars-Universe,,inherited,1.0,,https://sketchfab.com/3d-models/none-e56b33bb58cc448ab134675e69dbc224
Starships,individual,Individuals/NeHimmep (freighter),NeHimmep,"YTS-27 light freighter ""The Kowakian Corsair""",JP_2793,,inherited,1.0,,https://sketchfab.com/3d-models/none-3e187fed67034c488a0a9e41eae36628
Starships,individual,Individuals/Nebula Chaser,Nebula Chaser,Invictus Class Star Cruiser,Conner Bentley,,inherited,1.0,,https://sketchfab.com/3d-models/none-8ba24769c02b401d88f50655505c92be
Starships,individual,Individuals/Neebray Manta,Neebray Manta,Neebray Manta,bab19b,,exact,1.0,,https://sketchfab.com/3d-models/none-6a1a6b6fa9794285a7233f1c433f44ba
Starships,individual,Individuals/Neenoc,Neenoc,Star Wars Galaxies - YT1300 (Inside),Zorg_Sinister,,inherited,0.769,,https://sketchfab.com/3d-models/none-400abf08c94e4b4e809fca0aa51a5e00
Starships,individual,Individuals/Neeva-Beelo,Neeva-Beelo,"YTS-27 light freighter ""The Kowakian Corsair""",JP_2793,,inherited,1.0,,https://sketchfab.com/3d-models/none-3e187fed67034c488a0a9e41eae36628
Starships,individual,Individuals/Negotiator (Legends),Negotiator,Star Wars: Imperial II Star Destroyer,Daniel,,inherited,1.0,,https://sketchfab.com/3d-models/none-b8bd2d35f7604670ab85242c06c6d280
Starships,individual,Individuals/Neimoidian Grasp,Neimoidian Grasp,Republic Assault Ship,StarWars-Universe,,inherited,1.0,,https://sketchfab.com/3d-models/none-e56b33bb58cc448ab134675e69dbc224
Starships,individual,Individuals/Nek Princess,Nek Princess,"YTS-27 light freighter ""The Kowakian Corsair""",JP_2793,,inherited,1.0,,https://sketchfab.com/3d-models/none-3e187fed67034c488a0a9e41eae36628
Starships,individual,Individuals/Nema,Nema,Kei Truck Scout Transport,JohnMesplay,,inherited,1.0,,https://sketchfab.com/3d-models/none-0cb4b243a9dd4d1ca1ab30a17f23ac81
Starships,individual,Individuals/Nemesis,Nemesis,Star Wars: Imperial II Star Destroyer,Daniel,,inherited,1.0,,https://sketchfab.com/3d-models/none-b8bd2d35f7604670ab85242c06c6d280
Starships,individual,Individuals/Nemesis (Task Force Vengeance),Nemesis,Star Wars; Imperial-Class Star Destroyer,Heataker,,inherited,1.0,,https://sketchfab.com/3d-models/none-fa18d537db4d4020a443c1802ec0f88e
Starships,individual,Individuals/Nerfs Pride,Nerfs Pride,Kei Truck Scout Transport,JohnMesplay,,inherited,1.0,,https://sketchfab.com/3d-models/none-0cb4b243a9dd4d1ca1ab30a17f23ac81
Starships,individual,Individuals/Neutralizer,Neutralizer,Star Wars: Imperial II Star Destroyer,Daniel,,inherited,1.0,,https://sketchfab.com/3d-models/none-b8bd2d35f7604670ab85242c06c6d280
Starships,individual,Individuals/Nevoota Bee,Nevoota Bee,Republic Assault Ship,StarWars-Universe,,inherited,1.0,,https://sketchfab.com/3d-models/none-e56b33bb58cc448ab134675e69dbc224
Starships,individual,Individuals/Nevoota Bee (Legends),Nevoota Bee,Star Wars Dreadnaught-Class Heavy Cruiser,flannelandfilm,,inherited,1.0,,https://sketchfab.com/3d-models/none-14e6ad1266104dec96541b17000925f2
Starships,individual,Individuals/New Ambition,New Ambition,Kei Truck Scout Transport,JohnMesplay,,inherited,1.0,,https://sketchfab.com/3d-models/none-0cb4b243a9dd4d1ca1ab30a17f23ac81
Starships,individual,Individuals/New Elite,New Elite,Star Wars: Raider-class Corvette,Daniel,,inherited,1.0,,https://sketchfab.com/3d-models/none-8732794c82044aafb1c74a55b07674e0
Starships,individual,Individuals/New Gilliland,New Gilliland,Invictus Class Star Cruiser,Conner Bentley,,inherited,1.0,,https://sketchfab.com/3d-models/none-8ba24769c02b401d88f50655505c92be
Starships,individual,Individuals/New Hope,New Hope,Star Wars New Hope Opening Crawl (Animation),Yanez Designs,,exact,1.0,,https://sketchfab.com/3d-models/none-568e53fd112845909f8edb5b489c4317
Starships,individual,Individuals/New Star,New Star,Death Star - Star Wars,Quiznos323,,exact,1.0,,https://sketchfab.com/3d-models/none-423fb92f677f4448aef407112a1fc032
Starships,individual,Individuals/Nexus (Carrack-class),Nexus,Star Wars: Nebulon B Frigate,Daniel,,inherited,1.0,,https://sketchfab.com/3d-models/none-1986f7b0dee647b3b2374eb80dbd1faf
Starships,individual,Individuals/Nicodemus,Nicodemus,Star Wars Dreadnaught-Class Heavy Cruiser,flannelandfilm,,inherited,1.0,,https://sketchfab.com/3d-models/none-14e6ad1266104dec96541b17000925f2
Starships,individual,Individuals/Night Buzzard,Night Buzzard,Kei Truck Scout Transport,JohnMesplay,,inherited,1.0,,https://sketchfab.com/3d-models/none-0cb4b243a9dd4d1ca1ab30a17f23ac81
Starships,individual,Individuals/Night Gyre,Night Gyre,X-wing starfighter | T-65C-A2,Alana G,,inherited,1.0,,https://sketchfab.com/3d-models/none-2397144aa2314e8fb03bf131d8f56af4
Starships,individual,Individuals/Night Havok,Night Havok,Star Wars Galaxies - YT1300 (Inside),Zorg_Sinister,,inherited,0.769,,https://sketchfab.com/3d-models/none-400abf08c94e4b4e809fca0aa51a5e00
Starships,individual,Individuals/Night Raider,Night Raider,"YTS-27 light freighter ""The Kowakian Corsair""",JP_2793,,inherited,1.0,,https://sketchfab.com/3d-models/none-3e187fed67034c488a0a9e41eae36628
Starships,individual,Individuals/Night Wind,Night Wind,"YTS-27 light freighter ""The Kowakian Corsair""",JP_2793,,inherited,1.0,,https://sketchfab.com/3d-models/none-3e187fed67034c488a0a9e41eae36628
Starships,individual,Individuals/Nigiro,Nigiro,"YTS-27 light freighter ""The Kowakian Corsair""",JP_2793,,inherited,1.0,,https://sketchfab.com/3d-models/none-3e187fed67034c488a0a9e41eae36628
Starships,individual,Individuals/Nihil (Imperial-class),Nihil,Star Wars; Imperial-Class Star Destroyer,Heataker,,inherited,1.0,,https://sketchfab.com/3d-models/none-fa18d537db4d4020a443c1802ec0f88e
Starships,individual,Individuals/Nihilist,Nihilist,Harrrower Class Dreadnaught,Kalashnikov 3D,,inherited,1.0,,https://sketchfab.com/3d-models/none-6e230cc7f6b84649bbab92a5f5ee6347
Starships,individual,Individuals/Ninka,Ninka,Star Wars: Raider-class Corvette,Daniel,,inherited,1.0,,https://sketchfab.com/3d-models/none-8732794c82044aafb1c74a55b07674e0
Starships,individual,Individuals/Nipasa,Nipasa,Star Wars: Lambda Shuttle,Daniel,,inherited,1.0,,https://sketchfab.com/3d-models/none-9d160e16845a4b518a2d30a7c716f20d
Starships,individual,Individuals/Niven,Niven,"YTS-27 light freighter ""The Kowakian Corsair""",JP_2793,,inherited,1.0,,https://sketchfab.com/3d-models/none-3e187fed67034c488a0a9e41eae36628
Starships,individual,Individuals/No Harm,No Harm,Star Wars: Nebulon B Frigate,Daniel,,inherited,1.0,,https://sketchfab.com/3d-models/none-1986f7b0dee647b3b2374eb80dbd1faf
Starships,individual,Individuals/Noble (starship),Noble,Harrrower Class Dreadnaught,Kalashnikov 3D,,inherited,1.0,,https://sketchfab.com/3d-models/none-6e230cc7f6b84649bbab92a5f5ee6347
Starships,individual,Individuals/Nodo's yacht,Nodo's yacht,Star Wars: Personal Luxury Yacht 3000,Daniel,,inherited,1.0,,https://sketchfab.com/3d-models/none-cb6dee6d3d964b69ba50c95b220e4f9e
Starships,individual,Individuals/Noerbo,Noerbo,Star Wars: Lambda Shuttle,Daniel,,inherited,1.0,,https://sketchfab.com/3d-models/none-9d160e16845a4b518a2d30a7c716f20d
Starships,individual,"Individuals/Nomad (""Out System"" Scout Vessel)",Nomad,Blade and sorcery nomad sword test model,ruudirooster,,exact,1.0,,https://sketchfab.com/3d-models/none-1b7dde1421ac418b9b4e39099d466541
Starships,individual,Individuals/Nomannic,Nomannic,Star Wars Galaxies - YT1300 (Inside),Zorg_Sinister,,inherited,0.769,,https://sketchfab.com/3d-models/none-400abf08c94e4b4e809fca0aa51a5e00
Starships,individual,Individuals/Nomi Sunrider's courier,Nomi Sunrider's courier,X-wing starfighter | T-65C-A2,Alana G,,inherited,1.0,,https://sketchfab.com/3d-models/none-2397144aa2314e8fb03bf131d8f56af4
Starships,individual,Individuals/Nonnah,Nonnah,Nonnah,CorelliaStar Shipyards,,exact,1.0,,https://sketchfab.com/3d-models/none-b9b8cea63a704d2ab9506c7321ae4392
Starships,individual,Individuals/Norge,Norge,"YTS-27 light freighter ""The Kowakian Corsair""",JP_2793,,inherited,1.0,,https://sketchfab.com/3d-models/none-3e187fed67034c488a0a9e41eae36628
Starships,individual,Individuals/Norra Wexley's shuttle,Norra Wexley's shuttle,Star Wars: Lambda Shuttle,Daniel,,inherited,1.0,,https://sketchfab.com/3d-models/none-9d160e16845a4b518a2d30a7c716f20d
Starships,individual,Individuals/Norriker,Norriker,"YTS-27 light freighter ""The Kowakian Corsair""",JP_2793,,inherited,1.0,,https://sketchfab.com/3d-models/none-3e187fed67034c488a0a9e41eae36628
Starships,individual,Individuals/Nosh vu'Ta,Nosh vu'Ta,"YTS-27 light freighter ""The Kowakian Corsair""",JP_2793,,inherited,1.0,,https://sketchfab.com/3d-models/none-3e187fed67034c488a0a9e41eae36628
Starships,individual,Individuals/Nova (Galactic Republic),Nova,DC-15 blaster carbine,J,,exact,1.0,,https://sketchfab.com/3d-models/none-89f764c63908415db4567fd04b436b38
Starships,individual,Individuals/Nova (Vector),Nova,DC-15 blaster carbine,J,,exact,1.0,,https://sketchfab.com/3d-models/none-89f764c63908415db4567fd04b436b38
Starships,individual,Individuals/Nova Prince,Nova Prince,Star Wars: BFF-1 Bulk Freighter,Daniel,,inherited,1.0,,https://sketchfab.com/3d-models/none-2131f750afff479588a46321d17ee25f
Starships,individual,Individuals/Nova's Heart,Nova's Heart,Star Wars: Personal Luxury Yacht 3000,Daniel,,inherited,1.0,,https://sketchfab.com/3d-models/none-cb6dee6d3d964b69ba50c95b220e4f9e
Starships,individual,Individuals/Novar's Bluff,Novar's Bluff,Star Wars: Raider-class Corvette,Daniel,,inherited,1.0,,https://sketchfab.com/3d-models/none-8732794c82044aafb1c74a55b07674e0
Starships,individual,Individuals/Nullifier,Nullifier,Star Wars: Imperial II Star Destroyer,Daniel,,inherited,1.0,,https://sketchfab.com/3d-models/none-b8bd2d35f7604670ab85242c06c6d280
Starships,individual,Individuals/O.S.S. Telira,O.S.S. Telira,Star Wars: Raider-class Corvette,Daniel,,inherited,1.0,,https://sketchfab.com/3d-models/none-8732794c82044aafb1c74a55b07674e0
Starships,individual,Individuals/Obedience,Obedience,Invictus Class Star Cruiser,Conner Bentley,,inherited,1.0,,https://sketchfab.com/3d-models/none-8ba24769c02b401d88f50655505c92be
Starships,individual,Individuals/Obi-Wan (Nebula-class),Obi-Wan,Obi-wan,Ima Gun Di,,exact,1.0,,https://sketchfab.com/3d-models/none-36261cd23cca477dac9f9deec09e3c6b
Starships,individual,Individuals/Obi-Wan Kenobi's Delta-7 Aethersprite-class light interceptor,Obi-Wan Kenobi's Delta-7 Aethersprite-class light interceptor,Delta-7 Aethersprite-class Light Interceptor,DrEgguin,,weak,0.747,,https://sketchfab.com/3d-models/none-b4a8ad8a1e8b4e5b961cf4726d8a8646
Starships,individual,Individuals/Obi-Wan Kenobi's Delta-7 Aethersprite-class light interceptor (Legends),Obi-Wan Kenobi's Delta-7 Aethersprite-class light interceptor,Delta-7 Aethersprite-class Light Interceptor,DrEgguin,,weak,0.747,,https://sketchfab.com/3d-models/none-b4a8ad8a1e8b4e5b961cf4726d8a8646
Starships,individual,Individuals/Obi-Wan Kenobi's Delta-7B Aethersprite-class light interceptor,Obi-Wan Kenobi's Delta-7B Aethersprite-class light interceptor,X-wing starfighter | T-65C-A2,Alana G,,inherited,1.0,,https://sketchfab.com/3d-models/none-2397144aa2314e8fb03bf131d8f56af4
Starships,individual,Individuals/Obi-Wan Kenobi's Delta-7B Aethersprite-class light interceptor (Legends),Obi-Wan Kenobi's Delta-7B Aethersprite-class light interceptor,X-wing starfighter | T-65C-A2,Alana G,,inherited,1.0,,https://sketchfab.com/3d-models/none-2397144aa2314e8fb03bf131d8f56af4
Starships,individual,Individuals/Obi-Wan Kenobi's Eta-2 Actis-class interceptor,Obi-Wan Kenobi's Eta-2 Actis-class interceptor,Eta-2 Actis-class Light Interceptor,DrEgguin,,weak,0.737,,https://sketchfab.com/3d-models/none-178f0e05ba64420485e7319c6a9ee6c6
Starships,individual,Individuals/Obi-Wan Kenobi's Eta-2 Actis-class interceptor (Legends),Obi-Wan Kenobi's Eta-2 Actis-class interceptor,Eta-2 Actis-class Light Interceptor,DrEgguin,,weak,0.737,,https://sketchfab.com/3d-models/none-178f0e05ba64420485e7319c6a9ee6c6
Starships,individual,Individuals/Obi-Wan Kenobi's Personal Luxury Yacht 3000,Obi-Wan Kenobi's Personal Luxury Yacht 3000,Star Wars: Personal Luxury Yacht 3000,Daniel,,inherited,1.0,,https://sketchfab.com/3d-models/none-cb6dee6d3d964b69ba50c95b220e4f9e
Starships,individual,Individuals/Obi-Wan Kenobi's blue Eta-2 Actis-class interceptor,Obi-Wan Kenobi's blue Eta-2 Actis-class interceptor,X-wing starfighter | T-65C-A2,Alana G,,inherited,1.0,,https://sketchfab.com/3d-models/none-2397144aa2314e8fb03bf131d8f56af4
Starships,individual,Individuals/Obi-Wan Kenobi's blue Eta-2 Actis-class interceptor (Legends),Obi-Wan Kenobi's blue Eta-2 Actis-class interceptor,X-wing starfighter | T-65C-A2,Alana G,,inherited,1.0,,https://sketchfab.com/3d-models/none-2397144aa2314e8fb03bf131d8f56af4
Starships,individual,Individuals/Obi-Wan Kenobi's prototype Delta-7 Aethersprite-class light interceptor,Obi-Wan Kenobi's prototype Delta-7 Aethersprite-class light interceptor,X-wing starfighter | T-65C-A2,Alana G,,inherited,1.0,,https://sketchfab.com/3d-models/none-2397144aa2314e8fb03bf131d8f56af4
Starships,individual,Individuals/Obliterator,Obliterator,Star Wars; Imperial-Class Star Destroyer,Heataker,,inherited,1.0,,https://sketchfab.com/3d-models/none-fa18d537db4d4020a443c1802ec0f88e
Starships,individual,Individuals/Obrexta III,Obrexta III,Invictus Class Star Cruiser,Conner Bentley,,inherited,1.0,,https://sketchfab.com/3d-models/none-8ba24769c02b401d88f50655505c92be
Starships,individual,Individuals/Observateur,Observateur,Invictus Class Star Cruiser,Conner Bentley,,inherited,1.0,,https://sketchfab.com/3d-models/none-8ba24769c02b401d88f50655505c92be
Starships,individual,Individuals/Obsidian 1,Obsidian 1,X-wing starfighter | T-65C-A2,Alana G,,inherited,1.0,,https://sketchfab.com/3d-models/none-2397144aa2314e8fb03bf131d8f56af4
Starships,individual,Individuals/Obsidian 10,Obsidian 10,X-wing starfighter | T-65C-A2,Alana G,,inherited,1.0,,https://sketchfab.com/3d-models/none-2397144aa2314e8fb03bf131d8f56af4
Starships,individual,Individuals/Obsidian 2,Obsidian 2,X-wing starfighter | T-65C-A2,Alana G,,inherited,1.0,,https://sketchfab.com/3d-models/none-2397144aa2314e8fb03bf131d8f56af4
Starships,individual,Individuals/Obsidian 7,Obsidian 7,X-wing starfighter | T-65C-A2,Alana G,,inherited,1.0,,https://sketchfab.com/3d-models/none-2397144aa2314e8fb03bf131d8f56af4
Starships,individual,Individuals/Obsidian 8,Obsidian 8,X-wing starfighter | T-65C-A2,Alana G,,inherited,1.0,,https://sketchfab.com/3d-models/none-2397144aa2314e8fb03bf131d8f56af4
Starships,individual,Individuals/Obuuri,Obuuri,Star Wars: Gamma-class Assault Shuttle,Daniel,,inherited,1.0,,https://sketchfab.com/3d-models/none-1a0571dca4c0436d8faff6fdbb948c17
Starships,individual,Individuals/Ocean (starship),Ocean,Star Wars: Imperial II Star Destroyer,Daniel,,inherited,1.0,,https://sketchfab.com/3d-models/none-b8bd2d35f7604670ab85242c06c6d280
Starships,individual,Individuals/Oculus,Oculus,Female Star Wars - themed avatar,Ready Player Me,,exact,1.0,,https://sketchfab.com/3d-models/none-ce52805c04a646719bab53f92a3f35ac
Starships,individual,Individuals/Odan-Urr's courier,Odan-Urr's courier,Kei Truck Scout Transport,JohnMesplay,,inherited,1.0,,https://sketchfab.com/3d-models/none-0cb4b243a9dd4d1ca1ab30a17f23ac81
Starships,individual,Individuals/Odeaon,Odeaon,Star Wars: Nebulon B Frigate,Daniel,,inherited,1.0,,https://sketchfab.com/3d-models/none-1986f7b0dee647b3b2374eb80dbd1faf
Starships,individual,Individuals/Odysseus,Odysseus,Invictus Class Star Cruiser,Conner Bentley,,inherited,1.0,,https://sketchfab.com/3d-models/none-8ba24769c02b401d88f50655505c92be
Starships,individual,Individuals/Oggrud,Oggrud,"YTS-27 light freighter ""The Kowakian Corsair""",JP_2793,,inherited,1.0,,https://sketchfab.com/3d-models/none-3e187fed67034c488a0a9e41eae36628
Starships,individual,Individuals/Ojai,Ojai,"YTS-27 light freighter ""The Kowakian Corsair""",JP_2793,,inherited,1.0,,https://sketchfab.com/3d-models/none-3e187fed67034c488a0a9e41eae36628
Starships,individual,Individuals/Ol' boat,"""Ol' boat""",Kei Truck Scout Transport,JohnMesplay,,inherited,1.0,,https://sketchfab.com/3d-models/none-0cb4b243a9dd4d1ca1ab30a17f23ac81
Starships,individual,Individuals/Ola Hest's frigate,Ola Hest's frigate,Star Wars: Nebulon B Frigate,Daniel,,inherited,1.0,,https://sketchfab.com/3d-models/none-1986f7b0dee647b3b2374eb80dbd1faf
Starships,individual,Individuals/Old Republic (CR90 corvette),Old Republic,Star Wars: Raider-class Corvette,Daniel,,inherited,1.0,,https://sketchfab.com/3d-models/none-8732794c82044aafb1c74a55b07674e0
Starships,individual,Individuals/Oldskep,Oldskep,Star Wars: BFF-1 Bulk Freighter,Daniel,,inherited,1.0,,https://sketchfab.com/3d-models/none-2131f750afff479588a46321d17ee25f
Starships,individual,Individuals/Olleppac,Olleppac,Kei Truck Scout Transport,JohnMesplay,,inherited,1.0,,https://sketchfab.com/3d-models/none-0cb4b243a9dd4d1ca1ab30a17f23ac81
Starships,individual,Individuals/Omega Gaila,Omega Gaila,Kei Truck Scout Transport,JohnMesplay,,inherited,1.0,,https://sketchfab.com/3d-models/none-0cb4b243a9dd4d1ca1ab30a17f23ac81
Starships,individual,Individuals/Omega's ship,Omega's ship,Star Wars: Lambda Shuttle,Daniel,,inherited,1.0,,https://sketchfab.com/3d-models/none-9d160e16845a4b518a2d30a7c716f20d
Starships,individual,Individuals/Omen,Omen,Harrower Class Dreadnought,Kuat-Entralla 3D Engineering,,inherited,0.5,,https://sketchfab.com/3d-models/none-14cc2060a4d645eb82c23171933b81ab
Starships,individual,Individuals/Omicron (shuttle),Omicron,omicron-class-attack-shuttle 02-20,gallucpa60,,exact,1.0,,https://sketchfab.com/3d-models/none-78ee17c227d7473a982dd5e078e6b758
Starships,individual,Individuals/Omicron 023,Omicron 023,Kei Truck Scout Transport,JohnMesplay,,inherited,1.0,,https://sketchfab.com/3d-models/none-0cb4b243a9dd4d1ca1ab30a17f23ac81
Starships,individual,Individuals/Onderian Raptor,Onderian Raptor,"YTS-27 light freighter ""The Kowakian Corsair""",JP_2793,,inherited,1.0,,https://sketchfab.com/3d-models/none-3e187fed67034c488a0a9e41eae36628
Starships,individual,Individuals/One Liner,One Liner,"YTS-27 light freighter ""The Kowakian Corsair""",JP_2793,,inherited,1.0,,https://sketchfab.com/3d-models/none-3e187fed67034c488a0a9e41eae36628
Starships,individual,Individuals/Onslaught (Star Destroyer),Onslaught,Star Wars: Imperial II Star Destroyer,Daniel,,inherited,1.0,,https://sketchfab.com/3d-models/none-b8bd2d35f7604670ab85242c06c6d280
Starships,individual,Individuals/Onyx 1,Onyx 1,X-wing starfighter | T-65C-A2,Alana G,,inherited,1.0,,https://sketchfab.com/3d-models/none-2397144aa2314e8fb03bf131d8f56af4
Starships,individual,Individuals/Onyx 2,Onyx 2,X-wing starfighter | T-65C-A2,Alana G,,inherited,1.0,,https://sketchfab.com/3d-models/none-2397144aa2314e8fb03bf131d8f56af4
Starships,individual,Individuals/Onyx Four,Onyx Four,TIE bomber,StarWars-Universe,,inherited,1.0,,https://sketchfab.com/3d-models/none-dab029b751bd4cc293b66e3cc013e3a0
Starships,individual,Individuals/Onyx Star,Onyx Star,X-wing starfighter | T-65C-A2,Alana G,,inherited,1.0,,https://sketchfab.com/3d-models/none-2397144aa2314e8fb03bf131d8f56af4
Starships,individual,Individuals/Oo-Ta Goo-Ta,Oo-Ta Goo-Ta,Star Wars Galaxies - YT1300 (Inside),Zorg_Sinister,,inherited,0.769,,https://sketchfab.com/3d-models/none-400abf08c94e4b4e809fca0aa51a5e00
Starships,individual,Individuals/Ooryl Qrygg's T-65 X-wing,Ooryl Qrygg's T-65 X-wing,X-wing starfighter | T-65C-A2,Alana G,,inherited,1.0,,https://sketchfab.com/3d-models/none-2397144aa2314e8fb03bf131d8f56af4
Starships,individual,Individuals/Op Mus,Op Mus,"YTS-27 light freighter ""The Kowakian Corsair""",JP_2793,,inherited,1.0,,https://sketchfab.com/3d-models/none-3e187fed67034c488a0a9e41eae36628
Starships,individual,Individuals/Opal Empress,Opal Empress,Invictus Class Star Cruiser,Conner Bentley,,inherited,1.0,,https://sketchfab.com/3d-models/none-8ba24769c02b401d88f50655505c92be
Starships,individual,Individuals/Open Hand,Open Hand,Kei Truck Scout Transport,JohnMesplay,,inherited,1.0,,https://sketchfab.com/3d-models/none-0cb4b243a9dd4d1ca1ab30a17f23ac81
Starships,individual,Individuals/Opos,Opos,"YTS-27 light freighter ""The Kowakian Corsair""",JP_2793,,inherited,1.0,,https://sketchfab.com/3d-models/none-3e187fed67034c488a0a9e41eae36628
Starships,individual,Individuals/Opportunity (Nebulon-B),Opportunity,Star Wars: Nebulon B Frigate,Daniel,,inherited,1.0,,https://sketchfab.com/3d-models/none-1986f7b0dee647b3b2374eb80dbd1faf
Starships,individual,Individuals/Oppressor,Oppressor,Star Wars: TIE Oppressor,Daniel,,exact,1.0,,https://sketchfab.com/3d-models/none-53ad3109b2b54a04a48ab4baa06c558b
Starships,individual,Individuals/Oppressor (Harrower-class),Oppressor,Star Wars: TIE Oppressor,Daniel,,exact,1.0,,https://sketchfab.com/3d-models/none-53ad3109b2b54a04a48ab4baa06c558b
Starships,individual,Individuals/Oppressor (Imperial-class),Oppressor,Star Wars: TIE Oppressor,Daniel,,exact,1.0,,https://sketchfab.com/3d-models/none-53ad3109b2b54a04a48ab4baa06c558b
Starships,individual,Individuals/Optima,Optima,Star Wars: Imperial II Star Destroyer,Daniel,,inherited,1.0,,https://sketchfab.com/3d-models/none-b8bd2d35f7604670ab85242c06c6d280
Starships,individual,Individuals/Oriflamme,Oriflamme,Star Wars; Imperial-Class Star Destroyer,Heataker,,inherited,1.0,,https://sketchfab.com/3d-models/none-fa18d537db4d4020a443c1802ec0f88e
Starships,individual,Individuals/Orion (DP20 gunship),Orion,Star Wars LAAT/i Gunship,smithson17,,inherited,1.0,,https://sketchfab.com/3d-models/none-77e5a30af490488c8019dcb3780ec847
Starships,individual,Individuals/Orion (starship),Orion,Star Wars LAAT/i Gunship,smithson17,,inherited,1.0,,https://sketchfab.com/3d-models/none-77e5a30af490488c8019dcb3780ec847
Starships,individual,Individuals/Orisson,Orisson,Arquitens-Class Light Cruiser,A308 Digital,,inherited,1.0,,https://sketchfab.com/3d-models/none-802fa70fb8cd46f5b741cb6b99f66229
Starships,individual,Individuals/Orn Free Taa's shuttle,Orn Free Taa's shuttle,Star Wars: Lambda Shuttle,Daniel,,inherited,1.0,,https://sketchfab.com/3d-models/none-9d160e16845a4b518a2d30a7c716f20d
Starships,individual,Individuals/Oroko,Oroko,Kei Truck Scout Transport,JohnMesplay,,inherited,1.0,,https://sketchfab.com/3d-models/none-0cb4b243a9dd4d1ca1ab30a17f23ac81
Starships,individual,Individuals/Orthavan,Orthavan,Star Wars: MC80 Home One Type Star Cruiser,Daniel,,inherited,1.0,,https://sketchfab.com/3d-models/none-9b5e5e5192f64a7faad93a3bfd2efaf2
Starships,individual,Individuals/Osprey,Osprey,Star Wars: Nebulon B Frigate,Daniel,,inherited,1.0,,https://sketchfab.com/3d-models/none-1986f7b0dee647b3b2374eb80dbd1faf
Starships,individual,Individuals/Oss Wilum's starfighter,Oss Wilum's starfighter,X-wing starfighter | T-65C-A2,Alana G,,inherited,1.0,,https://sketchfab.com/3d-models/none-2397144aa2314e8fb03bf131d8f56af4
Starships,individual,Individuals/Ossifrage,Ossifrage,X-wing starfighter | T-65C-A2,Alana G,,inherited,1.0,,https://sketchfab.com/3d-models/none-2397144aa2314e8fb03bf131d8f56af4
Starships,individual,Individuals/Ossus Day (starship),Ossus Day,Invictus Class Star Cruiser,Conner Bentley,,inherited,1.0,,https://sketchfab.com/3d-models/none-8ba24769c02b401d88f50655505c92be
Starships,individual,Individuals/Otana,Otana,"YTS-27 light freighter ""The Kowakian Corsair""",JP_2793,,inherited,1.0,,https://sketchfab.com/3d-models/none-3e187fed67034c488a0a9e41eae36628
Starships,individual,Individuals/Other Nine's shuttle,Other Nine's shuttle,Star Wars: Lambda Shuttle,Daniel,,inherited,1.0,,https://sketchfab.com/3d-models/none-9d160e16845a4b518a2d30a7c716f20d
Starships,individual,Individuals/Out Runner,Out Runner,"YTS-27 light freighter ""The Kowakian Corsair""",JP_2793,,inherited,1.0,,https://sketchfab.com/3d-models/none-3e187fed67034c488a0a9e41eae36628
Starships,individual,Individuals/Outcast,Outcast,"YTS-27 light freighter ""The Kowakian Corsair""",JP_2793,,inherited,1.0,,https://sketchfab.com/3d-models/none-3e187fed67034c488a0a9e41eae36628
Starships,individual,Individuals/Outlaw,Outlaw,"YTS-27 light freighter ""The Kowakian Corsair""",JP_2793,,inherited,1.0,,https://sketchfab.com/3d-models/none-3e187fed67034c488a0a9e41eae36628
Starships,individual,Individuals/Outpost (Carrack-class),Outpost,Star Wars: Nebulon B Frigate,Daniel,,inherited,1.0,,https://sketchfab.com/3d-models/none-1986f7b0dee647b3b2374eb80dbd1faf
Starships,individual,Individuals/Outrider,Outrider,YT-2442,nekiv,,exact,1.0,,https://sketchfab.com/3d-models/none-bc68504e220f47269e508f6777df2c18
Starships,individual,Individuals/Outrider (Legends),Outrider,YT-2442,nekiv,,exact,1.0,,https://sketchfab.com/3d-models/none-bc68504e220f47269e508f6777df2c18
Starships,individual,Individuals/Outrider (Thranta-class corvette),Outrider,YT-2442,nekiv,,exact,1.0,,https://sketchfab.com/3d-models/none-bc68504e220f47269e508f6777df2c18
Starships,individual,Individuals/Outrunner,Outrunner,"YTS-27 light freighter ""The Kowakian Corsair""",JP_2793,,inherited,1.0,,https://sketchfab.com/3d-models/none-3e187fed67034c488a0a9e41eae36628
Starships,individual,Individuals/Overlord (warship),Overlord,Harrower Class Dreadnought,Kuat-Entralla 3D Engineering,,inherited,1.0,,https://sketchfab.com/3d-models/none-14cc2060a4d645eb82c23171933b81ab
Starships,individual,Individuals/Overseer (Imperial-class),Overseer,Star Wars: Imperial II Star Destroyer,Daniel,,inherited,1.0,,https://sketchfab.com/3d-models/none-b8bd2d35f7604670ab85242c06c6d280
Starships,individual,Individuals/P1,P1,Star Wars: Raider-class Corvette,Daniel,,inherited,1.0,,https://sketchfab.com/3d-models/none-8732794c82044aafb1c74a55b07674e0
Starships,individual,Individuals/P2,P2,CL TR P2 212th attack battalion,InterGalacticSupplyYard,,exact,1.0,,https://sketchfab.com/3d-models/none-001f369aea9044499943d5966b7090e3
Starships,individual,Individuals/P3,P3,Star Wars: Raider-class Corvette,Daniel,,inherited,1.0,,https://sketchfab.com/3d-models/none-8732794c82044aafb1c74a55b07674e0
Starships,individual,Individuals/Padmé Amidala's H-type Nubian yacht (Rodia),Padmé Amidala's H-type Nubian yacht,Star Wars: Personal Luxury Yacht 3000,Daniel,,inherited,1.0,,https://sketchfab.com/3d-models/none-cb6dee6d3d964b69ba50c95b220e4f9e
Starships,individual,Individuals/Padmé Amidala's N-1 starfighter,Padmé Amidala's N-1 starfighter,X-wing starfighter | T-65C-A2,Alana G,,inherited,1.0,,https://sketchfab.com/3d-models/none-2397144aa2314e8fb03bf131d8f56af4
Starships,individual,Individuals/Palpatine family starship,Palpatine family starship,Star Wars: Personal Luxury Yacht 3000,Daniel,,inherited,1.0,,https://sketchfab.com/3d-models/none-cb6dee6d3d964b69ba50c95b220e4f9e
Starships,individual,Individuals/Palpatine's H-2 executive shuttle,Palpatine's H-2 executive shuttle,Star Wars: Lambda Shuttle,Daniel,,inherited,1.0,,https://sketchfab.com/3d-models/none-9d160e16845a4b518a2d30a7c716f20d
Starships,individual,Individuals/Palpatine's H-2 executive shuttle (Legends),Palpatine's H-2 executive shuttle,Star Wars: Lambda Shuttle,Daniel,,inherited,1.0,,https://sketchfab.com/3d-models/none-9d160e16845a4b518a2d30a7c716f20d
Starships,individual,Individuals/Palpatine's shuttle (bombing),Palpatine's shuttle,Star Wars: Lambda Shuttle,Daniel,,inherited,1.0,,https://sketchfab.com/3d-models/none-9d160e16845a4b518a2d30a7c716f20d
Starships,individual,Individuals/Palpatine's transport,Palpatine's transport,Kei Truck Scout Transport,JohnMesplay,,inherited,1.0,,https://sketchfab.com/3d-models/none-0cb4b243a9dd4d1ca1ab30a17f23ac81
Starships,individual,Individuals/Palpatine's yacht,Palpatine's yacht,Star Wars: Personal Luxury Yacht 3000,Daniel,,inherited,1.0,,https://sketchfab.com/3d-models/none-cb6dee6d3d964b69ba50c95b220e4f9e
Starships,individual,Individuals/Panacea,Panacea,Star Wars: Nebulon B Frigate,Daniel,,inherited,1.0,,https://sketchfab.com/3d-models/none-1986f7b0dee647b3b2374eb80dbd1faf
Starships,individual,Individuals/Panteer's Pride,Panteer's Pride,Kei Truck Scout Transport,JohnMesplay,,inherited,1.0,,https://sketchfab.com/3d-models/none-0cb4b243a9dd4d1ca1ab30a17f23ac81
Starships,individual,Individuals/Pardlam (starship),Pardlam,"YTS-27 light freighter ""The Kowakian Corsair""",JP_2793,,inherited,1.0,,https://sketchfab.com/3d-models/none-3e187fed67034c488a0a9e41eae36628
Starships,individual,Individuals/Parjai,Parjai,Harrrower Class Dreadnaught,Kalashnikov 3D,,inherited,1.0,,https://sketchfab.com/3d-models/none-6e230cc7f6b84649bbab92a5f5ee6347
Starships,individual,Individuals/Parsec Predator,Parsec Predator,Star Wars: Nebulon B Frigate,Daniel,,inherited,1.0,,https://sketchfab.com/3d-models/none-1986f7b0dee647b3b2374eb80dbd1faf
Starships,individual,Individuals/Parting Gift,Parting Gift,Star Wars: Personal Luxury Yacht 3000,Daniel,,inherited,1.0,,https://sketchfab.com/3d-models/none-cb6dee6d3d964b69ba50c95b220e4f9e
Starships,individual,Individuals/Patience,Patience,Star Destroyer Hallway,A308 Digital,,inherited,1.0,,https://sketchfab.com/3d-models/none-eba38859a8484637a5d61f7e9e769a7d
Starships,individual,Individuals/Patriot Fist,Patriot Fist,Star Wars: Imperial II Star Destroyer,Daniel,,inherited,1.0,,https://sketchfab.com/3d-models/none-b8bd2d35f7604670ab85242c06c6d280
Starships,individual,Individuals/Patriot Fist (Legends),Patriot Fist,Invictus Class Star Cruiser,Conner Bentley,,inherited,1.0,,https://sketchfab.com/3d-models/none-8ba24769c02b401d88f50655505c92be
Starships,individual,Individuals/Patrol Four,Patrol Four,Naboo Patrol Ship,CorelliaStar Shipyards,,inherited,1.0,,https://sketchfab.com/3d-models/none-b4aa0b4fb1c94e24a62aabe9c59a5453
Starships,individual,Individuals/Patrol One,Patrol One,Naboo Patrol Ship,CorelliaStar Shipyards,,weak,0.5,,https://sketchfab.com/3d-models/none-b4aa0b4fb1c94e24a62aabe9c59a5453
Starships,individual,Individuals/Patrol Three,Patrol Three,Naboo Patrol Ship,CorelliaStar Shipyards,,weak,0.5,,https://sketchfab.com/3d-models/none-b4aa0b4fb1c94e24a62aabe9c59a5453
Starships,individual,Individuals/Patrol Two,Patrol Two,Naboo Patrol Ship,CorelliaStar Shipyards,,weak,0.5,,https://sketchfab.com/3d-models/none-b4aa0b4fb1c94e24a62aabe9c59a5453
Starships,individual,Individuals/Peacemaker,Peacemaker,Revolver Plasma Peacemaker,Semperfoo,,exact,1.0,,https://sketchfab.com/3d-models/none-6dda91298a264947bf5d03c51bb9328d
Starships,individual,Individuals/Peacemaker (Arquitens-class light cruiser),Peacemaker,Revolver Plasma Peacemaker,Semperfoo,,exact,1.0,,https://sketchfab.com/3d-models/none-6dda91298a264947bf5d03c51bb9328d
Starships,individual,Individuals/Pearl of Faretta,Pearl of Faretta,Invictus Class Star Cruiser,Conner Bentley,,inherited,1.0,,https://sketchfab.com/3d-models/none-8ba24769c02b401d88f50655505c92be
Starships,individual,Individuals/Peerless,Peerless,Star Wars: Imperial II Star Destroyer,Daniel,,inherited,1.0,,https://sketchfab.com/3d-models/none-b8bd2d35f7604670ab85242c06c6d280
Starships,individual,Individuals/Peerless (Legends),Peerless,Star Wars; Imperial-Class Star Destroyer,Heataker,,inherited,1.0,,https://sketchfab.com/3d-models/none-fa18d537db4d4020a443c1802ec0f88e
Starships,individual,Individuals/Pegasus,Pegasus,Nike Air Zoom Pegasus 36 | High Poly | Textured,AYM,,exact,1.0,,https://sketchfab.com/3d-models/none-732c8591acf347098a685aa96434750f
Starships,individual,Individuals/Penumbra,Penumbra,Star Destroyer Hallway,A308 Digital,,inherited,1.0,,https://sketchfab.com/3d-models/none-eba38859a8484637a5d61f7e9e769a7d
Starships,individual,Individuals/Penumbra (Star Destroyer),Penumbra,Star Wars: Imperial II Star Destroyer,Daniel,,inherited,1.0,,https://sketchfab.com/3d-models/none-b8bd2d35f7604670ab85242c06c6d280
Starships,individual,Individuals/Pepper's Hope,Pepper's Hope,"YTS-27 light freighter ""The Kowakian Corsair""",JP_2793,,inherited,1.0,,https://sketchfab.com/3d-models/none-3e187fed67034c488a0a9e41eae36628
Starships,individual,Individuals/Peregrine (Strike-class),Peregrine,Invictus Class Star Cruiser,Conner Bentley,,inherited,1.0,,https://sketchfab.com/3d-models/none-8ba24769c02b401d88f50655505c92be
Starships,individual,Individuals/Peremptory,Peremptory,Low Poly: Imperial I Class Star Destroyer,David Onizaki,,inherited,1.0,,https://sketchfab.com/3d-models/none-f74ee8ea46214ba88f11d00d8dd29d42
Starships,individual,Individuals/Perilous,Perilous,Star Wars: Imperial II Star Destroyer,Daniel,,inherited,1.0,,https://sketchfab.com/3d-models/none-b8bd2d35f7604670ab85242c06c6d280
Starships,individual,Individuals/Perpetuus,Perpetuus,Invictus Class Star Cruiser,Conner Bentley,,inherited,1.0,,https://sketchfab.com/3d-models/none-8ba24769c02b401d88f50655505c92be
Starships,individual,Individuals/Perpetuus (Legends),Perpetuus,Kei Truck Scout Transport,JohnMesplay,,inherited,1.0,,https://sketchfab.com/3d-models/none-0cb4b243a9dd4d1ca1ab30a17f23ac81
Starships,individual,Individuals/Persecutor,Persecutor,Star Wars: Imperial II Star Destroyer,Daniel,,inherited,1.0,,https://sketchfab.com/3d-models/none-b8bd2d35f7604670ab85242c06c6d280
Starships,individual,Individuals/Perseverance,Perseverance,Mars SOL-116 Terrain Area with Ingenuity,Owl Creek Technologies,,exact,1.0,,https://sketchfab.com/3d-models/none-fb04d8529c7846119ebf322bfc6c5ed9
Starships,individual,Individuals/Perseverance (Legends),Perseverance,Mars SOL-116 Terrain Area with Ingenuity,Owl Creek Technologies,,exact,1.0,,https://sketchfab.com/3d-models/none-fb04d8529c7846119ebf322bfc6c5ed9
Starships,individual,Individuals/Personal Profit,Personal Profit,"YTS-27 light freighter ""The Kowakian Corsair""",JP_2793,,inherited,1.0,,https://sketchfab.com/3d-models/none-3e187fed67034c488a0a9e41eae36628
Starships,individual,Individuals/Pervail,Pervail,Star Wars LAAT/i Gunship,smithson17,,inherited,1.0,,https://sketchfab.com/3d-models/none-77e5a30af490488c8019dcb3780ec847
Starships,individual,Individuals/Pestage (Victory-class),Pestage,Star Wars: Imperial II Star Destroyer,Daniel,,inherited,1.0,,https://sketchfab.com/3d-models/none-b8bd2d35f7604670ab85242c06c6d280
Starships,individual,Individuals/Petor,Petor,Star Wars: Raider-class Corvette,Daniel,,inherited,1.0,,https://sketchfab.com/3d-models/none-8732794c82044aafb1c74a55b07674e0
Starships,individual,Individuals/Phantele,Phantele,Imperial Shuttle (Lambda-class T-4a) - Star Wars,Quiznos323,,inherited,1.0,,https://sketchfab.com/3d-models/none-8312856f2c794c569ea6978f2c90bc99
Starships,individual,Individuals/Phantom,Phantom,Star Wars: TIE/ph Phantom,Daniel,,exact,1.0,,https://sketchfab.com/3d-models/none-3fbf9b38b2a24db8b6fcc9f7a67dbf03
Starships,individual,Individuals/Phantom II,Phantom II,Star Wars Ahsoka Phantom II,Cpt.Kirk,,exact,1.0,,https://sketchfab.com/3d-models/none-3abbdf082116410383b03615f397d020
Starships,individual,Individuals/Phantom Lady,Phantom Lady,Kei Truck Scout Transport,JohnMesplay,,inherited,1.0,,https://sketchfab.com/3d-models/none-0cb4b243a9dd4d1ca1ab30a17f23ac81
Starships,individual,Individuals/Phoenix (Assassin-class),Phoenix,Star Wars: Raider-class Corvette,Daniel,,inherited,1.0,,https://sketchfab.com/3d-models/none-8732794c82044aafb1c74a55b07674e0
Starships,individual,Individuals/Phoenix Home,Phoenix Home,Star Wars: Nebulon B Frigate,Daniel,,inherited,1.0,,https://sketchfab.com/3d-models/none-1986f7b0dee647b3b2374eb80dbd1faf
Starships,individual,Individuals/Phoenix Nest,Phoenix Nest,Qasar-Fire Cruiser-Carrier,Kuat-Entralla 3D Engineering,,inherited,1.0,,https://sketchfab.com/3d-models/none-a506dd65a23d40efa85bcc5adba67285
Starships,individual,Individuals/Pikka's Pride,Pikka's Pride,Separatist Supply Ship,bruhepic925,,inherited,1.0,,https://sketchfab.com/3d-models/none-19b6006eb6e6405b84e828b552af4abf
Starships,individual,Individuals/Pincer,Pincer,Star Wars: Nebulon B Frigate,Daniel,,inherited,1.0,,https://sketchfab.com/3d-models/none-1986f7b0dee647b3b2374eb80dbd1faf
Starships,individual,Individuals/Pioneer,Pioneer,Star Wars: Imperial II Star Destroyer,Daniel,,inherited,1.0,,https://sketchfab.com/3d-models/none-b8bd2d35f7604670ab85242c06c6d280
Starships,individual,Individuals/Piralli's yacht,Piralli's yacht,Star Wars: Personal Luxury Yacht 3000,Daniel,,inherited,1.0,,https://sketchfab.com/3d-models/none-cb6dee6d3d964b69ba50c95b220e4f9e
Starships,individual,Individuals/Pirate CR90 corvette,Pirate CR90 corvette,Star Wars: Raider-class Corvette,Daniel,,inherited,1.0,,https://sketchfab.com/3d-models/none-8732794c82044aafb1c74a55b07674e0
Starships,individual,Individuals/Plague (Marauder-class),Plague,Star Wars: Raider-class Corvette,Daniel,,inherited,1.0,,https://sketchfab.com/3d-models/none-8732794c82044aafb1c74a55b07674e0
Starships,individual,Individuals/Plana Van's transport,Plana Van's transport,Kei Truck Scout Transport,JohnMesplay,,inherited,1.0,,https://sketchfab.com/3d-models/none-0cb4b243a9dd4d1ca1ab30a17f23ac81
Starships,individual,Individuals/Plank,Plank,Star Wars: Raider-class Corvette,Daniel,,inherited,1.0,,https://sketchfab.com/3d-models/none-8732794c82044aafb1c74a55b07674e0
Starships,individual,Individuals/Planka,Planka,Arquitens-Class Light Cruiser,A308 Digital,,inherited,1.0,,https://sketchfab.com/3d-models/none-802fa70fb8cd46f5b741cb6b99f66229
Starships,individual,Individuals/Platinum Mist,Platinum Mist,Star Wars: Personal Luxury Yacht 3000,Daniel,,inherited,1.0,,https://sketchfab.com/3d-models/none-cb6dee6d3d964b69ba50c95b220e4f9e
Starships,individual,Individuals/Platt's Dream,Platt's Dream,"YTS-27 light freighter ""The Kowakian Corsair""",JP_2793,,inherited,1.0,,https://sketchfab.com/3d-models/none-3e187fed67034c488a0a9e41eae36628
Starships,individual,Individuals/Plo Koon's Delta-7 Aethersprite-class light interceptor,Plo Koon's Delta-7 Aethersprite-class light interceptor,X-wing starfighter | T-65C-A2,Alana G,,inherited,1.0,,https://sketchfab.com/3d-models/none-2397144aa2314e8fb03bf131d8f56af4
Starships,individual,Individuals/Plo Koon's Delta-7 Aethersprite-class light interceptor (Legends),Plo Koon's Delta-7 Aethersprite-class light interceptor,X-wing starfighter | T-65C-A2,Alana G,,inherited,1.0,,https://sketchfab.com/3d-models/none-2397144aa2314e8fb03bf131d8f56af4
Starships,individual,Individuals/Plo's Bros,Plo's Bros,Spaceship 1 (Remodel),gavinpgamer1,,inherited,1.0,,https://sketchfab.com/3d-models/none-04d4c90fae8c43488e8361acfc53cdc7
Starships,individual,Individuals/Plo's Bros (Legends),Plo's Bros,Star Wars LAAT/i Gunship,smithson17,,inherited,1.0,,https://sketchfab.com/3d-models/none-77e5a30af490488c8019dcb3780ec847
Starships,individual,Individuals/Pod 1977,Pod 1977,Star Wars Escape Pod,LarsH.,,inherited,1.0,,https://sketchfab.com/3d-models/none-744b53ababd640c089b9db03b02c968d
Starships,individual,Individuals/Pod 1977 (Legends),Pod 1977,Star Wars Escape Pod,LarsH.,,inherited,1.0,,https://sketchfab.com/3d-models/none-744b53ababd640c089b9db03b02c968d
Starships,individual,Individuals/Poe Dameron's blue X-wing,Poe Dameron's blue X-wing,X-wing starfighter | T-65C-A2,Alana G,,inherited,1.0,,https://sketchfab.com/3d-models/none-2397144aa2314e8fb03bf131d8f56af4
Starships,individual,Individuals/Poesy,Poesy,Arquitens-Class Light Cruiser,A308 Digital,,inherited,1.0,,https://sketchfab.com/3d-models/none-802fa70fb8cd46f5b741cb6b99f66229
Starships,individual,Individuals/Pok's Demise,Pok's Demise,"YTS-27 light freighter ""The Kowakian Corsair""",JP_2793,,inherited,1.0,,https://sketchfab.com/3d-models/none-3e187fed67034c488a0a9e41eae36628
Starships,individual,Individuals/Polan GX-8,Polan GX-8,Star Wars: Lambda Shuttle,Daniel,,inherited,1.0,,https://sketchfab.com/3d-models/none-9d160e16845a4b518a2d30a7c716f20d
Starships,individual,Individuals/Poldon Bain,Poldon Bain,Invictus Class Star Cruiser,Conner Bentley,,inherited,1.0,,https://sketchfab.com/3d-models/none-8ba24769c02b401d88f50655505c92be
Starships,individual,Individuals/Polestar,Polestar,Star Wars: Personal Luxury Yacht 3000,Daniel,,inherited,1.0,,https://sketchfab.com/3d-models/none-cb6dee6d3d964b69ba50c95b220e4f9e
Starships,individual,Individuals/Ponta One,Ponta One,"YTS-27 light freighter ""The Kowakian Corsair""",JP_2793,,inherited,1.0,,https://sketchfab.com/3d-models/none-3e187fed67034c488a0a9e41eae36628
Starships,individual,Individuals/Poor Crow,Poor Crow,"YTS-27 light freighter ""The Kowakian Corsair""",JP_2793,,inherited,1.0,,https://sketchfab.com/3d-models/none-3e187fed67034c488a0a9e41eae36628
Starships,individual,Individuals/Porthoy,Porthoy,"YTS-27 light freighter ""The Kowakian Corsair""",JP_2793,,inherited,1.0,,https://sketchfab.com/3d-models/none-3e187fed67034c488a0a9e41eae36628
Starships,individual,Individuals/Post 1,Post 1,Desert Quarry Outpost Terrain,NaG_ReMo,,weak,0.5,,https://sketchfab.com/3d-models/none-57fefb7b2d4c451e93cad89e43cf04bc
Starships,individual,Individuals/Post 2,Post 2,Star Wars: Lambda Shuttle,Daniel,,inherited,1.0,,https://sketchfab.com/3d-models/none-9d160e16845a4b518a2d30a7c716f20d
Starships,individual,Individuals/Pradeux,Pradeux,Star Wars: Imperial II Star Destroyer,Daniel,,inherited,1.0,,https://sketchfab.com/3d-models/none-b8bd2d35f7604670ab85242c06c6d280
Starships,individual,Individuals/Prakas's cruiser,Prakas's cruiser,Invictus Class Star Cruiser,Conner Bentley,,inherited,1.0,,https://sketchfab.com/3d-models/none-8ba24769c02b401d88f50655505c92be
Starships,individual,Individuals/Precipitate Fire,Precipitate Fire,Donachet Battlecruiser,gavinpgamer1,,inherited,1.0,,https://sketchfab.com/3d-models/none-44a6db481777492c8bd027e2b26054c1
Starships,individual,Individuals/Predator (Kell Douro's ship),Predator,Hungry Shark World Collection,The WarVet,,exact,1.0,,https://sketchfab.com/3d-models/none-b343825896874174b16646166c18b2af
Starships,individual,Individuals/Predator (scout ship),Predator,Hungry Shark World Collection,The WarVet,,exact,1.0,,https://sketchfab.com/3d-models/none-b343825896874174b16646166c18b2af
Starships,individual,Individuals/Predator's Beak,Predator's Beak,"YTS-27 light freighter ""The Kowakian Corsair""",JP_2793,,inherited,1.0,,https://sketchfab.com/3d-models/none-3e187fed67034c488a0a9e41eae36628
Starships,individual,Individuals/Prentioch,Prentioch,Star Wars; Imperial-Class Star Destroyer,Heataker,,inherited,1.0,,https://sketchfab.com/3d-models/none-fa18d537db4d4020a443c1802ec0f88e
Starships,individual,Individuals/Pretty Profit,Pretty Profit,"YTS-27 light freighter ""The Kowakian Corsair""",JP_2793,,inherited,1.0,,https://sketchfab.com/3d-models/none-3e187fed67034c488a0a9e41eae36628
Starships,individual,Individuals/Pride of Corellia,Pride of Corellia,Kei Truck Scout Transport,JohnMesplay,,inherited,1.0,,https://sketchfab.com/3d-models/none-0cb4b243a9dd4d1ca1ab30a17f23ac81
Starships,individual,Individuals/Pride of Selonia (Lancer-class),Pride of Selonia,Star Wars: Nebulon B Frigate,Daniel,,inherited,1.0,,https://sketchfab.com/3d-models/none-1986f7b0dee647b3b2374eb80dbd1faf
Starships,individual,Individuals/Pride of Tarlandia,Pride of Tarlandia,Donachet Battlecruiser,gavinpgamer1,,inherited,1.0,,https://sketchfab.com/3d-models/none-44a6db481777492c8bd027e2b26054c1
Starships,individual,Individuals/Pride of Tarlandia (Legends),Pride of Tarlandia,Donachet Battlecruiser,gavinpgamer1,,inherited,1.0,,https://sketchfab.com/3d-models/none-44a6db481777492c8bd027e2b26054c1
Starships,individual,Individuals/Primacy,Primacy,"YTS-27 light freighter ""The Kowakian Corsair""",JP_2793,,inherited,1.0,,https://sketchfab.com/3d-models/none-3e187fed67034c488a0a9e41eae36628
Starships,individual,Individuals/Primal,Primal,Primal Force Rifle,Martin Rabanal 3D,,exact,1.0,,https://sketchfab.com/3d-models/none-05e69ccbe5c04a75bae925e1512431de
Starships,individual,Individuals/Prism,Prism,Star Wars: Nebulon B Frigate,Daniel,,inherited,1.0,,https://sketchfab.com/3d-models/none-1986f7b0dee647b3b2374eb80dbd1faf
Starships,individual,Individuals/Probe ship,Probe ship,Kei Truck Scout Transport,JohnMesplay,,inherited,1.0,,https://sketchfab.com/3d-models/none-0cb4b243a9dd4d1ca1ab30a17f23ac81
Starships,individual,Individuals/Procurer,Procurer,Space Battleship Yamato 2205,DJ-CheeF,,inherited,1.0,,https://sketchfab.com/3d-models/none-526cf6c315dd4056848f1431140d1965
Starships,individual,Individuals/Profit (Lucrehulk-class battleship),Profit,Lucrehulk-class Battleship (Unfinished/WIP),DrEgguin,,inherited,1.0,,https://sketchfab.com/3d-models/none-39bbd96e87ea47f68b80d4336259137d
Starships,individual,Individuals/Profundity,Profundity,Invictus Class Star Cruiser,Conner Bentley,,inherited,1.0,,https://sketchfab.com/3d-models/none-8ba24769c02b401d88f50655505c92be
Starships,individual,Individuals/Profusion,Profusion,Space Battleship Yamato 2205,DJ-CheeF,,inherited,1.0,,https://sketchfab.com/3d-models/none-526cf6c315dd4056848f1431140d1965
Starships,individual,Individuals/Prominence (Dreadnaught-class),Prominence,Solar Prominence,Tycho Magnetic Anomaly,,exact,1.0,,https://sketchfab.com/3d-models/none-b5f6ab62bdbf465bb462f94f1a125f52
Starships,individual,Individuals/Promise,Promise,Star Wars: Nebulon B Frigate,Daniel,,inherited,1.0,,https://sketchfab.com/3d-models/none-1986f7b0dee647b3b2374eb80dbd1faf
Starships,individual,Individuals/Prosecutor,Prosecutor,Republic Assault Ship,StarWars-Universe,,inherited,1.0,,https://sketchfab.com/3d-models/none-e56b33bb58cc448ab134675e69dbc224
Starships,individual,Individuals/Prosperous,Prosperous,Star Wars: Imperial II Star Destroyer,Daniel,,inherited,1.0,,https://sketchfab.com/3d-models/none-b8bd2d35f7604670ab85242c06c6d280
Starships,individual,Individuals/Protector (Victory I-class),Protector,Star Wars: Imperial II Star Destroyer,Daniel,,inherited,1.0,,https://sketchfab.com/3d-models/none-b8bd2d35f7604670ab85242c06c6d280
Starships,individual,Individuals/Protector (Victory II-class),Protector,Star Wars: Imperial II Star Destroyer,Daniel,,inherited,1.0,,https://sketchfab.com/3d-models/none-b8bd2d35f7604670ab85242c06c6d280
Starships,individual,Individuals/Protector (Victory-class),Protector,Star Wars: Imperial II Star Destroyer,Daniel,,inherited,1.0,,https://sketchfab.com/3d-models/none-b8bd2d35f7604670ab85242c06c6d280
Starships,individual,Individuals/Proto 11,Proto 11,X-wing starfighter | T-65C-A2,Alana G,,inherited,1.0,,https://sketchfab.com/3d-models/none-2397144aa2314e8fb03bf131d8f56af4
Starships,individual,Individuals/Proto 12,Proto 12,X-wing starfighter | T-65C-A2,Alana G,,inherited,1.0,,https://sketchfab.com/3d-models/none-2397144aa2314e8fb03bf131d8f56af4
Starships,individual,Individuals/Providence,Providence,Star Wars: The Clone Wars Providence,lolqeeeeeeeeee,,exact,1.0,,https://sketchfab.com/3d-models/none-8d27764a7d254fd7948557daf6d7ccdc
Starships,individual,Individuals/Provocateur,Provocateur,Star Wars: Nebulon B Frigate,Daniel,,inherited,1.0,,https://sketchfab.com/3d-models/none-1986f7b0dee647b3b2374eb80dbd1faf
Starships,individual,Individuals/Pulsar (DP20 gunship),Pulsar,"""Pulsar Edge"" - Adox's Lightsaber",Adox,,exact,1.0,,https://sketchfab.com/3d-models/none-7d533ef0b0f942deaf3059692804c4d9
Starships,individual,Individuals/Pulsar (Lancer-class),Pulsar,"""Pulsar Edge"" - Adox's Lightsaber",Adox,,exact,1.0,,https://sketchfab.com/3d-models/none-7d533ef0b0f942deaf3059692804c4d9
Starships,individual,Individuals/Pulsar (Star Destroyer),Pulsar,"""Pulsar Edge"" - Adox's Lightsaber",Adox,,exact,1.0,,https://sketchfab.com/3d-models/none-7d533ef0b0f942deaf3059692804c4d9
Starships,individual,Individuals/Punisher,Punisher,Star Wars: TIE/ca Punisher,Daniel,,exact,1.0,,https://sketchfab.com/3d-models/none-98946565eae44d499e4ff482d232a3b9
Starships,individual,Individuals/Punishing One (Legends),Punishing One,X-wing starfighter | T-65C-A2,Alana G,,inherited,1.0,,https://sketchfab.com/3d-models/none-2397144aa2314e8fb03bf131d8f56af4
Starships,individual,Individuals/Punishment,Punishment,Star Wars: Imperial II Star Destroyer,Daniel,,inherited,1.0,,https://sketchfab.com/3d-models/none-b8bd2d35f7604670ab85242c06c6d280
Starships,individual,Individuals/Pure Sabacc (Marauder-class),Pure Sabacc,Star Wars: Raider-class Corvette,Daniel,,inherited,1.0,,https://sketchfab.com/3d-models/none-8732794c82044aafb1c74a55b07674e0
Starships,individual,Individuals/Pursuant,Pursuant,Qasar-Fire Cruiser-Carrier,Kuat-Entralla 3D Engineering,,inherited,1.0,,https://sketchfab.com/3d-models/none-a506dd65a23d40efa85bcc5adba67285
Starships,individual,Individuals/Pursuer,Pursuer,Star Wars: Imperial II Star Destroyer,Daniel,,inherited,1.0,,https://sketchfab.com/3d-models/none-b8bd2d35f7604670ab85242c06c6d280
Starships,individual,Individuals/Python (Assassin-class),Python,Star Wars: Raider-class Corvette,Daniel,,inherited,1.0,,https://sketchfab.com/3d-models/none-8732794c82044aafb1c74a55b07674e0
Starships,individual,Individuals/Python (corvette group),Python,Star Wars: Raider-class Corvette,Daniel,,inherited,1.0,,https://sketchfab.com/3d-models/none-8732794c82044aafb1c74a55b07674e0
Starships,individual,Individuals/Qel-Droma,Qel-Droma,Star Wars: Nebulon B Frigate,Daniel,,inherited,1.0,,https://sketchfab.com/3d-models/none-1986f7b0dee647b3b2374eb80dbd1faf
Starships,individual,Individuals/Quaestor,Quaestor,Donachet Battlecruiser,gavinpgamer1,,inherited,1.0,,https://sketchfab.com/3d-models/none-44a6db481777492c8bd027e2b26054c1
Starships,individual,Individuals/Quenfis,Quenfis,Star Destroyer Hallway,A308 Digital,,inherited,1.0,,https://sketchfab.com/3d-models/none-eba38859a8484637a5d61f7e9e769a7d
Starships,individual,Individuals/Questor,Questor,Star Wars: Lambda Shuttle,Daniel,,inherited,1.0,,https://sketchfab.com/3d-models/none-9d160e16845a4b518a2d30a7c716f20d
Starships,individual,Individuals/Qui-Gon Jinn's Aethersprite,Qui-Gon Jinn's Aethersprite,X-wing starfighter | T-65C-A2,Alana G,,inherited,1.0,,https://sketchfab.com/3d-models/none-2397144aa2314e8fb03bf131d8f56af4
Starships,individual,Individuals/Quicksilver (Iaco Stark),Quicksilver,Star Wars: Lambda Shuttle,Daniel,,inherited,1.0,,https://sketchfab.com/3d-models/none-9d160e16845a4b518a2d30a7c716f20d
Starships,individual,Individuals/Quillion,Quillion,Star Wars: Raider-class Corvette,Daniel,,inherited,1.0,,https://sketchfab.com/3d-models/none-8732794c82044aafb1c74a55b07674e0
Starships,individual,Individuals/Quinlan Vos's Eta-2 Actis-class light interceptor,Quinlan Vos's Eta-2 Actis-class light interceptor,X-wing starfighter | T-65C-A2,Alana G,,inherited,1.0,,https://sketchfab.com/3d-models/none-2397144aa2314e8fb03bf131d8f56af4
Starships,individual,Individuals/Quinlan Vos's Jedi starfighter,Quinlan Vos's Jedi starfighter,X-wing starfighter | T-65C-A2,Alana G,,inherited,1.0,,https://sketchfab.com/3d-models/none-2397144aa2314e8fb03bf131d8f56af4
Starships,individual,Individuals/R2-D2's T-65B X-wing starfighter,R2-D2's T-65B X-wing starfighter,X-wing starfighter | T-65C-A2,Alana G,,inherited,1.0,,https://sketchfab.com/3d-models/none-2397144aa2314e8fb03bf131d8f56af4
Starships,individual,Individuals/RNS Queen Amidala IV,RNS Queen Amidala IV,Invictus Class Star Cruiser,Conner Bentley,,inherited,1.0,,https://sketchfab.com/3d-models/none-8ba24769c02b401d88f50655505c92be
Starships,individual,Individuals/RS Revenge,RS Revenge,Invictus Class Star Cruiser,Conner Bentley,,inherited,1.0,,https://sketchfab.com/3d-models/none-8ba24769c02b401d88f50655505c92be
Starships,individual,Individuals/RX-4-9,RX-4-9,X-wing starfighter | T-65C-A2,Alana G,,inherited,1.0,,https://sketchfab.com/3d-models/none-2397144aa2314e8fb03bf131d8f56af4
Starships,individual,Individuals/Rabbit's Foot (Legends),Rabbit's Foot,X-wing starfighter | T-65C-A2,Alana G,,inherited,1.0,,https://sketchfab.com/3d-models/none-2397144aa2314e8fb03bf131d8f56af4
Starships,individual,Individuals/Raddus (MC85 Star Cruiser),Raddus,Admiral Raddus,Tigerar1,,exact,1.0,,https://sketchfab.com/3d-models/none-dcd7f7fdc5d946ca95bddbfa932063b5
Starships,individual,Individuals/Radiant Splendor,Radiant Splendor,"YTS-27 light freighter ""The Kowakian Corsair""",JP_2793,,inherited,1.0,,https://sketchfab.com/3d-models/none-3e187fed67034c488a0a9e41eae36628
Starships,individual,Individuals/Radium Destrobar,Radium Destrobar,Star Wars: Nebulon B Frigate,Daniel,,inherited,1.0,,https://sketchfab.com/3d-models/none-1986f7b0dee647b3b2374eb80dbd1faf
Starships,individual,Individuals/Rafe's Gambit,Rafe's Gambit,Kei Truck Scout Transport,JohnMesplay,,inherited,1.0,,https://sketchfab.com/3d-models/none-0cb4b243a9dd4d1ca1ab30a17f23ac81
Starships,individual,Individuals/Rage (Imperial-class),Rage,Star Wars; Imperial-Class Star Destroyer,Heataker,,inherited,1.0,,https://sketchfab.com/3d-models/none-fa18d537db4d4020a443c1802ec0f88e
Starships,individual,Individuals/Rage (Lancer-class),Rage,Star Wars: Nebulon B Frigate,Daniel,,inherited,1.0,,https://sketchfab.com/3d-models/none-1986f7b0dee647b3b2374eb80dbd1faf
Starships,individual,Individuals/Ragged Claw,Ragged Claw,"YTS-27 light freighter ""The Kowakian Corsair""",JP_2793,,inherited,1.0,,https://sketchfab.com/3d-models/none-3e187fed67034c488a0a9e41eae36628
Starships,individual,Individuals/Raider (Gladius-class),Raider,Star Wars: Raider-class Corvette,Daniel,,exact,1.0,,https://sketchfab.com/3d-models/none-8732794c82044aafb1c74a55b07674e0
Starships,individual,Individuals/Raider (cargo ferry),Raider,Star Wars: Raider-class Corvette,Daniel,,exact,1.0,,https://sketchfab.com/3d-models/none-8732794c82044aafb1c74a55b07674e0
Starships,individual,Individuals/Raider (salvage freighter),Raider,Star Wars: Raider-class Corvette,Daniel,,exact,1.0,,https://sketchfab.com/3d-models/none-8732794c82044aafb1c74a55b07674e0
Starships,individual,Individuals/Raider (salvage freighter) (Legends),Raider,Star Wars: Raider-class Corvette,Daniel,,exact,1.0,,https://sketchfab.com/3d-models/none-8732794c82044aafb1c74a55b07674e0
Starships,individual,Individuals/Rakehell,Rakehell,Star Wars: Imperial II Star Destroyer,Daniel,,inherited,1.0,,https://sketchfab.com/3d-models/none-b8bd2d35f7604670ab85242c06c6d280
Starships,individual,Individuals/Rakehell (Sorannan-class),Rakehell,Star Wars: Imperial II Star Destroyer,Daniel,,inherited,1.0,,https://sketchfab.com/3d-models/none-b8bd2d35f7604670ab85242c06c6d280
Starships,individual,Individuals/Ram's Head,Ram's Head,Star Wars; CR90 Corvette,Heataker,,inherited,1.0,,https://sketchfab.com/3d-models/none-6356d19e87494ad8b6f55d0f0e9ec8a7
Starships,individual,Individuals/Rampaea Horizon,Rampaea Horizon,Star Wars: BFF-1 Bulk Freighter,Daniel,,inherited,1.0,,https://sketchfab.com/3d-models/none-2131f750afff479588a46321d17ee25f
Starships,individual,Individuals/Rampaging Ranat,Rampaging Ranat,"YTS-27 light freighter ""The Kowakian Corsair""",JP_2793,,inherited,1.0,,https://sketchfab.com/3d-models/none-3e187fed67034c488a0a9e41eae36628
Starships,individual,Individuals/Rampant,Rampant,Star Wars: Imperial II Star Destroyer,Daniel,,inherited,1.0,,https://sketchfab.com/3d-models/none-b8bd2d35f7604670ab85242c06c6d280
Starships,individual,Individuals/Rancor's Tooth,Rancor's Tooth,Star Wars: Raider-class Corvette,Daniel,,inherited,1.0,,https://sketchfab.com/3d-models/none-8732794c82044aafb1c74a55b07674e0
Starships,individual,Individuals/Rand Ecliptic (Legends),Rand Ecliptic,Star Wars: Nebulon B Frigate,Daniel,,inherited,1.0,,https://sketchfab.com/3d-models/none-1986f7b0dee647b3b2374eb80dbd1faf
Starships,individual,Individuals/Random Mallet,Random Mallet,Star Wars: Nebulon B Frigate,Daniel,,inherited,1.0,,https://sketchfab.com/3d-models/none-1986f7b0dee647b3b2374eb80dbd1faf
Starships,individual,Individuals/Randomizer,Randomizer,Star Wars: Nebulon B Frigate,Daniel,,inherited,1.0,,https://sketchfab.com/3d-models/none-1986f7b0dee647b3b2374eb80dbd1faf
Starships,individual,Individuals/Ranger (IPV-1 System Patrol Craft),Ranger,Ironbound Ranger,Ognomdrol,,exact,1.0,,https://sketchfab.com/3d-models/none-4c248dfbc5a44269b76f31807761580d
Starships,individual,Individuals/Ranolfo,Ranolfo,Star Wars: Raider-class Corvette,Daniel,,inherited,1.0,,https://sketchfab.com/3d-models/none-8732794c82044aafb1c74a55b07674e0
Starships,individual,Individuals/Raptor (Nebulon-B2 frigate),Raptor,Star Wars: Nebulon B Frigate,Daniel,,inherited,1.0,,https://sketchfab.com/3d-models/none-1986f7b0dee647b3b2374eb80dbd1faf
Starships,individual,Individuals/Raptor (Preybird),Raptor,X-wing starfighter | T-65C-A2,Alana G,,inherited,1.0,,https://sketchfab.com/3d-models/none-2397144aa2314e8fb03bf131d8f56af4
Starships,individual,Individuals/Ravager,Ravager,Star Wars Dreadnought,bruhepic925,,inherited,1.0,,https://sketchfab.com/3d-models/none-d146d98ea3b346548f463181331b9e70
Starships,individual,Individuals/Ravager (Centurion-class),Ravager,Donachet Battlecruiser,gavinpgamer1,,inherited,1.0,,https://sketchfab.com/3d-models/none-44a6db481777492c8bd027e2b26054c1
Starships,individual,Individuals/Ravager (Lancer-class),Ravager,Star Wars: Nebulon B Frigate,Daniel,,inherited,1.0,,https://sketchfab.com/3d-models/none-1986f7b0dee647b3b2374eb80dbd1faf
Starships,individual,Individuals/Ravelev,Ravelev,"YTS-27 light freighter ""The Kowakian Corsair""",JP_2793,,inherited,1.0,,https://sketchfab.com/3d-models/none-3e187fed67034c488a0a9e41eae36628
Starships,individual,Individuals/Ravenous (Imperial-class Star Destroyer),Ravenous,Star Wars: Imperial II Star Destroyer,Daniel,,inherited,1.0,,https://sketchfab.com/3d-models/none-b8bd2d35f7604670ab85242c06c6d280
Starships,individual,Individuals/Ravtin 2,Ravtin 2,Imperial Shuttle (Lambda-class T-4a) - Star Wars,Quiznos323,,inherited,1.0,,https://sketchfab.com/3d-models/none-8312856f2c794c569ea6978f2c90bc99
Starships,individual,Individuals/Raw Deal,Raw Deal,Star Wars: Personal Luxury Yacht 3000,Daniel,,inherited,1.0,,https://sketchfab.com/3d-models/none-cb6dee6d3d964b69ba50c95b220e4f9e
Starships,individual,Individuals/Raygar's freighter,Raygar's freighter,"YTS-27 light freighter ""The Kowakian Corsair""",JP_2793,,inherited,1.0,,https://sketchfab.com/3d-models/none-3e187fed67034c488a0a9e41eae36628
Starships,individual,Individuals/Razor (CR90 corvette),Razor,Razor Crest - Star Wars,Quiznos323,,exact,1.0,,https://sketchfab.com/3d-models/none-172cb62cc1e141cfae4c48440c348de0
Starships,individual,Individuals/Razor (Dragonfly-class),Razor,Razor Crest - Star Wars,Quiznos323,,exact,1.0,,https://sketchfab.com/3d-models/none-172cb62cc1e141cfae4c48440c348de0
Starships,individual,Individuals/Razor (Imperial-class),Razor,Razor Crest - Star Wars,Quiznos323,,exact,1.0,,https://sketchfab.com/3d-models/none-172cb62cc1e141cfae4c48440c348de0
Starships,individual,Individuals/Razor Crest,Razor Crest,Razor Crest - Star Wars,Quiznos323,,exact,1.0,,https://sketchfab.com/3d-models/none-172cb62cc1e141cfae4c48440c348de0
Starships,individual,Individuals/Razor Crest 2.0,Razor Crest 2.0,Star Wars LAAT/i Gunship,smithson17,,inherited,1.0,,https://sketchfab.com/3d-models/none-77e5a30af490488c8019dcb3780ec847
Starships,individual,Individuals/Re,Re,Star Wars Ithorian Endor Rebel (rigged),tegnemaskin,,exact,1.0,,https://sketchfab.com/3d-models/none-ca01590e107a45aa9dd9c4386ccfe094
Starships,individual,Individuals/Reaper (EF76 Nebulon-B escort frigate),Reaper,TIE/rlg Reaper ground attack lander,Rebus2077,,exact,1.0,,https://sketchfab.com/3d-models/none-42099d76950743be87ac5ceced33649f
Starships,individual,Individuals/Reaper (Executor-class),Reaper,TIE/rlg Reaper ground attack lander,Rebus2077,,exact,1.0,,https://sketchfab.com/3d-models/none-42099d76950743be87ac5ceced33649f
Starships,individual,Individuals/Reaper (destroyer),Reaper,TIE/rlg Reaper ground attack lander,Rebus2077,,exact,1.0,,https://sketchfab.com/3d-models/none-42099d76950743be87ac5ceced33649f
Starships,individual,Individuals/Reasonable Doubt,Reasonable Doubt,Kei Truck Scout Transport,JohnMesplay,,inherited,1.0,,https://sketchfab.com/3d-models/none-0cb4b243a9dd4d1ca1ab30a17f23ac81
Starships,individual,Individuals/Rebel Dream,Rebel Dream,Star Wars: Imperial II Star Destroyer,Daniel,,inherited,1.0,,https://sketchfab.com/3d-models/none-b8bd2d35f7604670ab85242c06c6d280
Starships,individual,Individuals/Rebel One,Rebel One,Lyra Erso's Commlink (Star Wars: Rogue One),Licca's Dollhouse Cosplay Studio,,exact,1.0,,https://sketchfab.com/3d-models/none-030461a209114c5683da9fd207d11da1
Starships,individual,Individuals/Rebel recruitment base,Rebel recruitment base,Kei Truck Scout Transport,JohnMesplay,,inherited,1.0,,https://sketchfab.com/3d-models/none-0cb4b243a9dd4d1ca1ab30a17f23ac81
Starships,individual,Individuals/Rebels TIE fighter,Rebels TIE fighter,Tie Fighter,Kasra Homayoni Afshar,,exact,1.0,,https://sketchfab.com/3d-models/none-2c7689e02de349a6b1f39f61da40b850
Starships,individual,Individuals/Rebirth,Rebirth,D Rex 2.0 jurassic world rebirth,not important,,exact,1.0,,https://sketchfab.com/3d-models/none-9812b5371b584d6098e8eee8f3a23eed
Starships,individual,Individuals/Reciprocity,Reciprocity,Star Wars: Nebulon B Frigate,Daniel,,inherited,1.0,,https://sketchfab.com/3d-models/none-1986f7b0dee647b3b2374eb80dbd1faf
Starships,individual,Individuals/Reckless Abandon,Reckless Abandon,Kei Truck Scout Transport,JohnMesplay,,inherited,1.0,,https://sketchfab.com/3d-models/none-0cb4b243a9dd4d1ca1ab30a17f23ac81
Starships,individual,Individuals/Reckoning (Imperial II-class),Reckoning,83359 Star Wars Imperial II-class Star Destroyer,S🅾️Meme star wars,,inherited,1.0,,https://sketchfab.com/3d-models/none-c75cfb15ef124691b3fa33c30e017bbe
Starships,individual,Individuals/Reckoning (YT-1300 light freighter),Reckoning,"YTS-27 light freighter ""The Kowakian Corsair""",JP_2793,,inherited,1.0,,https://sketchfab.com/3d-models/none-3e187fed67034c488a0a9e41eae36628
Starships,individual,Individuals/Recondite,Recondite,Star Wars; Imperial-Class Star Destroyer,Heataker,,inherited,1.0,,https://sketchfab.com/3d-models/none-fa18d537db4d4020a443c1802ec0f88e
Starships,individual,Individuals/Red 1,Red 1,Stormtrooper (With Red Pauldron),CommanderPrime,,weak,0.5,,https://sketchfab.com/3d-models/none-a8a64e35e6c448cbb9ccb0a3ab23c603
Starships,individual,Individuals/Red 5,Red 5,E-5 Blaster Rifle,A308 Digital,,exact,1.0,,https://sketchfab.com/3d-models/none-8fc1a356986140b38f4df49a2e21d079
Starships,individual,Individuals/Red 6,Red 6,Star Wars inspired Mercenary Tri-blaster,J,,weak,0.5,,https://sketchfab.com/3d-models/none-c22c4636e83042e695f400d2f1096531
Starships,individual,Individuals/Red 7,Red 7,Star Wars Galaxies - X-Wing(Luke/Red-Five),Zorg_Sinister,,weak,0.5,,https://sketchfab.com/3d-models/none-c9bb464489e14a83a3d018c68d6145ff
Starships,individual,Individuals/Red Claw,Red Claw,Invictus Class Star Cruiser,Conner Bentley,,inherited,1.0,,https://sketchfab.com/3d-models/none-8ba24769c02b401d88f50655505c92be
Starships,individual,Individuals/Red Five (T-65B X-wing starfighter),Red Five,Star Wars Galaxies - X-Wing(Luke/Red-Five),Zorg_Sinister,,exact,1.0,,https://sketchfab.com/3d-models/none-c9bb464489e14a83a3d018c68d6145ff
Starships,individual,Individuals/Red Gauntlet,Red Gauntlet,Low Poly: Imperial I Class Star Destroyer,David Onizaki,,inherited,1.0,,https://sketchfab.com/3d-models/none-f74ee8ea46214ba88f11d00d8dd29d42
Starships,individual,Individuals/Red Harvest,Red Harvest,Star Wars: Imperial II Star Destroyer,Daniel,,inherited,1.0,,https://sketchfab.com/3d-models/none-b8bd2d35f7604670ab85242c06c6d280
Starships,individual,Individuals/Red Jammer,Red Jammer,TIE bomber,StarWars-Universe,,inherited,1.0,,https://sketchfab.com/3d-models/none-dab029b751bd4cc293b66e3cc013e3a0
Starships,individual,Individuals/Red Lancer,Red Lancer,X-wing starfighter | T-65C-A2,Alana G,,inherited,1.0,,https://sketchfab.com/3d-models/none-2397144aa2314e8fb03bf131d8f56af4
Starships,individual,Individuals/Red Nebula (starship),Red Nebula,"YTS-27 light freighter ""The Kowakian Corsair""",JP_2793,,inherited,1.0,,https://sketchfab.com/3d-models/none-3e187fed67034c488a0a9e41eae36628
Starships,individual,Individuals/Red One (T-65B X-wing starfighter),Red One,Stormtrooper (With Red Pauldron),CommanderPrime,,exact,1.0,,https://sketchfab.com/3d-models/none-a8a64e35e6c448cbb9ccb0a3ab23c603
Starships,individual,Individuals/Red Silk Chances,Red Silk Chances,"YTS-27 light freighter ""The Kowakian Corsair""",JP_2793,,inherited,1.0,,https://sketchfab.com/3d-models/none-3e187fed67034c488a0a9e41eae36628
Starships,individual,Individuals/Red Six (T-65B X-wing starfighter),Red Six,X-wing starfighter | T-65C-A2,Alana G,,inherited,1.0,,https://sketchfab.com/3d-models/none-2397144aa2314e8fb03bf131d8f56af4
Starships,individual,Individuals/Redeemer,Redeemer,Star Wars: Imperial II Star Destroyer,Daniel,,inherited,1.0,,https://sketchfab.com/3d-models/none-b8bd2d35f7604670ab85242c06c6d280
Starships,individual,Individuals/Redeemer (Legends),Redeemer,Star Wars: Imperial II Star Destroyer,Daniel,,inherited,1.0,,https://sketchfab.com/3d-models/none-b8bd2d35f7604670ab85242c06c6d280
Starships,individual,Individuals/Redeemer (assault frigate),Redeemer,Assault_Frigate_Model,flannelandfilm,,inherited,1.0,,https://sketchfab.com/3d-models/none-3602f36759714da29d3a21d760aeaabc
Starships,individual,Individuals/Redemption,Redemption,Star Wars: Nebulon B Frigate,Daniel,,inherited,1.0,,https://sketchfab.com/3d-models/none-1986f7b0dee647b3b2374eb80dbd1faf
Starships,individual,Individuals/Redemption (yacht),Redemption,Star Wars: Personal Luxury Yacht 3000,Daniel,,inherited,1.0,,https://sketchfab.com/3d-models/none-cb6dee6d3d964b69ba50c95b220e4f9e
Starships,individual,Individuals/Redeye (starship),Redeye,Kei Truck Scout Transport,JohnMesplay,,inherited,1.0,,https://sketchfab.com/3d-models/none-0cb4b243a9dd4d1ca1ab30a17f23ac81
Starships,individual,Individuals/Redoubtable,Redoubtable,Low Poly: Imperial I Class Star Destroyer,David Onizaki,,inherited,1.0,,https://sketchfab.com/3d-models/none-f74ee8ea46214ba88f11d00d8dd29d42
Starships,individual,Individuals/Redstar (frigate),Redstar,Star Wars: Nebulon B Frigate,Daniel,,inherited,1.0,,https://sketchfab.com/3d-models/none-1986f7b0dee647b3b2374eb80dbd1faf
Starships,individual,Individuals/Reef Home,Reef Home,Invictus Class Star Cruiser,Conner Bentley,,inherited,1.0,,https://sketchfab.com/3d-models/none-8ba24769c02b401d88f50655505c92be
Starships,individual,Individuals/Regal Hopper,Regal Hopper,"YTS-27 light freighter ""The Kowakian Corsair""",JP_2793,,inherited,1.0,,https://sketchfab.com/3d-models/none-3e187fed67034c488a0a9e41eae36628
Starships,individual,Individuals/Regal Zephyr,Regal Zephyr,Kei Truck Scout Transport,JohnMesplay,,inherited,1.0,,https://sketchfab.com/3d-models/none-0cb4b243a9dd4d1ca1ab30a17f23ac81
Starships,individual,Individuals/Regina Cayli,Regina Cayli,Kei Truck Scout Transport,JohnMesplay,,inherited,1.0,,https://sketchfab.com/3d-models/none-0cb4b243a9dd4d1ca1ab30a17f23ac81
Starships,individual,Individuals/Regnant,Regnant,Star Destroyer Hallway,A308 Digital,,inherited,1.0,,https://sketchfab.com/3d-models/none-eba38859a8484637a5d61f7e9e769a7d
Starships,individual,Individuals/Rejuvenator,Rejuvenator,83359 Star Wars Imperial II-class Star Destroyer,S🅾️Meme star wars,,inherited,1.0,,https://sketchfab.com/3d-models/none-c75cfb15ef124691b3fa33c30e017bbe
Starships,individual,Individuals/Relentless,Relentless,Star Wars: Imperial II Star Destroyer,Daniel,,inherited,1.0,,https://sketchfab.com/3d-models/none-b8bd2d35f7604670ab85242c06c6d280
Starships,individual,Individuals/Relentless (Dorja),Relentless,Low Poly: Imperial I Class Star Destroyer,David Onizaki,,inherited,1.0,,https://sketchfab.com/3d-models/none-f74ee8ea46214ba88f11d00d8dd29d42
Starships,individual,Individuals/Relentless (Pellaeon-class),Relentless,Star Wars: Imperial II Star Destroyer,Daniel,,inherited,1.0,,https://sketchfab.com/3d-models/none-b8bd2d35f7604670ab85242c06c6d280
Starships,individual,Individuals/Relentless (Star Destroyer),Relentless,Star Wars: Imperial II Star Destroyer,Daniel,,inherited,1.0,,https://sketchfab.com/3d-models/none-b8bd2d35f7604670ab85242c06c6d280
Starships,individual,Individuals/Relentless (Sunaj IV),Relentless,Low Poly: Imperial I Class Star Destroyer,David Onizaki,,inherited,1.0,,https://sketchfab.com/3d-models/none-f74ee8ea46214ba88f11d00d8dd29d42
Starships,individual,Individuals/Relentless (cruiser),Relentless,Invictus Class Star Cruiser,Conner Bentley,,inherited,1.0,,https://sketchfab.com/3d-models/none-8ba24769c02b401d88f50655505c92be
Starships,individual,Individuals/Reliance (Star Destroyer),Reliance,Star Wars: Imperial II Star Destroyer,Daniel,,inherited,1.0,,https://sketchfab.com/3d-models/none-b8bd2d35f7604670ab85242c06c6d280
Starships,individual,Individuals/Reliance I,Reliance I,Star Wars: Inexpugnable Tactical Command Ship,Daniel,,inherited,1.0,,https://sketchfab.com/3d-models/none-7b94ddbe2b4e40b3830685f36d2823bc
Starships,individual,Individuals/Reliant (I-7 Howlrunner),Reliant,U.S.S. Curry NCC-42254 [Star Trek] by ZEO,ZEO CMF,,exact,1.0,,https://sketchfab.com/3d-models/none-83943eec7ccc4a819b3c7100177a39c4
Starships,individual,Individuals/Reliant (Lianna-class),Reliant,U.S.S. Curry NCC-42254 [Star Trek] by ZEO,ZEO CMF,,exact,1.0,,https://sketchfab.com/3d-models/none-83943eec7ccc4a819b3c7100177a39c4
Starships,individual,Individuals/Reliant (cruiser),Reliant,U.S.S. Curry NCC-42254 [Star Trek] by ZEO,ZEO CMF,,exact,1.0,,https://sketchfab.com/3d-models/none-83943eec7ccc4a819b3c7100177a39c4
Starships,individual,Individuals/Remembrance,Remembrance,Star Wars: Nebulon B Frigate,Daniel,,inherited,1.0,,https://sketchfab.com/3d-models/none-1986f7b0dee647b3b2374eb80dbd1faf
Starships,individual,Individuals/Render,Render,Helmet Star-Wars - Death Trooper - SDC,SDC PERFORMANCE™️,,exact,1.0,,https://sketchfab.com/3d-models/none-5ac5212d642d45739702f22889dcb365
Starships,individual,Individuals/Renegade's Blood,Renegade's Blood,Arquitens-Class Light Cruiser,A308 Digital,,inherited,1.0,,https://sketchfab.com/3d-models/none-802fa70fb8cd46f5b741cb6b99f66229
Starships,individual,Individuals/Renhoek (MC80 Star Cruiser),Renhoek,Invictus Class Star Cruiser,Conner Bentley,,inherited,1.0,,https://sketchfab.com/3d-models/none-8ba24769c02b401d88f50655505c92be
Starships,individual,Individuals/Renown,Renown,Star Wars: Imperial II Star Destroyer,Daniel,,inherited,1.0,,https://sketchfab.com/3d-models/none-b8bd2d35f7604670ab85242c06c6d280
Starships,individual,Individuals/Renown (Broadside-class),Renown,Invictus Class Star Cruiser,Conner Bentley,,inherited,1.0,,https://sketchfab.com/3d-models/none-8ba24769c02b401d88f50655505c92be
Starships,individual,Individuals/Renthal's Fist,Renthal's Fist,Star Wars: Raider-class Corvette,Daniel,,inherited,1.0,,https://sketchfab.com/3d-models/none-8732794c82044aafb1c74a55b07674e0
Starships,individual,Individuals/Renthal's Vigilance,Renthal's Vigilance,Star Wars: Carrack-class light cruiser,Daniel,,inherited,1.0,,https://sketchfab.com/3d-models/none-281cda7a7bfa4f91958490e19b4da56d
Starships,individual,Individuals/Reprisal (Dreadnaught-class),Reprisal,Star Wars Dreadnaught-Class Heavy Cruiser,flannelandfilm,,inherited,1.0,,https://sketchfab.com/3d-models/none-14e6ad1266104dec96541b17000925f2
Starships,individual,Individuals/Reprisal (Imperial II-class),Reprisal,Star Wars: Imperial II Star Destroyer,Daniel,,inherited,1.0,,https://sketchfab.com/3d-models/none-b8bd2d35f7604670ab85242c06c6d280
Starships,individual,Individuals/Reprise,Reprise,Star Wars: Guardian-class Light Cruiser,Daniel,,inherited,1.0,,https://sketchfab.com/3d-models/none-b0b65ae815844d24ad05cf63757d420c
Starships,individual,Individuals/Republic (MC80A Home One Type Heavy Star Cruiser),Republic,Invictus Class Star Cruiser,Conner Bentley,,inherited,1.0,,https://sketchfab.com/3d-models/none-8ba24769c02b401d88f50655505c92be
Starships,individual,Individuals/Republic (cruiser),Republic,Invictus Class Star Cruiser,Conner Bentley,,inherited,1.0,,https://sketchfab.com/3d-models/none-8ba24769c02b401d88f50655505c92be
Starships,individual,Individuals/Requiem,Requiem,Invictus Class Star Cruiser,Conner Bentley,,inherited,1.0,,https://sketchfab.com/3d-models/none-8ba24769c02b401d88f50655505c92be
Starships,individual,Individuals/Requital,Requital,Invictus Class Star Cruiser,Conner Bentley,,inherited,1.0,,https://sketchfab.com/3d-models/none-8ba24769c02b401d88f50655505c92be
Starships,individual,Individuals/Rescue 1 (GR-75 medium transport),Rescue 1,Kei Truck Scout Transport,JohnMesplay,,inherited,1.0,,https://sketchfab.com/3d-models/none-0cb4b243a9dd4d1ca1ab30a17f23ac81
Starships,individual,Individuals/Rescue 1 (Lambda-class),Rescue 1,Star Wars: Lambda Shuttle,Daniel,,inherited,1.0,,https://sketchfab.com/3d-models/none-9d160e16845a4b518a2d30a7c716f20d
Starships,individual,Individuals/Rescue 2 (GR-75 medium transport),Rescue 2,Kei Truck Scout Transport,JohnMesplay,,inherited,1.0,,https://sketchfab.com/3d-models/none-0cb4b243a9dd4d1ca1ab30a17f23ac81
Starships,individual,Individuals/Rescue 3 (GR-75 medium transport),Rescue 3,Kei Truck Scout Transport,JohnMesplay,,inherited,1.0,,https://sketchfab.com/3d-models/none-0cb4b243a9dd4d1ca1ab30a17f23ac81
Starships,individual,Individuals/Resilient (Venator-class),Resilient,Venator-Class Star Destroyer,A308 Digital,,inherited,1.0,,https://sketchfab.com/3d-models/none-5c2d88be90384395a2b4c23c7203e7d6
Starships,individual,Individuals/Resistance (DP20 gunship),Resistance,DP-20 Corellian Gunship,Khvostik,,inherited,1.0,,https://sketchfab.com/3d-models/none-567a3d650f1540d0b0abfe46623f677a
Starships,individual,Individuals/Resolute,Resolute,Star Wars: Imperial II Star Destroyer,Daniel,,inherited,1.0,,https://sketchfab.com/3d-models/none-b8bd2d35f7604670ab85242c06c6d280
Starships,individual,Individuals/Resolute (Imperial-class),Resolute,Star Wars; Imperial-Class Star Destroyer,Heataker,,inherited,1.0,,https://sketchfab.com/3d-models/none-fa18d537db4d4020a443c1802ec0f88e
Starships,individual,Individuals/Resolute (Invincible-class),Resolute,Star Wars Dreadnaught-Class Heavy Cruiser,flannelandfilm,,inherited,1.0,,https://sketchfab.com/3d-models/none-14e6ad1266104dec96541b17000925f2
Starships,individual,Individuals/Resolute (Legends),Resolute,Star Wars: Imperial II Star Destroyer,Daniel,,inherited,1.0,,https://sketchfab.com/3d-models/none-b8bd2d35f7604670ab85242c06c6d280
Starships,individual,Individuals/Resolution (Imperial-class),Resolution,Low Poly: Imperial I Class Star Destroyer,David Onizaki,,inherited,1.0,,https://sketchfab.com/3d-models/none-f74ee8ea46214ba88f11d00d8dd29d42
Starships,individual,Individuals/Resolution (Venator-class),Resolution,Venator-Class Star Destroyer,A308 Digital,,inherited,1.0,,https://sketchfab.com/3d-models/none-5c2d88be90384395a2b4c23c7203e7d6
Starships,individual,Individuals/Resolve (Epoch-class),Resolve,"YTS-27 light freighter ""The Kowakian Corsair""",JP_2793,,inherited,1.0,,https://sketchfab.com/3d-models/none-3e187fed67034c488a0a9e41eae36628
Starships,individual,Individuals/Resolve (cruiser),Resolve,Invictus Class Star Cruiser,Conner Bentley,,inherited,1.0,,https://sketchfab.com/3d-models/none-8ba24769c02b401d88f50655505c92be
Starships,individual,Individuals/Resplendent Pearl,Resplendent Pearl,Star Wars: Personal Luxury Yacht 3000,Daniel,,inherited,1.0,,https://sketchfab.com/3d-models/none-cb6dee6d3d964b69ba50c95b220e4f9e
Starships,individual,Individuals/Restoration,Restoration,Invictus Class Star Cruiser,Conner Bentley,,inherited,1.0,,https://sketchfab.com/3d-models/none-8ba24769c02b401d88f50655505c92be
Starships,individual,Individuals/Resurgence (Curich-class),Resurgence,Star Wars: Lambda Shuttle,Daniel,,inherited,1.0,,https://sketchfab.com/3d-models/none-9d160e16845a4b518a2d30a7c716f20d
Starships,individual,Individuals/Retaliation,Retaliation,Star Wars: Imperial II Star Destroyer,Daniel,,inherited,1.0,,https://sketchfab.com/3d-models/none-b8bd2d35f7604670ab85242c06c6d280
Starships,individual,Individuals/Retaliator,Retaliator,83359 Star Wars Imperial II-class Star Destroyer,S🅾️Meme star wars,,inherited,1.0,,https://sketchfab.com/3d-models/none-c75cfb15ef124691b3fa33c30e017bbe
Starships,individual,Individuals/Retention,Retention,Invictus Class Star Cruiser,Conner Bentley,,inherited,1.0,,https://sketchfab.com/3d-models/none-8ba24769c02b401d88f50655505c92be
Starships,individual,Individuals/Reticent,Reticent,"YTS-27 light freighter ""The Kowakian Corsair""",JP_2793,,inherited,1.0,,https://sketchfab.com/3d-models/none-3e187fed67034c488a0a9e41eae36628
Starships,individual,Individuals/Retribution,Retribution,Donachet Battlecruiser,gavinpgamer1,,inherited,1.0,,https://sketchfab.com/3d-models/none-44a6db481777492c8bd027e2b26054c1
Starships,individual,Individuals/Retribution (Imperial-class),Retribution,Star Wars; Imperial-Class Star Destroyer,Heataker,,inherited,1.0,,https://sketchfab.com/3d-models/none-fa18d537db4d4020a443c1802ec0f88e
Starships,individual,Individuals/Reveille,Reveille,Imperial Shuttle (Lambda-class T-4a) - Star Wars,Quiznos323,,inherited,1.0,,https://sketchfab.com/3d-models/none-8312856f2c794c569ea6978f2c90bc99
Starships,individual,Individuals/Revelator,Revelator,Star Wars: Imperial II Star Destroyer,Daniel,,inherited,1.0,,https://sketchfab.com/3d-models/none-b8bd2d35f7604670ab85242c06c6d280
Starships,individual,Individuals/Revenge,Revenge,Star Wars: Imperial II Star Destroyer,Daniel,,inherited,1.0,,https://sketchfab.com/3d-models/none-b8bd2d35f7604670ab85242c06c6d280
Starships,individual,Individuals/Rex's ARC-170,Rex's ARC-170,Sorosuub Preybird Heavy Assault Fighter,resurrected,,inherited,1.0,,https://sketchfab.com/3d-models/none-17ee6513410b44038e6ba5228d68281c
Starships,individual,Individuals/Rex's BTL-B Y-wing fighter-bomber,Rex's BTL-B Y-wing fighter-bomber,X-wing starfighter | T-65C-A2,Alana G,,inherited,1.0,,https://sketchfab.com/3d-models/none-2397144aa2314e8fb03bf131d8f56af4
Starships,individual,Individuals/Rey's 690 light freighter,Rey's 690 light freighter,"YTS-27 light freighter ""The Kowakian Corsair""",JP_2793,,inherited,1.0,,https://sketchfab.com/3d-models/none-3e187fed67034c488a0a9e41eae36628
Starships,individual,Individuals/Rhodi's Silence,Rhodi's Silence,"YTS-27 light freighter ""The Kowakian Corsair""",JP_2793,,inherited,1.0,,https://sketchfab.com/3d-models/none-3e187fed67034c488a0a9e41eae36628
Starships,individual,Individuals/Rieekan (transport),Rieekan,Kei Truck Scout Transport,JohnMesplay,,inherited,1.0,,https://sketchfab.com/3d-models/none-0cb4b243a9dd4d1ca1ab30a17f23ac81
Starships,individual,Individuals/Right to Rule,Right to Rule,Low Poly: Imperial I Class Star Destroyer,David Onizaki,,inherited,1.0,,https://sketchfab.com/3d-models/none-f74ee8ea46214ba88f11d00d8dd29d42
Starships,individual,Individuals/Righteous Fist,Righteous Fist,Star Wars: Imperial II Star Destroyer,Daniel,,inherited,1.0,,https://sketchfab.com/3d-models/none-b8bd2d35f7604670ab85242c06c6d280
Starships,individual,Individuals/Rightful Dominion,Rightful Dominion,Star Destroyer Hallway,A308 Digital,,inherited,1.0,,https://sketchfab.com/3d-models/none-eba38859a8484637a5d61f7e9e769a7d
Starships,individual,Individuals/Rii'ke En's cruiser,Rii'ke En's cruiser,Invictus Class Star Cruiser,Conner Bentley,,inherited,1.0,,https://sketchfab.com/3d-models/none-8ba24769c02b401d88f50655505c92be
Starships,individual,Individuals/Rimrunner (Hutt transport),Rimrunner,Kei Truck Scout Transport,JohnMesplay,,inherited,1.0,,https://sketchfab.com/3d-models/none-0cb4b243a9dd4d1ca1ab30a17f23ac81
Starships,individual,Individuals/Rintonne's Flame,Rintonne's Flame,Invictus Class Star Cruiser,Conner Bentley,,inherited,1.0,,https://sketchfab.com/3d-models/none-8ba24769c02b401d88f50655505c92be
Starships,individual,Individuals/Ripclaw (Imperial-class),Ripclaw,Star Wars: Imperial II Star Destroyer,Daniel,,inherited,1.0,,https://sketchfab.com/3d-models/none-b8bd2d35f7604670ab85242c06c6d280
Starships,individual,Individuals/Riptide,Riptide,Star Destroyer Hallway,A308 Digital,,inherited,1.0,,https://sketchfab.com/3d-models/none-eba38859a8484637a5d61f7e9e769a7d
Starships,individual,Individuals/Ritam,Ritam,Star Wars; CR90 Corvette,Heataker,,inherited,1.0,,https://sketchfab.com/3d-models/none-6356d19e87494ad8b6f55d0f0e9ec8a7
Starships,individual,Individuals/Ro-ti-Mundi,Ro-ti-Mundi,Star Wars: Imperial II Star Destroyer,Daniel,,inherited,1.0,,https://sketchfab.com/3d-models/none-b8bd2d35f7604670ab85242c06c6d280
Starships,individual,Individuals/Ro-ti-Mundi (Legends),Ro-ti-Mundi,Venator-Class Star Destroyer,A308 Digital,,inherited,1.0,,https://sketchfab.com/3d-models/none-5c2d88be90384395a2b4c23c7203e7d6
Starships,individual,Individuals/Rockcan,Rockcan,Kei Truck Scout Transport,JohnMesplay,,inherited,1.0,,https://sketchfab.com/3d-models/none-0cb4b243a9dd4d1ca1ab30a17f23ac81
Starships,individual,Individuals/Rogue,Rogue,Death trooper || Rogue One: A Star Wars Story,RC-KOA,,exact,1.0,,https://sketchfab.com/3d-models/none-503860c8c63b419daa391f296ab874f1
Starships,individual,Individuals/Rogue Runner,Rogue Runner,"YTS-27 light freighter ""The Kowakian Corsair""",JP_2793,,inherited,1.0,,https://sketchfab.com/3d-models/none-3e187fed67034c488a0a9e41eae36628
Starships,individual,Individuals/Rook (720 light freighter),Rook,"YTS-27 light freighter ""The Kowakian Corsair""",JP_2793,,inherited,1.0,,https://sketchfab.com/3d-models/none-3e187fed67034c488a0a9e41eae36628
Starships,individual,Individuals/Rover,Rover,X-wing starfighter | T-65C-A2,Alana G,,inherited,1.0,,https://sketchfab.com/3d-models/none-2397144aa2314e8fb03bf131d8f56af4
Starships,individual,Individuals/Royal Sovereign,Royal Sovereign,Invictus Class Star Cruiser,Conner Bentley,,inherited,1.0,,https://sketchfab.com/3d-models/none-8ba24769c02b401d88f50655505c92be
Starships,individual,Individuals/Rudi's ship,Rudi's ship,Star Wars: Lambda Shuttle,Daniel,,inherited,1.0,,https://sketchfab.com/3d-models/none-9d160e16845a4b518a2d30a7c716f20d
Starships,individual,Individuals/Rusty Eagle,Rusty Eagle,Kei Truck Scout Transport,JohnMesplay,,inherited,1.0,,https://sketchfab.com/3d-models/none-0cb4b243a9dd4d1ca1ab30a17f23ac81
Starships,individual,Individuals/Ryloth (CR90 corvette),Ryloth,Star Wars: Raider-class Corvette,Daniel,,inherited,1.0,,https://sketchfab.com/3d-models/none-8732794c82044aafb1c74a55b07674e0
Starships,individual,Individuals/Ryntail,Ryntail,Star Wars: Personal Luxury Yacht 3000,Daniel,,inherited,1.0,,https://sketchfab.com/3d-models/none-cb6dee6d3d964b69ba50c95b220e4f9e
Starships,individual,Individuals/SF-R3's freighter,SF-R3's freighter,"YTS-27 light freighter ""The Kowakian Corsair""",JP_2793,,inherited,1.0,,https://sketchfab.com/3d-models/none-3e187fed67034c488a0a9e41eae36628
Starships,individual,Individuals/SPF 14897,SPF 14897,Kei Truck Scout Transport,JohnMesplay,,inherited,1.0,,https://sketchfab.com/3d-models/none-0cb4b243a9dd4d1ca1ab30a17f23ac81
Starships,individual,Individuals/ST-718,ST-718,Star Wars: Lambda Shuttle,Daniel,,inherited,1.0,,https://sketchfab.com/3d-models/none-9d160e16845a4b518a2d30a7c716f20d
Starships,individual,Individuals/SW-0222,SW-0222,Separatist Supply Ship,bruhepic925,,inherited,1.0,,https://sketchfab.com/3d-models/none-19b6006eb6e6405b84e828b552af4abf
Starships,individual,Individuals/Sa Nalaor,Sa Nalaor,Star Wars: Nebulon B Frigate,Daniel,,inherited,1.0,,https://sketchfab.com/3d-models/none-1986f7b0dee647b3b2374eb80dbd1faf
Starships,individual,Individuals/Sa Nalaor (Legends),Sa Nalaor,Invictus Class Star Cruiser,Conner Bentley,,inherited,1.0,,https://sketchfab.com/3d-models/none-8ba24769c02b401d88f50655505c92be
Starships,individual,Individuals/Saak'ak (Legends),Saak'ak,Space Battleship Yamato 2205,DJ-CheeF,,inherited,1.0,,https://sketchfab.com/3d-models/none-526cf6c315dd4056848f1431140d1965
Starships,individual,Individuals/Saber 1,Saber 1,X-wing starfighter | T-65C-A2,Alana G,,inherited,1.0,,https://sketchfab.com/3d-models/none-2397144aa2314e8fb03bf131d8f56af4
Starships,individual,Individuals/Saber 2,Saber 2,X-wing starfighter | T-65C-A2,Alana G,,inherited,1.0,,https://sketchfab.com/3d-models/none-2397144aa2314e8fb03bf131d8f56af4
Starships,individual,Individuals/Saber 3,Saber 3,X-wing starfighter | T-65C-A2,Alana G,,inherited,1.0,,https://sketchfab.com/3d-models/none-2397144aa2314e8fb03bf131d8f56af4
Starships,individual,Individuals/Saber 4,Saber 4,X-wing starfighter | T-65C-A2,Alana G,,inherited,1.0,,https://sketchfab.com/3d-models/none-2397144aa2314e8fb03bf131d8f56af4
Starships,individual,Individuals/Sable II,Sable II,Star Wars LAAT/i Gunship,smithson17,,inherited,1.0,,https://sketchfab.com/3d-models/none-77e5a30af490488c8019dcb3780ec847
Starships,individual,Individuals/Sable III,Sable III,Star Wars; CR90 Corvette,Heataker,,inherited,1.0,,https://sketchfab.com/3d-models/none-6356d19e87494ad8b6f55d0f0e9ec8a7
Starships,individual,Individuals/Sabra,Sabra,"YTS-27 light freighter ""The Kowakian Corsair""",JP_2793,,inherited,1.0,,https://sketchfab.com/3d-models/none-3e187fed67034c488a0a9e41eae36628
Starships,individual,Individuals/Sabre,Sabre,Star Wars Battlefront 2  IFT-X TX-130 Sabre Tank,Neut2000,,exact,1.0,,https://sketchfab.com/3d-models/none-a92fb4aaef14490f881e8b03dcd98a80
Starships,individual,Individuals/Sabé's H-type Nubian yacht,Sabé's H-type Nubian yacht,Star Wars: Personal Luxury Yacht 3000,Daniel,,inherited,1.0,,https://sketchfab.com/3d-models/none-cb6dee6d3d964b69ba50c95b220e4f9e
Starships,individual,Individuals/Sabé's shuttle,Sabé's shuttle,Star Wars: Lambda Shuttle,Daniel,,inherited,1.0,,https://sketchfab.com/3d-models/none-9d160e16845a4b518a2d30a7c716f20d
Starships,individual,Individuals/Saché's transport,Saché's transport,Kei Truck Scout Transport,JohnMesplay,,inherited,1.0,,https://sketchfab.com/3d-models/none-0cb4b243a9dd4d1ca1ab30a17f23ac81
Starships,individual,Individuals/Saesee Tiin's Delta-7 Aethersprite-class light interceptor,Saesee Tiin's Delta-7 Aethersprite-class light interceptor,X-wing starfighter | T-65C-A2,Alana G,,inherited,1.0,,https://sketchfab.com/3d-models/none-2397144aa2314e8fb03bf131d8f56af4
Starships,individual,Individuals/Saesee Tiin's Delta-7B Aethersprite-class light interceptor,Saesee Tiin's Delta-7B Aethersprite-class light interceptor,X-wing starfighter | T-65C-A2,Alana G,,inherited,1.0,,https://sketchfab.com/3d-models/none-2397144aa2314e8fb03bf131d8f56af4
Starships,individual,Individuals/Saesee Tiin's Delta-7B Aethersprite-class light interceptor (Legends),Saesee Tiin's Delta-7B Aethersprite-class light interceptor,X-wing starfighter | T-65C-A2,Alana G,,inherited,1.0,,https://sketchfab.com/3d-models/none-2397144aa2314e8fb03bf131d8f56af4
Starships,individual,Individuals/Saesee Tiin's Eta-2 Actis-class interceptor,Saesee Tiin's Eta-2 Actis-class interceptor,Anakin's Jedi Starfighter - Star Wars,Quiznos323,,weak,0.697,,https://sketchfab.com/3d-models/none-27c14b58ffd343edabea8bea7b595005
Starships,individual,Individuals/Safonne's Sword,Safonne's Sword,Star Wars; CR90 Corvette,Heataker,,inherited,1.0,,https://sketchfab.com/3d-models/none-6356d19e87494ad8b6f55d0f0e9ec8a7
Starships,individual,Individuals/Salaban's Hope,Salaban's Hope,"YTS-27 light freighter ""The Kowakian Corsair""",JP_2793,,inherited,1.0,,https://sketchfab.com/3d-models/none-3e187fed67034c488a0a9e41eae36628
Starships,individual,Individuals/Salliche (frigate),Salliche,Star Wars: Nebulon B Frigate,Daniel,,inherited,1.0,,https://sketchfab.com/3d-models/none-1986f7b0dee647b3b2374eb80dbd1faf
Starships,individual,Individuals/Saloon,Saloon,"YTS-27 light freighter ""The Kowakian Corsair""",JP_2793,,inherited,1.0,,https://sketchfab.com/3d-models/none-3e187fed67034c488a0a9e41eae36628
Starships,individual,Individuals/Saltbarrel,Saltbarrel,"YTS-27 light freighter ""The Kowakian Corsair""",JP_2793,,inherited,1.0,,https://sketchfab.com/3d-models/none-3e187fed67034c488a0a9e41eae36628
Starships,individual,Individuals/Salvation (Corellian Star Shuttle),Salvation,Kei Truck Scout Transport,JohnMesplay,,inherited,1.0,,https://sketchfab.com/3d-models/none-0cb4b243a9dd4d1ca1ab30a17f23ac81
Starships,individual,Individuals/San Tekka family yacht,San Tekka family yacht,Star Wars: Personal Luxury Yacht 3000,Daniel,,inherited,1.0,,https://sketchfab.com/3d-models/none-cb6dee6d3d964b69ba50c95b220e4f9e
Starships,individual,Individuals/Sanction,Sanction,Star Wars: Imperial II Star Destroyer,Daniel,,inherited,1.0,,https://sketchfab.com/3d-models/none-b8bd2d35f7604670ab85242c06c6d280
Starships,individual,Individuals/Sanctuary (starship),Sanctuary (starship),Warmia. Gietrzwałd. Sanktuarium,swietawarmia.pl,,exact,1.0,,https://sketchfab.com/3d-models/none-cf1f43683f8b4b739e1d39d6d2bd4dff
Starships,individual,Individuals/Sand Bird,Sand Bird,Star Wars LAAT/i Gunship,smithson17,,inherited,1.0,,https://sketchfab.com/3d-models/none-77e5a30af490488c8019dcb3780ec847
Starships,individual,Individuals/Sapphire Rayburst,Sapphire Rayburst,"YTS-27 light freighter ""The Kowakian Corsair""",JP_2793,,inherited,1.0,,https://sketchfab.com/3d-models/none-3e187fed67034c488a0a9e41eae36628
Starships,individual,Individuals/Sapphire Rogue,Sapphire Rogue,"YTS-27 light freighter ""The Kowakian Corsair""",JP_2793,,inherited,1.0,,https://sketchfab.com/3d-models/none-3e187fed67034c488a0a9e41eae36628
Starships,individual,Individuals/Sargantuan,Sargantuan,Star Wars: Raider-class Corvette,Daniel,,inherited,1.0,,https://sketchfab.com/3d-models/none-8732794c82044aafb1c74a55b07674e0
Starships,individual,Individuals/Sargantuan (Legends),Sargantuan,Star Wars: Raider-class Corvette,Daniel,,inherited,1.0,,https://sketchfab.com/3d-models/none-8732794c82044aafb1c74a55b07674e0
Starships,individual,Individuals/Sarissa,Sarissa,Harrower Class Dreadnought,Kuat-Entralla 3D Engineering,,inherited,1.0,,https://sketchfab.com/3d-models/none-14cc2060a4d645eb82c23171933b81ab
Starships,individual,Individuals/Sark-I,Sark-I,Star Wars: Lambda Shuttle,Daniel,,inherited,1.0,,https://sketchfab.com/3d-models/none-9d160e16845a4b518a2d30a7c716f20d
Starships,individual,Individuals/Sate Pestage's yacht,Sate Pestage's yacht,Star Wars: Personal Luxury Yacht 3000,Daniel,,inherited,1.0,,https://sketchfab.com/3d-models/none-cb6dee6d3d964b69ba50c95b220e4f9e
Starships,individual,Individuals/Satellite Liberator,Satellite Liberator,Star Wars: Lambda Shuttle,Daniel,,inherited,1.0,,https://sketchfab.com/3d-models/none-9d160e16845a4b518a2d30a7c716f20d
Starships,individual,Individuals/Sato's Hammer,Sato's Hammer,"YTS-27 light freighter ""The Kowakian Corsair""",JP_2793,,inherited,1.0,,https://sketchfab.com/3d-models/none-3e187fed67034c488a0a9e41eae36628
Starships,individual,Individuals/Savrip (starship),Savrip,Star Wars: Raider-class Corvette,Daniel,,inherited,1.0,,https://sketchfab.com/3d-models/none-8732794c82044aafb1c74a55b07674e0
Starships,individual,Individuals/Saw's shuttle,Saw's shuttle,Star Wars: Lambda Shuttle,Daniel,,inherited,1.0,,https://sketchfab.com/3d-models/none-9d160e16845a4b518a2d30a7c716f20d
Starships,individual,Individuals/Scarlet Dominion,Scarlet Dominion,Star Wars: Personal Luxury Yacht 3000,Daniel,,inherited,1.0,,https://sketchfab.com/3d-models/none-cb6dee6d3d964b69ba50c95b220e4f9e
Starships,individual,Individuals/Scarlet Thranta,Scarlet Thranta,Star Wars: Raider-class Corvette,Daniel,,inherited,1.0,,https://sketchfab.com/3d-models/none-8732794c82044aafb1c74a55b07674e0
Starships,individual,Individuals/Scarlet Vertha,Scarlet Vertha,"YTS-27 light freighter ""The Kowakian Corsair""",JP_2793,,inherited,1.0,,https://sketchfab.com/3d-models/none-3e187fed67034c488a0a9e41eae36628
Starships,individual,Individuals/Scepter (Imperial-class),Scepter,Star Wars: Imperial II Star Destroyer,Daniel,,inherited,1.0,,https://sketchfab.com/3d-models/none-b8bd2d35f7604670ab85242c06c6d280
Starships,individual,Individuals/Scimitar,Scimitar,Star Wars: TIE Scimitar,Daniel,,exact,1.0,,https://sketchfab.com/3d-models/none-ba777fa5b2ba41698558d46090db28d6
Starships,individual,Individuals/Scimitar (Legends),Scimitar,Star Wars: TIE Scimitar,Daniel,,exact,1.0,,https://sketchfab.com/3d-models/none-ba777fa5b2ba41698558d46090db28d6
Starships,individual,Individuals/Scimitar 1 (Legends),Scimitar 1,TIE bomber,StarWars-Universe,,inherited,1.0,,https://sketchfab.com/3d-models/none-dab029b751bd4cc293b66e3cc013e3a0
Starships,individual,Individuals/Scipio (H-2 executive shuttle),Scipio,Star Wars: Lambda Shuttle,Daniel,,inherited,1.0,,https://sketchfab.com/3d-models/none-9d160e16845a4b518a2d30a7c716f20d
Starships,individual,Individuals/Scipio (H-2 executive shuttle) (Legends),Scipio,Star Wars: Lambda Shuttle,Daniel,,inherited,1.0,,https://sketchfab.com/3d-models/none-9d160e16845a4b518a2d30a7c716f20d
Starships,individual,Individuals/Scipion,Scipion,Invictus Class Star Cruiser,Conner Bentley,,inherited,1.0,,https://sketchfab.com/3d-models/none-8ba24769c02b401d88f50655505c92be
Starships,individual,Individuals/Scopium,Scopium,Star Wars: Lambda Shuttle,Daniel,,inherited,1.0,,https://sketchfab.com/3d-models/none-9d160e16845a4b518a2d30a7c716f20d
Starships,individual,Individuals/Scourge (Broadside-class),Scourge,Invictus Class Star Cruiser,Conner Bentley,,inherited,1.0,,https://sketchfab.com/3d-models/none-8ba24769c02b401d88f50655505c92be
Starships,individual,Individuals/Scourge (Victory I-class),Scourge,Star Wars: Imperial II Star Destroyer,Daniel,,inherited,1.0,,https://sketchfab.com/3d-models/none-b8bd2d35f7604670ab85242c06c6d280
Starships,individual,Individuals/Scourge 01,Scourge 01,Star Wars: Imperial II Star Destroyer,Daniel,,inherited,1.0,,https://sketchfab.com/3d-models/none-b8bd2d35f7604670ab85242c06c6d280
Starships,individual,Individuals/Scourge One,Scourge One,STAR WARS DROIDE B2 BY OSCAR CREATIVO,OSCAR CREATIVO,,inherited,1.0,,https://sketchfab.com/3d-models/none-bb52ea58e9f04427b9b9bf4b829e0810
Starships,individual,Individuals/Scream of Ragnos,Scream of Ragnos,Harrrower Class Dreadnaught,Kalashnikov 3D,,inherited,1.0,,https://sketchfab.com/3d-models/none-6e230cc7f6b84649bbab92a5f5ee6347
Starships,individual,Individuals/Scupper,Scupper,Star Wars: Personal Luxury Yacht 3000,Daniel,,inherited,1.0,,https://sketchfab.com/3d-models/none-cb6dee6d3d964b69ba50c95b220e4f9e
Starships,individual,Individuals/Scutz,Scutz,Star Wars: Lambda Shuttle,Daniel,,inherited,1.0,,https://sketchfab.com/3d-models/none-9d160e16845a4b518a2d30a7c716f20d
Starships,individual,Individuals/Scylla (frigate),Scylla,Star Wars: Nebulon B Frigate,Daniel,,inherited,1.0,,https://sketchfab.com/3d-models/none-1986f7b0dee647b3b2374eb80dbd1faf
Starships,individual,Individuals/Scythe (Phi-class),Scythe,(FREE) Death Saber Scythe,Rooxon,,exact,1.0,,https://sketchfab.com/3d-models/none-83e050c7de7c4107a422c264d41f6cf6
Starships,individual,Individuals/Scythe (Star Destroyer),Scythe,(FREE) Death Saber Scythe,Rooxon,,exact,1.0,,https://sketchfab.com/3d-models/none-83e050c7de7c4107a422c264d41f6cf6
Starships,individual,Individuals/Scythe (Strike-class),Scythe,(FREE) Death Saber Scythe,Rooxon,,exact,1.0,,https://sketchfab.com/3d-models/none-83e050c7de7c4107a422c264d41f6cf6
Starships,individual,Individuals/Sea Killer,Sea Killer,Kei Truck Scout Transport,JohnMesplay,,inherited,1.0,,https://sketchfab.com/3d-models/none-0cb4b243a9dd4d1ca1ab30a17f23ac81
Starships,individual,Individuals/Sea-Breaker,Sea-Breaker,"YTS-27 light freighter ""The Kowakian Corsair""",JP_2793,,inherited,1.0,,https://sketchfab.com/3d-models/none-3e187fed67034c488a0a9e41eae36628
Starships,individual,Individuals/Second Breath,Second Breath,"YTS-27 light freighter ""The Kowakian Corsair""",JP_2793,,inherited,1.0,,https://sketchfab.com/3d-models/none-3e187fed67034c488a0a9e41eae36628
Starships,individual,Individuals/Second Death,Second Death,Death Star Trench Run Loop! - 2,andersdt,,weak,0.5,,https://sketchfab.com/3d-models/none-3d7643485e964f85b9a2df6c5e0312ec
Starships,individual,Individuals/Seeker (YT-1300 light freighter),Seeker,ID-9 Seeker Droid,Rin,,exact,1.0,,https://sketchfab.com/3d-models/none-2f1b5c4337554f869a977234bd0d746b
Starships,individual,Individuals/Seeker Cub,Seeker Cub,X-wing starfighter | T-65C-A2,Alana G,,inherited,1.0,,https://sketchfab.com/3d-models/none-2397144aa2314e8fb03bf131d8f56af4
Starships,individual,Individuals/Seer (Viper),Seer (Viper),SWBF2 - Viper Droid,jay2307,,weak,0.5,,https://sketchfab.com/3d-models/none-d2de16581b574e2584ef75d87e358356
Starships,individual,Individuals/Selfless,Selfless,Venator-Class Star Destroyer,A308 Digital,,inherited,1.0,,https://sketchfab.com/3d-models/none-5c2d88be90384395a2b4c23c7203e7d6
Starships,individual,Individuals/Selu,Selu,"YTS-27 light freighter ""The Kowakian Corsair""",JP_2793,,inherited,1.0,,https://sketchfab.com/3d-models/none-3e187fed67034c488a0a9e41eae36628
Starships,individual,Individuals/Sendant Pride,Sendant Pride,STAR WARS DROIDE B2 BY OSCAR CREATIVO,OSCAR CREATIVO,,inherited,1.0,,https://sketchfab.com/3d-models/none-bb52ea58e9f04427b9b9bf4b829e0810
Starships,individual,Individuals/Seniag,Seniag,Star Wars: BFF-1 Bulk Freighter,Daniel,,inherited,1.0,,https://sketchfab.com/3d-models/none-2131f750afff479588a46321d17ee25f
Starships,individual,Individuals/Senin Vant's Porax-38 starfighter,Senin Vant's Porax-38 starfighter,X-wing starfighter | T-65C-A2,Alana G,,inherited,1.0,,https://sketchfab.com/3d-models/none-2397144aa2314e8fb03bf131d8f56af4
Starships,individual,Individuals/Sentinel (Acclamator-class),Sentinel,Sentinel Combat Frigate,mohamedhussien,,exact,1.0,,https://sketchfab.com/3d-models/none-8e0b22df5b2a419da06cf73bcf63cebf
Starships,individual,Individuals/Sentinel (Bakura-class),Sentinel,Sentinel Combat Frigate,mohamedhussien,,exact,1.0,,https://sketchfab.com/3d-models/none-8e0b22df5b2a419da06cf73bcf63cebf
Starships,individual,Individuals/Sentinel (EF76 Nebulon-B escort frigate),Sentinel,Sentinel Combat Frigate,mohamedhussien,,exact,1.0,,https://sketchfab.com/3d-models/none-8e0b22df5b2a419da06cf73bcf63cebf
Starships,individual,Individuals/Sentinel (Interdictor cruiser),Sentinel,Sentinel Combat Frigate,mohamedhussien,,exact,1.0,,https://sketchfab.com/3d-models/none-8e0b22df5b2a419da06cf73bcf63cebf
Starships,individual,Individuals/Sentinel (Victory-class),Sentinel,Sentinel Combat Frigate,mohamedhussien,,exact,1.0,,https://sketchfab.com/3d-models/none-8e0b22df5b2a419da06cf73bcf63cebf
Starships,individual,Individuals/Sentry Droid (starship),Sentry Droid,X-wing starfighter | T-65C-A2,Alana G,,inherited,1.0,,https://sketchfab.com/3d-models/none-2397144aa2314e8fb03bf131d8f56af4
Starships,individual,Individuals/Separatist Nightmare (Legends),Separatist Nightmare,Star Wars LAAT/i Gunship,smithson17,,inherited,1.0,,https://sketchfab.com/3d-models/none-77e5a30af490488c8019dcb3780ec847
Starships,individual,Individuals/Serenade,Serenade,Star Wars Dreadnaught-Class Heavy Cruiser,flannelandfilm,,inherited,1.0,,https://sketchfab.com/3d-models/none-14e6ad1266104dec96541b17000925f2
Starships,individual,Individuals/Serendipity,Serendipity,Star Wars: Personal Luxury Yacht 3000,Daniel,,inherited,1.0,,https://sketchfab.com/3d-models/none-cb6dee6d3d964b69ba50c95b220e4f9e
Starships,individual,Individuals/Serpent's Smile,Serpent's Smile,Star Wars: Imperial II Star Destroyer,Daniel,,inherited,1.0,,https://sketchfab.com/3d-models/none-b8bd2d35f7604670ab85242c06c6d280
Starships,individual,Individuals/Service with a Smile,Service with a Smile,Star Wars LAAT/i Gunship,smithson17,,inherited,1.0,,https://sketchfab.com/3d-models/none-77e5a30af490488c8019dcb3780ec847
Starships,individual,Individuals/Service with a Smile (Legends),Service with a Smile,Star Wars LAAT/i Gunship,smithson17,,inherited,1.0,,https://sketchfab.com/3d-models/none-77e5a30af490488c8019dcb3780ec847
Starships,individual,Individuals/Seswennan Nightcloak,Seswennan Nightcloak,Star Wars: Nebulon B Frigate,Daniel,,inherited,1.0,,https://sketchfab.com/3d-models/none-1986f7b0dee647b3b2374eb80dbd1faf
Starships,individual,Individuals/Shaak Ti's Eta-2 Actis-class light interceptor,Shaak Ti's Eta-2 Actis-class; light interceptor,X-wing starfighter | T-65C-A2,Alana G,,inherited,1.0,,https://sketchfab.com/3d-models/none-2397144aa2314e8fb03bf131d8f56af4
Starships,individual,Individuals/Shadow (MC40a light cruiser),Shadow,-Star Wars- Dark Empire Shadow Droid,ARKON MAREK,,exact,1.0,,https://sketchfab.com/3d-models/none-290d87db98d24fc199243031cfb4df04
Starships,individual,Individuals/Shadow (Nebulon-B2 frigate),Shadow,-Star Wars- Dark Empire Shadow Droid,ARKON MAREK,,exact,1.0,,https://sketchfab.com/3d-models/none-290d87db98d24fc199243031cfb4df04
Starships,individual,Individuals/Shadow (light freighter),Shadow,-Star Wars- Dark Empire Shadow Droid,ARKON MAREK,,exact,1.0,,https://sketchfab.com/3d-models/none-290d87db98d24fc199243031cfb4df04
Starships,individual,Individuals/Shadow Raptor,Shadow Raptor,Star Wars: Nebulon B Frigate,Daniel,,inherited,1.0,,https://sketchfab.com/3d-models/none-1986f7b0dee647b3b2374eb80dbd1faf
Starships,individual,Individuals/Shadow Three (Shadow wing),Shadow Three,X-wing starfighter | T-65C-A2,Alana G,,inherited,1.0,,https://sketchfab.com/3d-models/none-2397144aa2314e8fb03bf131d8f56af4
Starships,individual,Individuals/Shadow Two (Shadow wing),Shadow Two,X-wing starfighter | T-65C-A2,Alana G,,inherited,1.0,,https://sketchfab.com/3d-models/none-2397144aa2314e8fb03bf131d8f56af4
Starships,individual,Individuals/Shadowblade,Shadowblade,Invictus Class Star Cruiser,Conner Bentley,,inherited,1.0,,https://sketchfab.com/3d-models/none-8ba24769c02b401d88f50655505c92be
Starships,individual,Individuals/Shakker,Shakker,Star Wars: Lambda Shuttle,Daniel,,inherited,1.0,,https://sketchfab.com/3d-models/none-9d160e16845a4b518a2d30a7c716f20d
Starships,individual,Individuals/Shan's Star Destroyer,Shan's Star Destroyer,Star Wars: Imperial II Star Destroyer,Daniel,,inherited,1.0,,https://sketchfab.com/3d-models/none-b8bd2d35f7604670ab85242c06c6d280
Starships,individual,Individuals/Shannador's Revenge,Shannador's Revenge,Harrrower Class Dreadnaught,Kalashnikov 3D,,inherited,1.0,,https://sketchfab.com/3d-models/none-6e230cc7f6b84649bbab92a5f5ee6347
Starships,individual,Individuals/Shara Bey's A-wing,Shara Bey's A-wing,X-wing starfighter | T-65C-A2,Alana G,,inherited,1.0,,https://sketchfab.com/3d-models/none-2397144aa2314e8fb03bf131d8f56af4
Starships,individual,Individuals/Shawnkyr's clawcraft,Shawnkyr's clawcraft,X-wing starfighter | T-65C-A2,Alana G,,inherited,1.0,,https://sketchfab.com/3d-models/none-2397144aa2314e8fb03bf131d8f56af4
Starships,individual,Individuals/Shelltooth,Shelltooth,"YTS-27 light freighter ""The Kowakian Corsair""",JP_2793,,inherited,1.0,,https://sketchfab.com/3d-models/none-3e187fed67034c488a0a9e41eae36628
Starships,individual,Individuals/Shepherd,Shepherd,Call Of Duty: MW2R - General Shepherd,thientrung2004pr,,exact,1.0,,https://sketchfab.com/3d-models/none-25eeb97d7f6a482996af9dbf7a907f33
Starships,individual,Individuals/Shieldmaiden,Shieldmaiden,Star Wars: Imperial II Star Destroyer,Daniel,,inherited,1.0,,https://sketchfab.com/3d-models/none-b8bd2d35f7604670ab85242c06c6d280
Starships,individual,Individuals/Shifty Prince,Shifty Prince,"YTS-27 light freighter ""The Kowakian Corsair""",JP_2793,,inherited,1.0,,https://sketchfab.com/3d-models/none-3e187fed67034c488a0a9e41eae36628
Starships,individual,Individuals/Shin Hati's Fiend fighter,Shin Hati's Fiend fighter,X-wing starfighter | T-65C-A2,Alana G,,inherited,1.0,,https://sketchfab.com/3d-models/none-2397144aa2314e8fb03bf131d8f56af4
Starships,type,Types/A-SF-01 B-wing starfighter,A/SF-01 B-wing starfighter,A/SF-01 B-wing starfighter,DrEgguin,,exact,1.0,,https://sketchfab.com/3d-models/none-af8de96df4424197aad06e6e0d25e22e
Starships,type,Types/A-SF-01 B-wing starfighter (Legends),A/SF-01 B-wing starfighter,A/SF-01 B-wing starfighter,DrEgguin,,exact,1.0,,https://sketchfab.com/3d-models/none-af8de96df4424197aad06e6e0d25e22e
Starships,type,Types/Action IV transport,Action IV transport,Star Wars: Action IV Transport,Daniel,,exact,1.0,,https://sketchfab.com/3d-models/none-e05dada955014ca78bc03d9577ca3c6a
Starships,type,Types/Alpha-class Xg-1 Star Wing,Alpha-class Xg-1 Star Wing,Star Wars: Alpha-class Xg-1 Star Wing,Daniel,,exact,1.0,,https://sketchfab.com/3d-models/none-b07306d348a44991ae7d0bbcff95fe90
Starships,type,Types/Alpha-class Xg-1 Star Wing (Legends),Alpha-class Xg-1 Star Wing,Star Wars: Alpha-class Xg-1 Star Wing,Daniel,,exact,1.0,,https://sketchfab.com/3d-models/none-b07306d348a44991ae7d0bbcff95fe90
Starships,type,Types/Alpha-class heavy transport,Alpha-class heavy transport,Alpha Class XG-1 Star Wing,Cpt.Kirk,,strong,0.684,,https://sketchfab.com/3d-models/none-c920722d62fa43379703aa3308ee693a
Starships,type,Types/Arquitens-class command cruiser,Arquitens-class command cruiser,Imperial Arquitens-class Command Cruiser,gavinpgamer1,,exact,1.0,,https://sketchfab.com/3d-models/none-c05a0aa234404ae884c4469b099b67ea
Starships,type,Types/Arquitens-class light cruiser,Arquitens-class light cruiser,Arquitens-Class Light Cruiser,A308 Digital,,exact,1.0,,https://sketchfab.com/3d-models/none-802fa70fb8cd46f5b741cb6b99f66229
Starships,type,Types/Arquitens-class light cruiser (Legends),Arquitens-class light cruiser,Arquitens-Class Light Cruiser,A308 Digital,,exact,1.0,,https://sketchfab.com/3d-models/none-802fa70fb8cd46f5b741cb6b99f66229
Starships,type,Types/Arrestor cruiser,Arrestor cruiser,Cantwell-class Arrestor Cruiser [Star Wars] ZEO,ZEO CMF,,exact,1.0,,https://sketchfab.com/3d-models/none-a8fb9ecdf203401794d495b63b17eb5a
Starships,type,Types/Assault Transport (Empire),Assault Transport,Low Altitude Assault Transport- Diorama,SpatialNeglect,,exact,1.0,,https://sketchfab.com/3d-models/none-66638b9660ed4608843ef2ed8ec34c0a
Starships,type,Types/Assault frigate,Assault frigate,Assault_Frigate_Model,flannelandfilm,,exact,1.0,,https://sketchfab.com/3d-models/none-3602f36759714da29d3a21d760aeaabc
Starships,type,Types/Assault frigate (Legends),Assault frigate,Assault_Frigate_Model,flannelandfilm,,exact,1.0,,https://sketchfab.com/3d-models/none-3602f36759714da29d3a21d760aeaabc
Starships,type,Types/Assault gunboat,Assault gunboat,Assault Gunboat Cockpit Version 1,MichaelEGA,,exact,1.0,,https://sketchfab.com/3d-models/none-2c855ee6ad6a4309822906668ff4be1d
Starships,type,Types/Assault ship,Assault ship,Republic Assault Ship,StarWars-Universe,,exact,1.0,,https://sketchfab.com/3d-models/none-e56b33bb58cc448ab134675e69dbc224
Starships,type,Types/Assault ship (Legends),Assault ship,Republic Assault Ship,StarWars-Universe,,exact,1.0,,https://sketchfab.com/3d-models/none-e56b33bb58cc448ab134675e69dbc224
Starships,type,Types/Assault shuttle,Assault shuttle,Star Wars: Gamma-class Assault Shuttle,Daniel,,exact,1.0,,https://sketchfab.com/3d-models/none-1a0571dca4c0436d8faff6fdbb948c17
Starships,type,Types/Assault shuttle (Legends),Assault shuttle,Star Wars: Gamma-class Assault Shuttle,Daniel,,exact,1.0,,https://sketchfab.com/3d-models/none-1a0571dca4c0436d8faff6fdbb948c17
Starships,type,Types/Assault transport,Assault transport,Low Altitude Assault Transport- Diorama,SpatialNeglect,,exact,1.0,,https://sketchfab.com/3d-models/none-66638b9660ed4608843ef2ed8ec34c0a
Starships,type,Types/BFF-1 bulk freighter,BFF-1 bulk freighter,Star Wars: BFF-1 Bulk Freighter,Daniel,,exact,1.0,,https://sketchfab.com/3d-models/none-2131f750afff479588a46321d17ee25f
Starships,type,Types/BFF-1 bulk freighter (Legends),BFF-1 bulk freighter,Star Wars: BFF-1 Bulk Freighter,Daniel,,exact,1.0,,https://sketchfab.com/3d-models/none-2131f750afff479588a46321d17ee25f
Starships,type,Types/BTL Y-wing starfighter,BTL Y-wing starfighter,Y-wing Starfighter - Star Wars,Quiznos323,,weak,0.697,,https://sketchfab.com/3d-models/none-50f7cebe61044d21801a301162212be2
Starships,type,Types/BTL Y-wing starfighter (Legends),BTL Y-wing starfighter,Y-wing Starfighter - Star Wars,Quiznos323,,weak,0.697,,https://sketchfab.com/3d-models/none-50f7cebe61044d21801a301162212be2
Starships,type,Types/Battle-class ship,Battle-class ship,Munificent-Class Star Frigate,A308 Digital,,strong,1.0,,https://sketchfab.com/3d-models/none-44d5db77bb1342e5a6e58c24a0dcb256
Starships,type,Types/Battlecarrier,Battlecarrier,Cippetty Class Battlecarrier,Mea,,exact,1.0,,https://sketchfab.com/3d-models/none-6bcae1409a3c4c7fb6313b7389070b49
Starships,type,Types/Battlecruiser,Battlecruiser,Donachet Battlecruiser,gavinpgamer1,,strong,1.0,,https://sketchfab.com/3d-models/none-44a6db481777492c8bd027e2b26054c1
Starships,type,Types/Battleship,Battleship,Space Battleship Yamato 2205,DJ-CheeF,,strong,1.0,,https://sketchfab.com/3d-models/none-526cf6c315dd4056848f1431140d1965
Starships,type,Types/Battleship (Legends),Battleship,Space Battleship Yamato 2205,DJ-CheeF,,strong,1.0,,https://sketchfab.com/3d-models/none-526cf6c315dd4056848f1431140d1965
Starships,type,Types/Belbullab-22 starfighter (Legends),Belbullab-22 starfighter,Belbullab-22 Starfighter (Soulless One),DrEgguin,,exact,1.0,,https://sketchfab.com/3d-models/none-2785243f8c8944c788cb0cbab3100cb4
Starships,type,Types/Bes'uliik,Bes'uliik,Star Wars The Mandalorian - Beskar Safe,gauvain_boiche,,weak,0.5,,https://sketchfab.com/3d-models/none-b7d3e3e61fae4194991bebc48954ec7a
Starships,type,Types/Blastboat,Blastboat,Star Wars Skipspray Blastboat,Tigerar1,,exact,1.0,,https://sketchfab.com/3d-models/none-7fa41d93df1940d4bc549855a41beb55
Starships,type,Types/Blastboat (Legends),Blastboat,Star Wars Skipspray Blastboat,Tigerar1,,exact,1.0,,https://sketchfab.com/3d-models/none-7fa41d93df1940d4bc549855a41beb55
Starships,type,Types/Blue (Delta-class DX-9 stormtrooper transport),Blue,Female Blue Alien Face with Blendshapes,skullvez,,exact,1.0,,https://sketchfab.com/3d-models/none-007f1d1244e2494f9e2f666b3c54e4dd
Starships,type,Types/Boarding craft,Boarding craft,Star Wars: TIE Boarding Craft,Daniel,,exact,1.0,,https://sketchfab.com/3d-models/none-ae10c444de094fc08990da3e08923950
Starships,type,Types/Boarding craft (Legends),Boarding craft,Star Wars: TIE Boarding Craft,Daniel,,exact,1.0,,https://sketchfab.com/3d-models/none-ae10c444de094fc08990da3e08923950
Starships,type,Types/Bomber,Bomber,TIE bomber,StarWars-Universe,,strong,1.0,,https://sketchfab.com/3d-models/none-dab029b751bd4cc293b66e3cc013e3a0
Starships,type,Types/Bomber (Legends),Bomber,TIE bomber,StarWars-Universe,,strong,1.0,,https://sketchfab.com/3d-models/none-dab029b751bd4cc293b66e3cc013e3a0
Starships,type,Types/Bulk freighter,Bulk freighter,Star Wars: BFF-1 Bulk Freighter,Daniel,,exact,1.0,,https://sketchfab.com/3d-models/none-2131f750afff479588a46321d17ee25f
Starships,type,Types/Bulk freighter (Legends),Bulk freighter,Star Wars: BFF-1 Bulk Freighter,Daniel,,exact,1.0,,https://sketchfab.com/3d-models/none-2131f750afff479588a46321d17ee25f
Starships,type,Types/Bulk transport,Bulk transport,Star Wars: Action IV Transport,Daniel,,exact,1.0,,https://sketchfab.com/3d-models/none-e05dada955014ca78bc03d9577ca3c6a
Starships,type,Types/Bulk transport (Legends),Bulk transport,Star Wars: Action IV Transport,Daniel,,exact,1.0,,https://sketchfab.com/3d-models/none-e05dada955014ca78bc03d9577ca3c6a
Starships,type,Types/C-9969 landing craft,C-9969 landing craft,Trade Federation Landing Craft,Kuat-Entralla 3D Engineering,,weak,0.5,,https://sketchfab.com/3d-models/none-5ca9a2c89480421592cd65b82d2a028b
Starships,type,Types/C-9979 landing craft,C-9979 landing craft,C-9979 landing craft,bruhepic925,,exact,1.0,,https://sketchfab.com/3d-models/none-65850006f9d14e36b2a416c026c3b74b
Starships,type,Types/C-9979 landing craft (Legends),C-9979 landing craft,C-9979 landing craft,bruhepic925,,exact,1.0,,https://sketchfab.com/3d-models/none-65850006f9d14e36b2a416c026c3b74b
Starships,type,Types/C-wing,C-wing,X Wing,Ed C,,weak,0.5,,https://sketchfab.com/3d-models/none-1007850cfc604315bd3e2a46859c5c60
Starships,type,Types/CR90 corvette,CR90 corvette,Star Wars; CR90 Corvette,Heataker,,exact,1.0,,https://sketchfab.com/3d-models/none-6356d19e87494ad8b6f55d0f0e9ec8a7
Starships,type,Types/CR90 corvette (Legends),CR90 corvette,Star Wars; CR90 Corvette,Heataker,,exact,1.0,,https://sketchfab.com/3d-models/none-6356d19e87494ad8b6f55d0f0e9ec8a7
Starships,type,Types/Cantwell-class Arrestor Cruiser,Cantwell-class Arrestor Cruiser,Cantwell-class Arrestor Cruiser [Star Wars] ZEO,ZEO CMF,,exact,1.0,,https://sketchfab.com/3d-models/none-a8fb9ecdf203401794d495b63b17eb5a
Starships,type,Types/Capital ship,Capital ship,Star Destroyer Hallway,A308 Digital,,exact,1.0,,https://sketchfab.com/3d-models/none-eba38859a8484637a5d61f7e9e769a7d
Starships,type,Types/Capital ship (Legends),Capital ship,Star Destroyer Hallway,A308 Digital,,exact,1.0,,https://sketchfab.com/3d-models/none-eba38859a8484637a5d61f7e9e769a7d
Starships,type,Types/Carrack-A,Carrack-A,Star Wars: Carrack-class light cruiser,Daniel,,strong,0.769,,https://sketchfab.com/3d-models/none-281cda7a7bfa4f91958490e19b4da56d
Starships,type,Types/Carrack-class light cruiser,Carrack-class light cruiser,Star Wars: Carrack-class light cruiser,Daniel,,exact,1.0,,https://sketchfab.com/3d-models/none-281cda7a7bfa4f91958490e19b4da56d
Starships,type,Types/Carrack-class light cruiser (Legends),Carrack-class light cruiser,Star Wars: Carrack-class light cruiser,Daniel,,exact,1.0,,https://sketchfab.com/3d-models/none-281cda7a7bfa4f91958490e19b4da56d
Starships,type,Types/Carrier,Carrier,Star Wars: Quartermaster-class Supply Carrier,Daniel,,strong,1.0,,https://sketchfab.com/3d-models/none-6ee2bc9379dd44aab85988d2716bad93
Starships,type,Types/Carrier (Legends),Carrier,Star Wars: Quartermaster-class Supply Carrier,Daniel,,strong,1.0,,https://sketchfab.com/3d-models/none-6ee2bc9379dd44aab85988d2716bad93
Starships,type,Types/City-ship,City-ship,Ship Race: City Above The Mountains,David Onizaki,,exact,1.0,,https://sketchfab.com/3d-models/none-3a3cd96123194c1fb48535f016537880
Starships,type,Types/City-ship (Legends),City-ship,Ship Race: City Above The Mountains,David Onizaki,,exact,1.0,,https://sketchfab.com/3d-models/none-3a3cd96123194c1fb48535f016537880
Starships,type,Types/Class 546 Cruiser,Class 546 Cruiser,Arquitens-class 546 Cruiser [Star Wars] ZEO,ZEO CMF,,exact,1.0,,https://sketchfab.com/3d-models/none-e727eda4a34f46ca9555f080a2a1f462
Starships,type,Types/Class One,Class One,T-4A Lambda- Class Imperial Shuttle (One Piece),Konraad,,exact,1.0,,https://sketchfab.com/3d-models/none-13849af5a5df4f96b940174d4a60f49a
Starships,type,Types/Colony ship,Colony ship,GNN News Media Ship,gavinpgamer1,,exact,1.0,,https://sketchfab.com/3d-models/none-9b135da26f0f41df8c5f66654fbfaa83
Starships,type,Types/Colony ship (Legends),Colony ship,GNN News Media Ship,gavinpgamer1,,exact,1.0,,https://sketchfab.com/3d-models/none-9b135da26f0f41df8c5f66654fbfaa83
Starships,type,Types/Command ship,Command ship,Imperial Arquitens-class Command Cruiser,gavinpgamer1,,exact,1.0,,https://sketchfab.com/3d-models/none-c05a0aa234404ae884c4469b099b67ea
Starships,type,Types/Command ship (Legends),Command ship,Imperial Arquitens-class Command Cruiser,gavinpgamer1,,exact,1.0,,https://sketchfab.com/3d-models/none-c05a0aa234404ae884c4469b099b67ea
Starships,type,Types/Conqueror-class assault ship,Conqueror-class assault ship,Guri's Stinger,CorelliaStar Shipyards,,weak,0.5,,https://sketchfab.com/3d-models/none-357ebf7010e747179be92b2a1abe445d
Starships,type,Types/Consular ship,Consular ship,Consular cruiser,Cpt.Kirk,,exact,1.0,,https://sketchfab.com/3d-models/none-5906f0b5065947ac8addb622240c7589
Starships,type,Types/Consular ship (Legends),Consular ship,Consular cruiser,Cpt.Kirk,,exact,1.0,,https://sketchfab.com/3d-models/none-5906f0b5065947ac8addb622240c7589
Starships,type,Types/Cord-class starfighter,Cord-class starfighter,Cord-Class Starfighter,Kuba Mazur,,exact,1.0,,https://sketchfab.com/3d-models/none-a307f01c805d424ab146455f4c1e4375
Starships,type,Types/Cord-class starfighter (Legends),Cord-class starfighter,Cord-Class Starfighter,Kuba Mazur,,exact,1.0,,https://sketchfab.com/3d-models/none-a307f01c805d424ab146455f4c1e4375
Starships,type,Types/Core ship,Core ship,Star Wars Separatist Core Ship,ThrillDaWill,,exact,1.0,,https://sketchfab.com/3d-models/none-0d829115bb4d472da5d05cdf529b6694
Starships,type,Types/Core ship (Legends),Core ship,Star Wars Separatist Core Ship,ThrillDaWill,,exact,1.0,,https://sketchfab.com/3d-models/none-0d829115bb4d472da5d05cdf529b6694
Starships,type,Types/Corsair,Corsair,"YTS-27 light freighter ""The Kowakian Corsair""",JP_2793,,exact,1.0,,https://sketchfab.com/3d-models/none-3e187fed67034c488a0a9e41eae36628
Starships,type,Types/Corvette,Corvette,Star Wars: Raider-class Corvette,Daniel,,strong,1.0,,https://sketchfab.com/3d-models/none-8732794c82044aafb1c74a55b07674e0
Starships,type,Types/Corvette (Legends),Corvette,Star Wars: Raider-class Corvette,Daniel,,strong,1.0,,https://sketchfab.com/3d-models/none-8732794c82044aafb1c74a55b07674e0
Starships,type,Types/Crate,Crate,Star Wars Imperial Crate,Ioana Oprisan,,exact,1.0,,https://sketchfab.com/3d-models/none-c148bb00b7ba4c838fb2697aae9c009f
Starships,type,Types/Cruiser,Cruiser,Invictus Class Star Cruiser,Conner Bentley,,strong,1.0,,https://sketchfab.com/3d-models/none-8ba24769c02b401d88f50655505c92be
Starships,type,Types/Cruiser (Legends),Cruiser,Invictus Class Star Cruiser,Conner Bentley,,strong,1.0,,https://sketchfab.com/3d-models/none-8ba24769c02b401d88f50655505c92be
Starships,type,Types/Cruiser-carrier,Cruiser-carrier,Qasar-Fire Cruiser-Carrier,Kuat-Entralla 3D Engineering,,strong,1.0,,https://sketchfab.com/3d-models/none-a506dd65a23d40efa85bcc5adba67285
Starships,type,Types/D'Astan starfighter,D'Astan starfighter,TIE/d Defender,DrEgguin,,weak,0.565,,https://sketchfab.com/3d-models/none-9089b34c19534c9fb1f40cbd6ee523f8
Starships,type,Types/D-wing fighter,D-wing fighter,W-Wing,nestor_d,,weak,0.565,,https://sketchfab.com/3d-models/none-0137ea9a3dc54ea7869beebd409a9323
Starships,type,Types/DP20 gunship,DP20 gunship,DP-20 Corellian Gunship,Khvostik,,exact,1.0,,https://sketchfab.com/3d-models/none-567a3d650f1540d0b0abfe46623f677a
Starships,type,Types/DP20 gunship (Legends),DP20 gunship,DP-20 Corellian Gunship,Khvostik,,exact,1.0,,https://sketchfab.com/3d-models/none-567a3d650f1540d0b0abfe46623f677a
Starships,type,Types/Dagger (Delta-class DX-9 stormtrooper transport),Dagger,Master Yoda's New Hobby,AndreOrla,,exact,1.0,,https://sketchfab.com/3d-models/none-c14e83c130fe40a5bd7c3ae0a41dc9c2
Starships,type,Types/Dart (starship),Dart,Lord Darth Vader 3D,dartset96,,exact,1.0,,https://sketchfab.com/3d-models/none-8495b95e4d78400d8f17a0f439a3a676
Starships,type,Types/Darth Vader's TIE Advanced,Darth Vader's TIE Advanced,TIE Advanced x1 (Vader's TIE) - Star Wars,Quiznos323,,exact,1.0,,https://sketchfab.com/3d-models/none-98f1decbda5c48aea22a11c7ddd62a7b
Starships,type,Types/Darth Vader's TIE Advanced (Legends),Darth Vader's TIE Advanced,TIE Advanced x1 (Vader's TIE) - Star Wars,Quiznos323,,exact,1.0,,https://sketchfab.com/3d-models/none-98f1decbda5c48aea22a11c7ddd62a7b
Starships,type,Types/Dawn (Delta-class DX-9 stormtrooper transport),Dawn,Wraith Lightsaber,BlueHero,,exact,1.0,,https://sketchfab.com/3d-models/none-87178b5103a54f7d869b6f4dc86dc9d4
Starships,type,Types/Defender starfighter,Defender starfighter,Defender-class Starfighter,nestor_d,,exact,1.0,,https://sketchfab.com/3d-models/none-9fdc16499f2047d98c16e92447b3cd8c
Starships,type,Types/Del (Delta-class DX-9 stormtrooper transport),Del,AT-AT,jorafe,,exact,1.0,,https://sketchfab.com/3d-models/none-7630d81ef0f44cbda5b09a228c49231a
Starships,type,Types/Delta-7 Aethersprite-class light interceptor,Delta-7 Aethersprite-class light interceptor,Delta-7 Aethersprite-class Light Interceptor,DrEgguin,,exact,1.0,,https://sketchfab.com/3d-models/none-b4a8ad8a1e8b4e5b961cf4726d8a8646
Starships,type,Types/Delta-7 Aethersprite-class light interceptor (Legends),Delta-7 Aethersprite-class light interceptor,Delta-7 Aethersprite-class Light Interceptor,DrEgguin,,exact,1.0,,https://sketchfab.com/3d-models/none-b4a8ad8a1e8b4e5b961cf4726d8a8646
Starships,type,Types/Delta-7B Aethersprite-class light interceptor,Delta-7B Aethersprite-class light interceptor,Delta-7B Aethersprite-Class Light Interceptor,Teck S.,,exact,1.0,,https://sketchfab.com/3d-models/none-5533beb5c09c41438b2c8f54ea670a8e
Starships,type,Types/Delta-7B Aethersprite-class light interceptor (Legends),Delta-7B Aethersprite-class light interceptor,Delta-7B Aethersprite-Class Light Interceptor,Teck S.,,exact,1.0,,https://sketchfab.com/3d-models/none-5533beb5c09c41438b2c8f54ea670a8e
Starships,type,Types/Destroyer,Destroyer,Star Wars: Imperial II Star Destroyer,Daniel,,strong,1.0,,https://sketchfab.com/3d-models/none-b8bd2d35f7604670ab85242c06c6d280
Starships,type,Types/Destroyer (Legends),Destroyer,Star Wars: Imperial II Star Destroyer,Daniel,,strong,1.0,,https://sketchfab.com/3d-models/none-b8bd2d35f7604670ab85242c06c6d280
Starships,type,Types/Dragon ship,Dragon ship,Dragon Heavy Version 1,CorelliaStar Shipyards,,exact,1.0,,https://sketchfab.com/3d-models/none-90acf71da03b498cb1916bf24dd9c2f6
Starships,type,Types/Dreadnaught (Legends),Dreadnaught,Harrrower Class Dreadnaught,Kalashnikov 3D,,exact,1.0,,https://sketchfab.com/3d-models/none-6e230cc7f6b84649bbab92a5f5ee6347
Starships,type,Types/Dreadnaught cruiser,Dreadnaught cruiser,Star Wars Dreadnaught-Class Heavy Cruiser,flannelandfilm,,exact,1.0,,https://sketchfab.com/3d-models/none-14e6ad1266104dec96541b17000925f2
Starships,type,Types/Dreadnaught-class heavy cruiser (Legends),Dreadnaught-class heavy cruiser,Star Wars Dreadnaught-Class Heavy Cruiser,flannelandfilm,,exact,1.0,,https://sketchfab.com/3d-models/none-14e6ad1266104dec96541b17000925f2
Starships,type,Types/Dreadnought,Dreadnought,Harrower Class Dreadnought,Kuat-Entralla 3D Engineering,,strong,1.0,,https://sketchfab.com/3d-models/none-14cc2060a4d645eb82c23171933b81ab
Starships,type,Types/Dreadnought-class heavy cruiser,Dreadnought-class heavy cruiser,Star Wars Dreadnaught-Class Heavy Cruiser,flannelandfilm,,strong,1.0,,https://sketchfab.com/3d-models/none-14e6ad1266104dec96541b17000925f2
Starships,type,Types/Droid bomber,Droid bomber,Hyena Bomber,Dakata_123,,strong,1.0,,https://sketchfab.com/3d-models/none-738ab8a1279740b48d88b960459c41a8
Starships,type,Types/Droid fighter (Fromm Gang),Droid fighter,Droid Tri Fighter,Steven,,strong,1.0,,https://sketchfab.com/3d-models/none-2517de834ad7418ea367ecdacd13524c
Starships,type,Types/Droid tri-fighter,Droid tri-fighter,Droid Tri Fighter,Steven,,exact,1.0,,https://sketchfab.com/3d-models/none-2517de834ad7418ea367ecdacd13524c
Starships,type,Types/Droid tri-fighter (Legends),Droid tri-fighter,Droid Tri Fighter,Steven,,exact,1.0,,https://sketchfab.com/3d-models/none-2517de834ad7418ea367ecdacd13524c
Starships,type,Types/Drop pod,Drop pod,Star Wars: Doomgiver Drop Pod - Ramp Down,jchapman1984,,exact,1.0,,https://sketchfab.com/3d-models/none-cfcb235fc35b4d0ab5889121352542e0
Starships,type,Types/Drop pod (Legends),Drop pod,Star Wars: Doomgiver Drop Pod - Ramp Down,jchapman1984,,exact,1.0,,https://sketchfab.com/3d-models/none-cfcb235fc35b4d0ab5889121352542e0
Starships,type,Types/Dropship,Dropship,Star Wars: Republic Dropship,Daniel,,exact,1.0,,https://sketchfab.com/3d-models/none-772429b4f8c449d38f2bcbb85e87bb18
Starships,type,Types/Dropship (Legends),Dropship,Star Wars: Republic Dropship,Daniel,,exact,1.0,,https://sketchfab.com/3d-models/none-772429b4f8c449d38f2bcbb85e87bb18
Starships,type,Types/E-wing starfighter,E-wing starfighter,E-Wing Starfighter - Kaddicus the Almighty,Kaddicus,,exact,1.0,,https://sketchfab.com/3d-models/none-3598d96638564d9eb4c7e67e886314c2
Starships,type,Types/Eclipse-class dreadnought,Eclipse-class dreadnought,Eclipse Class Star Destroyer,Anthony Schmidt,,strong,0.812,,https://sketchfab.com/3d-models/none-aee7185dc9224aa0b424c657f7b9b093
Starships,type,Types/Escape pod,Escape pod,Star Wars Escape Pod,LarsH.,,exact,1.0,,https://sketchfab.com/3d-models/none-744b53ababd640c089b9db03b02c968d
Starships,type,Types/Escape pod (Legends),Escape pod,Star Wars Escape Pod,LarsH.,,exact,1.0,,https://sketchfab.com/3d-models/none-744b53ababd640c089b9db03b02c968d
Starships,type,Types/Eta-2 Actis-class interceptor (Legends),Eta-2 Actis-class interceptor,Eta-2 Actis-class Light Interceptor,DrEgguin,,exact,1.0,,https://sketchfab.com/3d-models/none-178f0e05ba64420485e7319c6a9ee6c6
Starships,type,Types/Eta-2 Actis-class light interceptor,Eta-2 Actis-class light interceptor,Eta-2 Actis-class Light Interceptor,DrEgguin,,exact,1.0,,https://sketchfab.com/3d-models/none-178f0e05ba64420485e7319c6a9ee6c6
Starships,type,Types/Eta-class shuttle,Eta-class shuttle,ETA-Class Shuttle,Teck S.,,exact,1.0,,https://sketchfab.com/3d-models/none-6679f1be4bce4e8e9c8aadf7ba5e7fca
Starships,type,Types/Eta-class shuttle (Legends),Eta-class shuttle,ETA-Class Shuttle,Teck S.,,exact,1.0,,https://sketchfab.com/3d-models/none-6679f1be4bce4e8e9c8aadf7ba5e7fca
Starships,type,Types/Flarestar-class attack shuttle,Flarestar-class attack shuttle,Flarestar-class Attack Shuttle,DrEgguin,,exact,1.0,,https://sketchfab.com/3d-models/none-0a3a3c6056b14edea167c6610be54ec5
Starships,type,Types/Flarestar-class attack shuttle (Legends),Flarestar-class attack shuttle,Flarestar-class Attack Shuttle,DrEgguin,,exact,1.0,,https://sketchfab.com/3d-models/none-0a3a3c6056b14edea167c6610be54ec5
Starships,type,Types/Fleet shuttle,Fleet shuttle,Syst De Flotte Sienar - Navette T-4a Lambda,Dadau,,exact,1.0,,https://sketchfab.com/3d-models/none-8f197e999d744492a336ca5250cd1707
Starships,type,Types/Flight cruiser,Flight cruiser,Airspeeder,dylanheyes,,exact,1.0,,https://sketchfab.com/3d-models/none-b9750cb9f120484a9c0bd9e85e0af6e6
Starships,type,Types/Foray-class blockade runner,Foray-class blockade runner,Star Wars: Foray-class Blockade Runner,Daniel,,exact,1.0,,https://sketchfab.com/3d-models/none-58fe93a26fb744758ca541cde5b0b9ac
Starships,type,Types/Freighter,Freighter,"YTS-27 light freighter ""The Kowakian Corsair""",JP_2793,,strong,1.0,,https://sketchfab.com/3d-models/none-3e187fed67034c488a0a9e41eae36628
Starships,type,Types/Freighter (Legends),Freighter,"YTS-27 light freighter ""The Kowakian Corsair""",JP_2793,,strong,1.0,,https://sketchfab.com/3d-models/none-3e187fed67034c488a0a9e41eae36628
Starships,type,Types/Frigate,Frigate,Star Wars: Nebulon B Frigate,Daniel,,strong,1.0,,https://sketchfab.com/3d-models/none-1986f7b0dee647b3b2374eb80dbd1faf
Starships,type,Types/Frigate (Legends),Frigate,Star Wars: Nebulon B Frigate,Daniel,,strong,1.0,,https://sketchfab.com/3d-models/none-1986f7b0dee647b3b2374eb80dbd1faf
Starships,type,Types/Fuel container,Fuel container,Coaxium Crate (Solo: A Star Wars Story),cughes,,weak,0.5,,https://sketchfab.com/3d-models/none-9c5a61e905d546e5b1f2feb8e5cd01c6
Starships,type,Types/G-Type light shuttle,G-Type light shuttle,Star Wars: G-Type Light Shuttle,Daniel,,exact,1.0,,https://sketchfab.com/3d-models/none-72175ef0c3604380a90ee3600ce7cabb
Starships,type,Types/GR-75 medium transport,GR-75 medium transport,Star Wars: GR-75 Medium Transport,Daniel,,exact,1.0,,https://sketchfab.com/3d-models/none-071b158d02c044ee9b431aeb28b85b6a
Starships,type,Types/GR-75 medium transport (Legends),GR-75 medium transport,Star Wars: GR-75 Medium Transport,Daniel,,exact,1.0,,https://sketchfab.com/3d-models/none-071b158d02c044ee9b431aeb28b85b6a
Starships,type,Types/GS-100 salvage ship,GS-100 salvage ship,GS-100 Salvage Ship,CorelliaStar Shipyards,,exact,1.0,,https://sketchfab.com/3d-models/none-c7696d484f24404e921c1750f44cb15c
Starships,type,Types/GS-100 salvage ship (Legends),GS-100 salvage ship,GS-100 Salvage Ship,CorelliaStar Shipyards,,exact,1.0,,https://sketchfab.com/3d-models/none-c7696d484f24404e921c1750f44cb15c
Starships,type,Types/Galleon (Starship class),Galleon,Sails of the Forgotten - galleon,Brian Trepanier,,exact,1.0,,https://sketchfab.com/3d-models/none-0bda3fcf565d45789df9bb9298e60aec
Starships,type,Types/Gamma-class assault shuttle,Gamma-class assault shuttle,Star Wars: Gamma-class Assault Shuttle,Daniel,,exact,1.0,,https://sketchfab.com/3d-models/none-1a0571dca4c0436d8faff6fdbb948c17
Starships,type,Types/Gamma-class assault shuttle (Legends),Gamma-class assault shuttle,Star Wars: Gamma-class Assault Shuttle,Daniel,,exact,1.0,,https://sketchfab.com/3d-models/none-1a0571dca4c0436d8faff6fdbb948c17
Starships,type,Types/Generation ship,Generation ship,⚛StarCruiser⚛-⛒-⚛NaruG.TeŠ⚛,-X-ScornGames,,exact,1.0,,https://sketchfab.com/3d-models/none-55240b94b0824eeea2119e12477496be
Starships,type,Types/Generation ship (Legends),Generation ship,⚛StarCruiser⚛-⛒-⚛NaruG.TeŠ⚛,-X-ScornGames,,exact,1.0,,https://sketchfab.com/3d-models/none-55240b94b0824eeea2119e12477496be
Starships,type,Types/Ghost ship,Ghost ship,Star Wars Rebels: Ghost: VCX-100 (8K Textures),CGI Tutorials,,exact,1.0,,https://sketchfab.com/3d-models/none-8740b94179ba43a7ac6476973ca0c577
Starships,type,Types/Gozanti-class cruiser,Gozanti-class cruiser,Star Wars: Gozanti-Class Cruiser,Daniel,,exact,1.0,,https://sketchfab.com/3d-models/none-6a587e545b1c48bea95480b49458ac63
Starships,type,Types/Gozanti-class cruiser (Legends),Gozanti-class cruiser,Star Wars: Gozanti-Class Cruiser,Daniel,,exact,1.0,,https://sketchfab.com/3d-models/none-6a587e545b1c48bea95480b49458ac63
Starships,type,Types/Guardian-class light cruiser,Guardian-class light cruiser,Star Wars: Guardian-class Light Cruiser,Daniel,,exact,1.0,,https://sketchfab.com/3d-models/none-b0b65ae815844d24ad05cf63757d420c
Starships,type,Types/Gunboat,Gunboat,Assault Gunboat Cockpit Version 1,MichaelEGA,,exact,1.0,,https://sketchfab.com/3d-models/none-2c855ee6ad6a4309822906668ff4be1d
Starships,type,Types/Gunboat (Legends),Gunboat,Assault Gunboat Cockpit Version 1,MichaelEGA,,exact,1.0,,https://sketchfab.com/3d-models/none-2c855ee6ad6a4309822906668ff4be1d
Starships,type,Types/Gunship,Gunship,Star Wars LAAT/i Gunship,smithson17,,strong,1.0,,https://sketchfab.com/3d-models/none-77e5a30af490488c8019dcb3780ec847
Starships,type,Types/Gunship (Legends),Gunship,Star Wars LAAT/i Gunship,smithson17,,strong,1.0,,https://sketchfab.com/3d-models/none-77e5a30af490488c8019dcb3780ec847
Starships,type,Types/Gunship fighter,Gunship fighter,LAAT Gunship Devil's Chariot [Star Wars] ZEO,ZEO CMF,,strong,1.0,,https://sketchfab.com/3d-models/none-74e86b3a3f5340d5a9154197866df6af
Starships,type,Types/H-type Nubian yacht,H-type Nubian yacht,H Type Nubian Yacht,Cpt.Kirk,,exact,1.0,,https://sketchfab.com/3d-models/none-2a5b040487014397929f401517157c34
Starships,type,Types/H-type Nubian yacht (Legends),H-type Nubian yacht,H Type Nubian Yacht,Cpt.Kirk,,exact,1.0,,https://sketchfab.com/3d-models/none-2a5b040487014397929f401517157c34
Starships,type,Types/HWK-290 light freighter,HWK-290 light freighter,"HWK-290 ""Moldy Crow"" V2",NotARealStudio,,exact,1.0,,https://sketchfab.com/3d-models/none-4cdcd95ae29a49afa5eb5426929db94a
Starships,type,Types/HWK-290 light freighter (Legends),HWK-290 light freighter,"HWK-290 ""Moldy Crow"" V2",NotARealStudio,,exact,1.0,,https://sketchfab.com/3d-models/none-4cdcd95ae29a49afa5eb5426929db94a
Starships,type,Types/Hammerhead starship,Hammerhead starship,Star Wars Hammer Head Frigate,iedalton,,exact,1.0,,https://sketchfab.com/3d-models/none-1117400b7411407e83801c843c639ec6
Starships,type,Types/Harrower-class dreadnought,Harrower-class dreadnought,Harrower Class Dreadnought,Kuat-Entralla 3D Engineering,,exact,1.0,,https://sketchfab.com/3d-models/none-14cc2060a4d645eb82c23171933b81ab
Starships,type,Types/Haulcraft,Haulcraft,Fondor Haulcraft | Star Wars Fan Art,Eliott LH,,exact,1.0,,https://sketchfab.com/3d-models/none-70f4ebcc3bae403abf7c2a012b0ca159
Starships,type,Types/Heavy Corvette,Heavy Corvette,YT-950 Corellian Hauler,ThumbsUp7Up,,strong,1.0,,https://sketchfab.com/3d-models/none-e39e1704f153473e96e9a9cb5ea65bc7
Starships,type,Types/Heavy Star Cruiser,Heavy Star Cruiser,Star Wars Dreadnaught-Class Heavy Cruiser,flannelandfilm,,strong,1.0,,https://sketchfab.com/3d-models/none-14e6ad1266104dec96541b17000925f2
Starships,type,Types/Heavy assault starfighter,Heavy assault starfighter,Sorosuub Preybird Heavy Assault Fighter,resurrected,,exact,1.0,,https://sketchfab.com/3d-models/none-17ee6513410b44038e6ba5228d68281c
Starships,type,Types/Heavy cruiser,Heavy cruiser,Star Wars Dreadnaught-Class Heavy Cruiser,flannelandfilm,,strong,1.0,,https://sketchfab.com/3d-models/none-14e6ad1266104dec96541b17000925f2
Starships,type,Types/Heavy cruiser (Legends),Heavy cruiser,Star Wars Dreadnaught-Class Heavy Cruiser,flannelandfilm,,strong,1.0,,https://sketchfab.com/3d-models/none-14e6ad1266104dec96541b17000925f2
Starships,type,Types/Heavy freighter,Heavy freighter,Dragon Heavy Version 1,CorelliaStar Shipyards,,strong,1.0,,https://sketchfab.com/3d-models/none-90acf71da03b498cb1916bf24dd9c2f6
Starships,type,Types/Heraklon-class transport,Heraklon-class transport,Star Wars: Heraklon-class Transport,Daniel,,exact,1.0,,https://sketchfab.com/3d-models/none-c1d686a791194ab680524094813cde17
Starships,type,Types/Herald-class shuttle,Herald-class shuttle,Star Wars: Herald-class Shuttle,Daniel,,exact,1.0,,https://sketchfab.com/3d-models/none-2610a36db3864192958e03438c4f145f
Starships,type,Types/Hunter destroyer,Hunter destroyer,Razor Crest - Star Wars,Quiznos323,,strong,0.769,,https://sketchfab.com/3d-models/none-172cb62cc1e141cfae4c48440c348de0
Starships,type,Types/Hutt war-yacht,Hutt war-yacht,"Star Jewel, Jabbas Space Yacht",CorelliaStar Shipyards,,weak,0.565,,https://sketchfab.com/3d-models/none-848481df933b4adb895f67080a00f221
Starships,type,Types/Hyena-class bomber (Legends),Hyena-class bomber,Hyena Bomber,Dakata_123,,strong,0.812,,https://sketchfab.com/3d-models/none-738ab8a1279740b48d88b960459c41a8
Starships,type,Types/Imperator-class Star Destroyer,Imperator-class Star Destroyer,Star Destroyer Hallway,A308 Digital,,exact,1.0,,https://sketchfab.com/3d-models/none-eba38859a8484637a5d61f7e9e769a7d
Starships,type,Types/Imperial Cargo Shuttle,Imperial Cargo Shuttle,Imperial Shuttle (Lambda-class T-4a) - Star Wars,Quiznos323,,weak,0.565,,https://sketchfab.com/3d-models/none-8312856f2c794c569ea6978f2c90bc99
Starships,type,Types/Imperial Dreadnought,Imperial Dreadnought,Harrower Class Dreadnought,Kuat-Entralla 3D Engineering,,exact,1.0,,https://sketchfab.com/3d-models/none-14cc2060a4d645eb82c23171933b81ab
Starships,type,Types/Imperial Gozanti-class cruiser,Imperial Gozanti-class cruiser,Imperial Gozanti- Class Light Carrier,Konraad,,exact,1.0,,https://sketchfab.com/3d-models/none-c55f830ba26b43fb8e5e8d46f95f8fd9
Starships,type,Types/Imperial Heavy Transport,Imperial Heavy Transport,Qasar-Fire Cruiser-Carrier,Kuat-Entralla 3D Engineering,,exact,1.0,,https://sketchfab.com/3d-models/none-a506dd65a23d40efa85bcc5adba67285
Starships,type,Types/Imperial I-class Star Destroyer,Imperial I-class Star Destroyer,Low Poly: Imperial I Class Star Destroyer,David Onizaki,,exact,1.0,,https://sketchfab.com/3d-models/none-f74ee8ea46214ba88f11d00d8dd29d42
Starships,type,Types/Imperial I-class Star Destroyer (Legends),Imperial I-class Star Destroyer,Low Poly: Imperial I Class Star Destroyer,David Onizaki,,exact,1.0,,https://sketchfab.com/3d-models/none-f74ee8ea46214ba88f11d00d8dd29d42
Starships,type,Types/Imperial II-class Star Destroyer,Imperial II-class Star Destroyer,83359 Star Wars Imperial II-class Star Destroyer,S🅾️Meme star wars,,exact,1.0,,https://sketchfab.com/3d-models/none-c75cfb15ef124691b3fa33c30e017bbe
Starships,type,Types/Imperial II-class Star Destroyer (Legends),Imperial II-class Star Destroyer,83359 Star Wars Imperial II-class Star Destroyer,S🅾️Meme star wars,,exact,1.0,,https://sketchfab.com/3d-models/none-c75cfb15ef124691b3fa33c30e017bbe
Starships,type,Types/Imperial Leviathan,Imperial Leviathan,Star Wars The Old Republic Leviathan interdictor,Cpt.Kirk,,weak,0.5,,https://sketchfab.com/3d-models/none-ccc05006281b4dedb52ef47d64dd4b60
Starships,type,Types/Imperial Patrol Ship,Imperial Patrol Ship,Imperial Arquitens-class Command Cruiser,gavinpgamer1,,weak,0.565,,https://sketchfab.com/3d-models/none-c05a0aa234404ae884c4469b099b67ea
Starships,type,Types/Imperial Transport,Imperial Transport,SWTOR Imperial Attack Transport Shuttle,Ostee,,exact,1.0,,https://sketchfab.com/3d-models/none-36becc109b5645e8ba090eb9e528966d
Starships,type,Types/Imperial cargo ship,Imperial cargo ship,Arquitens-Class Light Cruiser,Kuat-Entralla 3D Engineering,,weak,0.565,,https://sketchfab.com/3d-models/none-6b3a978684df450f8d90afc62beab319
Starships,type,Types/Imperial escort carrier,Imperial escort carrier,Ton-Falk class Escort Carrier,gavinpgamer1,,exact,1.0,,https://sketchfab.com/3d-models/none-eb9ca03715024a7c8c1778591c749fee
Starships,type,Types/Imperial escort carrier (storm commando),Imperial escort carrier,Ton-Falk class Escort Carrier,gavinpgamer1,,exact,1.0,,https://sketchfab.com/3d-models/none-eb9ca03715024a7c8c1778591c749fee
Starships,type,Types/Imperial hunter (starship),Imperial hunter,R5-J2 Imperial Astromech Droid,Hunter Wiltse,,weak,0.5,,https://sketchfab.com/3d-models/none-2d1bf74e06a347449a20c8f2181aac78
Starships,type,Types/Imperial shuttle,Imperial shuttle,3D Imperial Lambda Shuttle - Star Wars model,Mickael Boitte,,exact,1.0,,https://sketchfab.com/3d-models/none-3cfcf3b6012a42d6a19e42388e54cd9b
Starships,type,Types/Imperial transport carrier,Imperial transport carrier,Qasar-Fire Cruiser-Carrier,Kuat-Entralla 3D Engineering,,exact,1.0,,https://sketchfab.com/3d-models/none-a506dd65a23d40efa85bcc5adba67285
Starships,type,Types/Imperial warship,Imperial warship,Imperial-Class Star Destroyer (Star Wars),Averserabbit530,,weak,0.5,,https://sketchfab.com/3d-models/none-8bf93a1cf76047c0b23cbd7a31c0fef3
Starships,type,Types/Imperial-class Star Destroyer,Imperial-class Star Destroyer,Star Wars; Imperial-Class Star Destroyer,Heataker,,exact,1.0,,https://sketchfab.com/3d-models/none-fa18d537db4d4020a443c1802ec0f88e
Starships,type,Types/Imperial-class Star Destroyer (Legends),Imperial-class Star Destroyer,Star Wars; Imperial-Class Star Destroyer,Heataker,,exact,1.0,,https://sketchfab.com/3d-models/none-fa18d537db4d4020a443c1802ec0f88e
Starships,type,Types/Inexpugnable-class tactical command ship,Inexpugnable-class tactical command ship,Star Wars: Inexpugnable Tactical Command Ship,Daniel,,strong,0.917,,https://sketchfab.com/3d-models/none-7b94ddbe2b4e40b3830685f36d2823bc
Starships,type,Types/Infiltrator,Infiltrator,Darth Maul's Sith Infiltrator (Scimitar),DrEgguin,,exact,1.0,,https://sketchfab.com/3d-models/none-4d59a2ee3f6f4c9c9894d97ac34bcf36
Starships,type,Types/Infiltrator (starfighter),Infiltrator,Darth Maul's Sith Infiltrator (Scimitar),DrEgguin,,exact,1.0,,https://sketchfab.com/3d-models/none-4d59a2ee3f6f4c9c9894d97ac34bcf36
Starships,type,Types/Interceptor,Interceptor,Star Wars: TIE/in Interceptor,Daniel,,strong,1.0,,https://sketchfab.com/3d-models/none-80171ec2930b4949836bcf24d9694c41
Starships,type,Types/Interceptor (Legends),Interceptor,Star Wars: TIE/in Interceptor,Daniel,,strong,1.0,,https://sketchfab.com/3d-models/none-80171ec2930b4949836bcf24d9694c41
Starships,type,Types/Interdictor,Interdictor,Interdictor class Star Destroyer (Canon),gavinpgamer1,,exact,1.0,,https://sketchfab.com/3d-models/none-af76c3da627049c38c1e2f0313a62cdb
Starships,type,Types/Interdictor (Legends),Interdictor,Interdictor class Star Destroyer (Canon),gavinpgamer1,,exact,1.0,,https://sketchfab.com/3d-models/none-af76c3da627049c38c1e2f0313a62cdb
Starships,type,Types/Interdictor-class Star Destroyer,Interdictor-class Star Destroyer,Interdictor class Star Destroyer (Canon),gavinpgamer1,,exact,1.0,,https://sketchfab.com/3d-models/none-af76c3da627049c38c1e2f0313a62cdb
Starships,type,Types/Interdictor-class Star Destroyer (Legends),Interdictor-class Star Destroyer,Interdictor class Star Destroyer (Canon),gavinpgamer1,,exact,1.0,,https://sketchfab.com/3d-models/none-af76c3da627049c38c1e2f0313a62cdb
Starships,type,Types/Interdictor-class cruiser,Interdictor-class cruiser,Interdictor class Star Destroyer (Canon),gavinpgamer1,,strong,0.812,,https://sketchfab.com/3d-models/none-af76c3da627049c38c1e2f0313a62cdb
Starships,type,Types/Interdictor-class heavy cruiser,Interdictor-class heavy cruiser,Interdictor class Star Destroyer (Canon),gavinpgamer1,,strong,0.684,,https://sketchfab.com/3d-models/none-af76c3da627049c38c1e2f0313a62cdb
Starships,type,Types/J-type,J-type,Naboo Royal Starship (J-type 327 Nubian),hobbit84,,exact,1.0,,https://sketchfab.com/3d-models/none-f631077977754b5591298ecfa201380b
Starships,type,Types/J-type 327 Nubian royal starship,J-type 327 Nubian royal starship,Naboo Royal Starship (J-type 327 Nubian),hobbit84,,exact,1.0,,https://sketchfab.com/3d-models/none-f631077977754b5591298ecfa201380b
Starships,type,Types/J-type 327 Nubian royal starship (Legends),J-type 327 Nubian royal starship,Naboo Royal Starship (J-type 327 Nubian),hobbit84,,exact,1.0,,https://sketchfab.com/3d-models/none-f631077977754b5591298ecfa201380b
Starships,type,Types/Jedi Cruiser,Jedi Cruiser,Star Destroyer Hallway,A308 Digital,,exact,1.0,,https://sketchfab.com/3d-models/none-eba38859a8484637a5d61f7e9e769a7d
Starships,type,Types/Jedi shuttle (High Republic Era),Jedi shuttle,Ashokas T6 Jedi Shuttle Star Wars,rwolzinger,,exact,1.0,,https://sketchfab.com/3d-models/none-ba079d82f4654fa2b81ed965943c255f
Starships,type,Types/Jedi starfighter (700 BBY),Jedi starfighter,Eta-2 Actis (Jedi Starfighter) - Star Wars,Quiznos323,,exact,1.0,,https://sketchfab.com/3d-models/none-00f12d7a839842c783bb745d39302308
Starships,type,Types/KT-400 military droid carrier,KT-400 military droid carrier,Star Wars: KT-400 Military Droid Carrier,Daniel,,exact,1.0,,https://sketchfab.com/3d-models/none-d2b004b045c24c5abcc573c782ece9b8
Starships,type,Types/Keldabe-class cruiser,Keldabe-class cruiser,Keldabe-class Battleship [Star Wars] ZEO,ZEO CMF,,exact,1.0,,https://sketchfab.com/3d-models/none-dd4376b8aa9f485ebd4e22a560adaf5d
Starships,type,Types/LAAT-le patrol gunship,LAAT/le patrol gunship,LAAT/LE,Teck S.,,weak,0.606,,https://sketchfab.com/3d-models/none-e5cd402389f2449e90124e389db8cd78
Starships,type,Types/Lambda-C,Lambda-C,Syst De Flotte Sienar - Navette T-4a Lambda,Dadau,,weak,0.5,,https://sketchfab.com/3d-models/none-8f197e999d744492a336ca5250cd1707
Starships,type,Types/Lambda-class T-4a shuttle,Lambda-class T-4a shuttle,Imperial Shuttle (Lambda-class T-4a) - Star Wars,Quiznos323,,exact,1.0,,https://sketchfab.com/3d-models/none-8312856f2c794c569ea6978f2c90bc99
Starships,type,Types/Lambda-class T-4a shuttle (Legends),Lambda-class T-4a shuttle,Imperial Shuttle (Lambda-class T-4a) - Star Wars,Quiznos323,,exact,1.0,,https://sketchfab.com/3d-models/none-8312856f2c794c569ea6978f2c90bc99
Starships,type,Types/Lambda-class T-4a shuttle (military variant),Lambda-class T-4a shuttle,Imperial Shuttle (Lambda-class T-4a) - Star Wars,Quiznos323,,exact,1.0,,https://sketchfab.com/3d-models/none-8312856f2c794c569ea6978f2c90bc99
Starships,type,Types/Lambda-class T-4a shuttle (non-military variant),Lambda-class T-4a shuttle,Imperial Shuttle (Lambda-class T-4a) - Star Wars,Quiznos323,,exact,1.0,,https://sketchfab.com/3d-models/none-8312856f2c794c569ea6978f2c90bc99
Starships,type,Types/Lancer-class frigate,Lancer-class frigate,Lancer-class Frigate,gavinpgamer1,,exact,1.0,,https://sketchfab.com/3d-models/none-0beab745bc7f4c7fb8497259d697e5b5
Starships,type,Types/Lancer-class frigate (Legends),Lancer-class frigate,Lancer-class Frigate,gavinpgamer1,,exact,1.0,,https://sketchfab.com/3d-models/none-0beab745bc7f4c7fb8497259d697e5b5
Starships,type,Types/Lancet Aerial Artillery,Lancet Aerial Artillery,Lancet Aerial Artillery,henskelion,,exact,1.0,,https://sketchfab.com/3d-models/none-2c2ddd8805084df28d3ada72bad7d00e
Starships,type,Types/Lander,Lander,TIE/rlg Reaper ground attack lander,Rebus2077,,exact,1.0,,https://sketchfab.com/3d-models/none-42099d76950743be87ac5ceced33649f
Starships,type,Types/Landing craft,Landing craft,Star Wars: TIE Landing Craft,Daniel,,exact,1.0,,https://sketchfab.com/3d-models/none-fb50f433e9004907b782d272b488aada
Starships,type,Types/Landing craft (Legends),Landing craft,Star Wars: TIE Landing Craft,Daniel,,exact,1.0,,https://sketchfab.com/3d-models/none-fb50f433e9004907b782d272b488aada
Starships,type,Types/Liberator-class starfighter,Liberator-class starfighter,Star Wars: Liberator-class Starfighter,Daniel,,exact,1.0,,https://sketchfab.com/3d-models/none-825efd2b9aaa4ad3b39a433f8df02cfb
Starships,type,Types/Lifeboat,Lifeboat,MCRN Dropship (The Expanse),owlstraw,,exact,1.0,,https://sketchfab.com/3d-models/none-1f26e13076a740cd99ec3d0f556dc479
Starships,type,Types/Light cruiser,Light cruiser,Arquitens-Class Light Cruiser,A308 Digital,,strong,1.0,,https://sketchfab.com/3d-models/none-802fa70fb8cd46f5b741cb6b99f66229
Starships,type,Types/Light cruiser (Legends),Light cruiser,Arquitens-Class Light Cruiser,A308 Digital,,strong,1.0,,https://sketchfab.com/3d-models/none-802fa70fb8cd46f5b741cb6b99f66229
Starships,type,Types/Light destroyer,Light destroyer,Star Destroyer Hallway,A308 Digital,,strong,1.0,,https://sketchfab.com/3d-models/none-eba38859a8484637a5d61f7e9e769a7d
Starships,type,Types/Light freighter,Light freighter,"YTS-27 light freighter ""The Kowakian Corsair""",JP_2793,,strong,1.0,,https://sketchfab.com/3d-models/none-3e187fed67034c488a0a9e41eae36628
Starships,type,Types/Light freighter (Legends),Light freighter,"YTS-27 light freighter ""The Kowakian Corsair""",JP_2793,,strong,1.0,,https://sketchfab.com/3d-models/none-3e187fed67034c488a0a9e41eae36628
Starships,type,Types/Lighter,Lighter,1944 Iraq Zippo Lighter,Evil Crumb,,exact,1.0,,https://sketchfab.com/3d-models/none-6b8747b2063947108d622d24a22ecaa8
Starships,type,Types/Lightning (Delta-class DX-9 stormtrooper transport),Lightning,Darth Sidious Betraying Darth Plagueis,Christian Day,,exact,1.0,,https://sketchfab.com/3d-models/none-d79d9eeb14b4470981e1c1242c17d4bf
Starships,type,Types/Low Altitude Assault Transport-carrier,Low Altitude Assault Transport/carrier,Low Altitude Assault Transport/ Carrier,CodesterCody,,exact,1.0,,https://sketchfab.com/3d-models/none-c8414c065f8542aebaced6302f3e0347
Starships,type,Types/Low Altitude Assault Transport-carrier (Legends),Low Altitude Assault Transport/carrier,Low Altitude Assault Transport/ Carrier,CodesterCody,,exact,1.0,,https://sketchfab.com/3d-models/none-c8414c065f8542aebaced6302f3e0347
Starships,type,Types/Low Altitude Assault Transport-vehicle,Low Altitude Assault Transport/vehicle,Low Altitude Assault Transport- Diorama,SpatialNeglect,,exact,1.0,,https://sketchfab.com/3d-models/none-66638b9660ed4608843ef2ed8ec34c0a
Starships,type,Types/Low Altitude Assault Transport-vehicle (Legends),Low Altitude Assault Transport/vehicle,Low Altitude Assault Transport- Diorama,SpatialNeglect,,exact,1.0,,https://sketchfab.com/3d-models/none-66638b9660ed4608843ef2ed8ec34c0a
Starships,type,Types/Lucrehulk-class battleship,Lucrehulk-class battleship,Lucrehulk-class Battleship (Unfinished/WIP),DrEgguin,,exact,1.0,,https://sketchfab.com/3d-models/none-39bbd96e87ea47f68b80d4336259137d
Starships,type,Types/Lucrehulk-class battleship (Legends),Lucrehulk-class battleship,Lucrehulk-class Battleship (Unfinished/WIP),DrEgguin,,exact,1.0,,https://sketchfab.com/3d-models/none-39bbd96e87ea47f68b80d4336259137d
Starships,type,Types/Luxury yacht,Luxury yacht,Star Wars: Personal Luxury Yacht 3000,Daniel,,exact,1.0,,https://sketchfab.com/3d-models/none-cb6dee6d3d964b69ba50c95b220e4f9e
Starships,type,Types/Luxury yacht (Legends),Luxury yacht,Star Wars: Personal Luxury Yacht 3000,Daniel,,exact,1.0,,https://sketchfab.com/3d-models/none-cb6dee6d3d964b69ba50c95b220e4f9e
Starships,type,Types/MC80 Star Cruiser,MC80 Star Cruiser,Star Wars: MC80 Home One Type Star Cruiser,Daniel,,exact,1.0,,https://sketchfab.com/3d-models/none-9b5e5e5192f64a7faad93a3bfd2efaf2
Starships,type,Types/MC80 Star Cruiser (Legends),MC80 Star Cruiser,Star Wars: MC80 Home One Type Star Cruiser,Daniel,,exact,1.0,,https://sketchfab.com/3d-models/none-9b5e5e5192f64a7faad93a3bfd2efaf2
Starships,type,Types/Man-of-war,Man-of-war,Tony Stark Iron Man (Civil War),Tigerar1,,strong,0.87,,https://sketchfab.com/3d-models/none-2a5a5df7d300493cb7e5ef3f833ff9f4
Starships,type,Types/Man-of-war (Legends),Man-of-war,Tony Stark Iron Man (Civil War),Tigerar1,,strong,0.87,,https://sketchfab.com/3d-models/none-2a5a5df7d300493cb7e5ef3f833ff9f4
Starships,type,Types/Mandalorian cruiser,Mandalorian cruiser,Arquitens-class 546 Cruiser [Star Wars] ZEO,ZEO CMF,,exact,1.0,,https://sketchfab.com/3d-models/none-e727eda4a34f46ca9555f080a2a1f462
Starships,type,Types/Mandalorian gunship,Mandalorian gunship,Razor Crest - Star Wars,Quiznos323,,strong,0.769,,https://sketchfab.com/3d-models/none-172cb62cc1e141cfae4c48440c348de0
Starships,type,Types/Mining Guild Freighter,Mining Guild Freighter,Mining Guild Tanker,CorelliaStar Shipyards,,exact,1.0,,https://sketchfab.com/3d-models/none-2b5a91635ce84fce9212cff1061b3983
Starships,type,Types/Mining ship,Mining ship,Mining Guild Tanker,CorelliaStar Shipyards,,exact,1.0,,https://sketchfab.com/3d-models/none-2b5a91635ce84fce9212cff1061b3983
Starships,type,Types/Mon Calamari Star Cruiser (Legends),Mon Calamari Star Cruiser,Mon Calamari Star Cruiser,Cpt.Kirk,,exact,1.0,,https://sketchfab.com/3d-models/none-b07e3a12b2af4fee8a9c0034b09244e4
Starships,type,Types/Mon Calamari Star Cruiser (stocky),Mon Calamari Star Cruiser,Mon Calamari Star Cruiser,Cpt.Kirk,,exact,1.0,,https://sketchfab.com/3d-models/none-b07e3a12b2af4fee8a9c0034b09244e4
Starships,type,Types/Mon Calamari fighter,Mon Calamari fighter,Mon Calamari Star Cruiser,Cpt.Kirk,,strong,0.87,,https://sketchfab.com/3d-models/none-b07e3a12b2af4fee8a9c0034b09244e4
Starships,type,Types/Munificent-class star frigate,Munificent-class star frigate,Munificent Class Star Frigate,SomeGuyUsingBlender,,exact,1.0,,https://sketchfab.com/3d-models/none-966265e37e61433b919ba640a12a33f5
Starships,type,Types/Munificent-class star frigate (Legends),Munificent-class star frigate,Munificent Class Star Frigate,SomeGuyUsingBlender,,exact,1.0,,https://sketchfab.com/3d-models/none-966265e37e61433b919ba640a12a33f5
Starships,type,Types/Muurian transport,Muurian transport,Star Wars: Muurian Transport,Daniel,,exact,1.0,,https://sketchfab.com/3d-models/none-8cef127d247c4e328917db799bcf2604
Starships,type,Types/N-1 starfighter,N-1 starfighter,Naboo N-1 Starfighter - Star Wars,Quiznos323,,exact,1.0,,https://sketchfab.com/3d-models/none-3cf69f6c85234aac8844e845e74ac75b
Starships,type,Types/N-1 starfighter (Legends),N-1 starfighter,Naboo N-1 Starfighter - Star Wars,Quiznos323,,exact,1.0,,https://sketchfab.com/3d-models/none-3cf69f6c85234aac8844e845e74ac75b
Starships,type,Types/Nu-class attack shuttle (Legends),Nu-class attack shuttle,Star Wars Nu Class Attack Shuttle,bennyboi,,exact,1.0,,https://sketchfab.com/3d-models/none-d8a033a4b16744aca9edf9275b8f655b
Starships,type,Types/Omicron-class attack shuttle,Omicron-class attack shuttle,omicron-class-attack-shuttle 02-20,gallucpa60,,exact,1.0,,https://sketchfab.com/3d-models/none-78ee17c227d7473a982dd5e078e6b758
Starships,type,Types/Passenger shuttle,Star Wars Rebels,Star Wars Rebels: Ghost: VCX-100 (8K Textures),CGI Tutorials,,exact,1.0,,https://sketchfab.com/3d-models/none-8740b94179ba43a7ac6476973ca0c577
Starships,type,Types/Pathfinder ship,Pathfinder ship,"ARC 170 Starfighter, Pathfinder Modification",Rin,,exact,1.0,,https://sketchfab.com/3d-models/none-1adcaa3ce9cb44168f7141bd357c1e78
Starships,type,Types/Patrol ship,Patrol ship,Naboo Patrol Ship,CorelliaStar Shipyards,,exact,1.0,,https://sketchfab.com/3d-models/none-b4aa0b4fb1c94e24a62aabe9c59a5453
Starships,type,Types/Patrol ship (Legends),Patrol ship,Naboo Patrol Ship,CorelliaStar Shipyards,,exact,1.0,,https://sketchfab.com/3d-models/none-b4aa0b4fb1c94e24a62aabe9c59a5453
Starships,type,Types/Pelta-class Medical Frigate,Pelta-class Medical Frigate,Pelta-Class Medical Frigate,sabinoplane,,exact,1.0,,https://sketchfab.com/3d-models/none-3d69bfae76234847976e7d5d20585723
Starships,type,Types/Pelta-class frigate,Pelta-class frigate,Pelta-Class Medical Frigate,sabinoplane,,exact,1.0,,https://sketchfab.com/3d-models/none-3d69bfae76234847976e7d5d20585723
Starships,type,Types/Pelta-class frigate (Legends),Pelta-class frigate,Pelta-Class Medical Frigate,sabinoplane,,exact,1.0,,https://sketchfab.com/3d-models/none-3d69bfae76234847976e7d5d20585723
Starships,type,Types/Personal Luxury Yacht 3000,Personal Luxury Yacht 3000,Star Wars: Personal Luxury Yacht 3000,Daniel,,exact,1.0,,https://sketchfab.com/3d-models/none-cb6dee6d3d964b69ba50c95b220e4f9e
Starships,type,Types/Personal Luxury Yacht 3000 (Legends),Personal Luxury Yacht 3000,Star Wars: Personal Luxury Yacht 3000,Daniel,,exact,1.0,,https://sketchfab.com/3d-models/none-cb6dee6d3d964b69ba50c95b220e4f9e
Starships,type,Types/Quartermaster-class supply carrier,Quartermaster-class supply carrier,Star Wars: Quartermaster-class Supply Carrier,Daniel,,exact,1.0,,https://sketchfab.com/3d-models/none-6ee2bc9379dd44aab85988d2716bad93
Starships,type,Types/R-22 Spearhead,R-22 Spearhead,R-22 Spearhead (McQuarrie Inspired A-Wing),Hangar.b.productions,,exact,1.0,,https://sketchfab.com/3d-models/none-f5077f8cdb80432e9a18cf75f2ca87da
Starships,type,Types/R-22 Spearhead starfighter,R-22 Spearhead starfighter,R-22 Spearhead (McQuarrie Inspired A-Wing),Hangar.b.productions,,exact,1.0,,https://sketchfab.com/3d-models/none-f5077f8cdb80432e9a18cf75f2ca87da
Starships,type,Types/RZ-1 A-wing interceptor,RZ-1 A-wing interceptor,A-wing,StarWars-Universe,,exact,1.0,,https://sketchfab.com/3d-models/none-b13126de57c44f5388e80b411f47078e
Starships,type,Types/RZ-1 A-wing interceptor (Legends),RZ-1 A-wing interceptor,A-wing,StarWars-Universe,,exact,1.0,,https://sketchfab.com/3d-models/none-b13126de57c44f5388e80b411f47078e
Starships,type,Types/Raider (Delta-class DX-9 stormtrooper transport),Raider,Star Wars: Raider-class Corvette,Daniel,,exact,1.0,,https://sketchfab.com/3d-models/none-8732794c82044aafb1c74a55b07674e0
Starships,type,Types/Raider I-class corvette,Raider I-class corvette,Raider-class Corvette,gavinpgamer1,,weak,0.615,,https://sketchfab.com/3d-models/none-6e45cd2b11f7442aa521ecf8c7cab20e
Starships,type,Types/Raider I-class corvette (Legends),Raider I-class corvette,Raider-class Corvette,gavinpgamer1,,weak,0.615,,https://sketchfab.com/3d-models/none-6e45cd2b11f7442aa521ecf8c7cab20e
Starships,type,Types/Raider II-class corvette,Raider II-class corvette,Raider-class Corvette,gavinpgamer1,,strong,0.842,,https://sketchfab.com/3d-models/none-6e45cd2b11f7442aa521ecf8c7cab20e
Starships,type,Types/Raider II-class corvette (Legends),Raider II-class corvette,Raider-class Corvette,gavinpgamer1,,strong,0.842,,https://sketchfab.com/3d-models/none-6e45cd2b11f7442aa521ecf8c7cab20e
Starships,type,Types/Raider-class corvette,Raider-class corvette,Star Wars: Raider-class Corvette,Daniel,,exact,1.0,,https://sketchfab.com/3d-models/none-8732794c82044aafb1c74a55b07674e0
Starships,type,Types/Raider-class corvette (Legends),Raider-class corvette,Star Wars: Raider-class Corvette,Daniel,,exact,1.0,,https://sketchfab.com/3d-models/none-8732794c82044aafb1c74a55b07674e0
Starships,type,Types/Rainhawk-class transport,Rainhawk-class transport,Rainhawk-class transport,CorelliaStar Shipyards,,exact,1.0,,https://sketchfab.com/3d-models/none-3b5fab49c5b34108a25742dd4b46bd39
Starships,type,Types/Rainhawk-class transport (Legends),Rainhawk-class transport,Rainhawk-class transport,CorelliaStar Shipyards,,exact,1.0,,https://sketchfab.com/3d-models/none-3b5fab49c5b34108a25742dd4b46bd39
Starships,type,Types/Ranger (Delta-class DX-9 stormtrooper transport),Ranger,Ironbound Ranger,Ognomdrol,,exact,1.0,,https://sketchfab.com/3d-models/none-4c248dfbc5a44269b76f31807761580d
Starships,type,Types/Rebel Alliance Transport,Rebel Alliance Transport,"YTS-27 light freighter ""The Kowakian Corsair""",JP_2793,,exact,1.0,,https://sketchfab.com/3d-models/none-3e187fed67034c488a0a9e41eae36628
Starships,type,Types/Rebel speeder,Rebel speeder,Mining guild ore crawler Star Wars Rebels,Ahsoka,,exact,1.0,,https://sketchfab.com/3d-models/none-f63db4cfa4f84fe78894bed1dae8225a
Starships,type,Types/Reload,Reload,R2-D2 astrodroid (reload),almeanay,,exact,1.0,,https://sketchfab.com/3d-models/none-7c69e7ff13f447c99a389f8e424675dd
Starships,type,Types/Republic command ship,Republic command ship,Star Wars: Inexpugnable Tactical Command Ship,Daniel,,exact,1.0,,https://sketchfab.com/3d-models/none-7b94ddbe2b4e40b3830685f36d2823bc
Starships,type,Types/Republic light assault cruiser,Republic light assault cruiser,Star Wars - Republic Assault Ship (voxel),TheLerix,,strong,0.885,,https://sketchfab.com/3d-models/none-1bd6253158e9423eaf3bbcddb3fec1ff
Starships,type,Types/Republic shuttle (Mandalorian Wars),Republic shuttle,Star Wars: Republic Transport Shuttle,Daniel,,exact,1.0,,https://sketchfab.com/3d-models/none-fedfddc7f1ec4ab7ad1f1735407bca89
Starships,type,Types/Republic transport ship,Republic transport ship,Nu-Class Transport,Teck S.,,exact,1.0,,https://sketchfab.com/3d-models/none-d9cdffc727c6411787498b52ebe748b3
Starships,type,Types/Republic transport shuttle,Republic transport shuttle,Star Wars: Republic Transport Shuttle,Daniel,,exact,1.0,,https://sketchfab.com/3d-models/none-fedfddc7f1ec4ab7ad1f1735407bca89
Starships,type,Types/Republic-class Star Destroyer,Republic-class Star Destroyer,Star Destroyer Hallway,A308 Digital,,exact,1.0,,https://sketchfab.com/3d-models/none-eba38859a8484637a5d61f7e9e769a7d
Starships,type,Types/Republic-class cruiser,Republic-class cruiser,Star Wars Republic Frigate,iedalton,,strong,0.625,,https://sketchfab.com/3d-models/none-b53f3436fa114d7b939789c24c92b9de
Starships,type,Types/Runner (starship),Runner,TIE Runner,gauvain_boiche,,exact,1.0,,https://sketchfab.com/3d-models/none-b209951dbdff45a297fcf212f0fc6bd7
Starships,type,Types/S-250 Chela-class starfighter,S-250 Chela-class starfighter,Star Wars: S-250 Chela-class Starfighter,Daniel,,exact,1.0,,https://sketchfab.com/3d-models/none-c29f936cb82846fcb99528c77e008a0e
Starships,type,Types/Salvage ship,Salvage ship,GS-100 Salvage Ship,CorelliaStar Shipyards,,exact,1.0,,https://sketchfab.com/3d-models/none-c7696d484f24404e921c1750f44cb15c
Starships,type,Types/Sh'rip Sh'pa,Sh'rip Sh'pa,Star Wars: TIE/sh Shuttle,Daniel,,weak,0.5,,https://sketchfab.com/3d-models/none-9cc4cc2e78304a7ba6d2bd377a7ce7dd
Starships,type,Types/Shadow Droid,Shadow Droid,-Star Wars- Dark Empire Shadow Droid,ARKON MAREK,,exact,1.0,,https://sketchfab.com/3d-models/none-290d87db98d24fc199243031cfb4df04
Starships,type,Types/Shuttle,Star Wars Rebels,Star Wars Rebels: Ghost: VCX-100 (8K Textures),CGI Tutorials,,exact,1.0,,https://sketchfab.com/3d-models/none-8740b94179ba43a7ac6476973ca0c577
Starships,type,Types/Shuttle (Legends),Shuttle,Star Wars: Lambda Shuttle,Daniel,,strong,1.0,,https://sketchfab.com/3d-models/none-9d160e16845a4b518a2d30a7c716f20d
Starships,type,Types/Sith Destroyer,Sith Destroyer,Old Xyston,Admiral_Forever,,exact,1.0,,https://sketchfab.com/3d-models/none-dcec7fe734e441dfafdc03ea0bb58d4a
Starships,type,Types/Sith dreadnaught,Sith dreadnaught,Harrower Class Dreadnought,Kuat-Entralla 3D Engineering,,weak,0.5,,https://sketchfab.com/3d-models/none-14cc2060a4d645eb82c23171933b81ab
Starships,type,Types/Sith fighter,Sith fighter,Jedi Star Fighter,Petri Liuhto,,exact,1.0,,https://sketchfab.com/3d-models/none-0b641c2f2b854f1f9ae7f2a731e44dbd
Starships,type,Types/Sith starfighter,Sith starfighter,Darth Maul's Sith Infiltrator (Scimitar),DrEgguin,,exact,1.0,,https://sketchfab.com/3d-models/none-4d59a2ee3f6f4c9c9894d97ac34bcf36
Starships,type,Types/Snubfighter (Legends),Snubfighter,Incom T-70 X-Wing - Wings Closed,StratoArt,,exact,1.0,,https://sketchfab.com/3d-models/none-0c4da7c7c3104fcf9a59a5d9497335e8
Starships,type,Types/Space gunship,Space gunship,Spaceship 1 (Remodel),gavinpgamer1,,exact,1.0,,https://sketchfab.com/3d-models/none-04d4c90fae8c43488e8361acfc53cdc7
Starships,type,Types/Space gunship (Legends),Space gunship,Spaceship 1 (Remodel),gavinpgamer1,,exact,1.0,,https://sketchfab.com/3d-models/none-04d4c90fae8c43488e8361acfc53cdc7
Starships,type,Types/Space taxi,Space taxi,Space Taxi sub 1k tris challenge,Viktor Trisjin,,exact,1.0,,https://sketchfab.com/3d-models/none-f8b9baaa333b4eb4a9e24c9db3076017
Starships,type,Types/Spacetug,Spacetug,Orange SpaceTug,LDoo,,exact,1.0,,https://sketchfab.com/3d-models/none-1bbc5f0d36b949589506dd7ff811268d
Starships,type,Types/Spacetug (Legends),Spacetug,Orange SpaceTug,LDoo,,exact,1.0,,https://sketchfab.com/3d-models/none-1bbc5f0d36b949589506dd7ff811268d
Starships,type,Types/Star Cruiser,Star Cruiser,Invictus Class Star Cruiser,Conner Bentley,,strong,1.0,,https://sketchfab.com/3d-models/none-8ba24769c02b401d88f50655505c92be
Starships,type,Types/Star Defender,Star Defender,Star Wars: TIE/d Defender,Daniel,,exact,1.0,,https://sketchfab.com/3d-models/none-22bc65f9eb4640b6ae58b1b5e184e80e
Starships,type,Types/Star Dreadnought,Star Dreadnought,Star Wars Dreadnought,bruhepic925,,strong,1.0,,https://sketchfab.com/3d-models/none-d146d98ea3b346548f463181331b9e70
Starships,type,Types/Star Dreadnought (Legends),Star Dreadnought,Star Wars Dreadnought,bruhepic925,,strong,1.0,,https://sketchfab.com/3d-models/none-d146d98ea3b346548f463181331b9e70
Starships,type,Types/StarSpeeder 1000,StarSpeeder 1000,"Disneyland - RX-24 ""Rex"" Droid",David Henson,,weak,0.5,,https://sketchfab.com/3d-models/none-05ba4834f9f94977a5efce0672a9c6ae
Starships,type,Types/StarSpeeder 3000,StarSpeeder 3000,"Disneyland - RX-24 ""Rex"" Droid",David Henson,,weak,0.5,,https://sketchfab.com/3d-models/none-05ba4834f9f94977a5efce0672a9c6ae
Starships,type,Types/Stardestroyer,Stardestroyer,Star Wars: Imperial II Star Destroyer,Daniel,,exact,1.0,,https://sketchfab.com/3d-models/none-b8bd2d35f7604670ab85242c06c6d280
Starships,type,Types/Starfighter,WIRED,Star Wars Xbox 360 Controller,Logansryche,,exact,1.0,,https://sketchfab.com/3d-models/none-4ddbaa3d1dfb4145b50f1992132c9c04
Starships,type,Types/Starfighter (Legends),Starfighter,X-wing starfighter | T-65C-A2,Alana G,,strong,1.0,,https://sketchfab.com/3d-models/none-2397144aa2314e8fb03bf131d8f56af4
Starships,type,Types/Starspeeder 1000 (Canon),Starspeeder 1000,"Disneyland - RX-24 ""Rex"" Droid",David Henson,,weak,0.5,,https://sketchfab.com/3d-models/none-05ba4834f9f94977a5efce0672a9c6ae
Starships,type,Types/Starspeeder 3000 (Canon),Starspeeder 3000,"Disneyland - RX-24 ""Rex"" Droid",David Henson,,weak,0.5,,https://sketchfab.com/3d-models/none-05ba4834f9f94977a5efce0672a9c6ae
Starships,type,Types/Stormtrooper transport (Skorii-Lei),Stormtrooper transport,Star Wars: DX-9 Stormtrooper Transport,Daniel,,exact,1.0,,https://sketchfab.com/3d-models/none-4407803bbff749b4bf1b91cd630fc1f3
Starships,type,Types/Super Star Destroyer,Super Star Destroyer,Star Wars - Executor Super Star Destroyer,Admiral_Forever,,exact,1.0,,https://sketchfab.com/3d-models/none-df018bc2cecc4a5182fde06ddc9b1496
Starships,type,Types/Super Star Destroyer (Legends),Super Star Destroyer,Star Wars - Executor Super Star Destroyer,Admiral_Forever,,exact,1.0,,https://sketchfab.com/3d-models/none-df018bc2cecc4a5182fde06ddc9b1496
Starships,type,Types/Super-class Star Destroyer,Super-class Star Destroyer,Star Wars: Executor Class Star Destroyer,Daniel,,exact,1.0,,https://sketchfab.com/3d-models/none-0e4cbb98a2ba43f2a11498061b3f21d8
Starships,type,Types/Supply (transport),Supply,Star Wars: Quartermaster-class Supply Carrier,Daniel,,exact,1.0,,https://sketchfab.com/3d-models/none-6ee2bc9379dd44aab85988d2716bad93
Starships,type,Types/Supply carrier,Supply carrier,Star Wars: Quartermaster-class Supply Carrier,Daniel,,exact,1.0,,https://sketchfab.com/3d-models/none-6ee2bc9379dd44aab85988d2716bad93
Starships,type,Types/Supply carrier (Legends),Supply carrier,Star Wars: Quartermaster-class Supply Carrier,Daniel,,exact,1.0,,https://sketchfab.com/3d-models/none-6ee2bc9379dd44aab85988d2716bad93
Starships,type,Types/Supply ship,Supply ship,Separatist Supply Ship,bruhepic925,,exact,1.0,,https://sketchfab.com/3d-models/none-19b6006eb6e6405b84e828b552af4abf
Starships,type,Types/Supply ship (Legends),Supply ship,Separatist Supply Ship,bruhepic925,,exact,1.0,,https://sketchfab.com/3d-models/none-19b6006eb6e6405b84e828b552af4abf
Starships,type,Types/Survivor,Survivor,STAR WARS - Jedi Survivor(ESB): Boba Fett,Zorg_Sinister,,exact,1.0,,https://sketchfab.com/3d-models/none-e00ddf411b394bc7a6db9e4527ca657b
Starships,type,Types/T-5 shuttle,T-5 shuttle,Syst De Flotte Sienar - Navette T-4a Lambda,Dadau,,weak,0.565,,https://sketchfab.com/3d-models/none-8f197e999d744492a336ca5250cd1707
Starships,type,Types/T-6 shuttle,T-6 shuttle,T-6 Shuttle,Teck S.,,exact,1.0,,https://sketchfab.com/3d-models/none-f3a1d27293e14616b22e9c55a365bc80
Starships,type,Types/T-6 shuttle (Legends),T-6 shuttle,T-6 Shuttle,Teck S.,,exact,1.0,,https://sketchfab.com/3d-models/none-f3a1d27293e14616b22e9c55a365bc80
Starships,type,Types/T-65 X-wing starfighter,T-65 X-wing starfighter,T-65 X-wing Starfighter - Star Wars,Quiznos323,,exact,1.0,,https://sketchfab.com/3d-models/none-993d2920342f46f7b92baf3aea1c3cf3
Starships,type,Types/T-65 X-wing starfighter (Legends),T-65 X-wing starfighter,T-65 X-wing Starfighter - Star Wars,Quiznos323,,exact,1.0,,https://sketchfab.com/3d-models/none-993d2920342f46f7b92baf3aea1c3cf3
Starships,type,Types/T-65A2 X-wing starfighter,T-65A2 X-wing starfighter,X-Wing Model Kit [Star Wars] ZEO,ZEO CMF,,weak,0.767,,https://sketchfab.com/3d-models/none-48624a7d6e8e4563b79820b94cf3071e
Starships,type,Types/T-65A3 X-wing starfighter,T-65A3 X-wing starfighter,X-Wing Model Kit [Star Wars] ZEO,ZEO CMF,,weak,0.767,,https://sketchfab.com/3d-models/none-48624a7d6e8e4563b79820b94cf3071e
Starships,type,Types/T-65B X-wing starfighter,T-65B X-wing starfighter,T-65B X-Wing Starfighter,A308 Digital,,exact,1.0,,https://sketchfab.com/3d-models/none-d2b74c2a97564d2a82828a965a0607cd
Starships,type,Types/T-65B X-wing starfighter (Legends),T-65B X-wing starfighter,T-65B X-Wing Starfighter,A308 Digital,,exact,1.0,,https://sketchfab.com/3d-models/none-d2b74c2a97564d2a82828a965a0607cd
Starships,type,Types/T-65C-A2 X-wing starfighter,T-65C-A2 X-wing starfighter,X-wing starfighter | T-65C-A2,Alana G,,exact,1.0,,https://sketchfab.com/3d-models/none-2397144aa2314e8fb03bf131d8f56af4
Starships,type,Types/T-65C-A2 X-wing starfighter (Legends),T-65C-A2 X-wing starfighter,X-wing starfighter | T-65C-A2,Alana G,,exact,1.0,,https://sketchfab.com/3d-models/none-2397144aa2314e8fb03bf131d8f56af4
Starships,type,Types/T-70 X-wing starfighter,T-70 X-wing starfighter,Resistance X-Wing Starfighter T-70 (Black),El X-Wing Boricua,,exact,1.0,,https://sketchfab.com/3d-models/none-ab47d7e95c464bda988d45e335acaf6a
Starships,type,Types/T-X-wing,T-X-wing,X-wing starfighter | T-65C-A2,Alana G,,exact,1.0,,https://sketchfab.com/3d-models/none-2397144aa2314e8fb03bf131d8f56af4
Starships,type,Types/TIE Advanced prototype,TIE Advanced prototype,TIE Advanced x1 (Vader's TIE) - Star Wars,Quiznos323,,weak,0.667,,https://sketchfab.com/3d-models/none-98f1decbda5c48aea22a11c7ddd62a7b
Starships,type,Types/TIE Advanced x1,TIE Advanced x1,Star Wars: TIE/x1 Advanced x1,Daniel,,exact,1.0,,https://sketchfab.com/3d-models/none-0b3825de4fa542a893c9f9344b7e5f31
Starships,type,Types/TIE Advanced x1 (Legends),TIE Advanced x1,Star Wars: TIE/x1 Advanced x1,Daniel,,exact,1.0,,https://sketchfab.com/3d-models/none-0b3825de4fa542a893c9f9344b7e5f31
Starships,type,Types/TIE Advanced x1 (modified),TIE Advanced x1 (modified),TIE Advanced x1 (Vader's TIE) - Star Wars,Quiznos323,,weak,0.75,,https://sketchfab.com/3d-models/none-98f1decbda5c48aea22a11c7ddd62a7b
Starships,type,Types/TIE Experimental M1,TIE Experimental M1,Star Wars Tie Experimental M1,Tigerar1,,exact,1.0,,https://sketchfab.com/3d-models/none-cb7abe9d01484051a1800cf2237e97dc
Starships,type,Types/TIE Experimental M2,TIE Experimental M2,Star Wars Tie Experimental M2,Tigerar1,,exact,1.0,,https://sketchfab.com/3d-models/none-eadf963f5fa54b5cbde0cc492f2c3bb5
Starships,type,Types/TIE Experimental M3,TIE Experimental M3,Star Wars Tie Experimental M3,Tigerar1,,exact,1.0,,https://sketchfab.com/3d-models/none-63dd441083b04150966b4c278e021ff1
Starships,type,Types/TIE Experimental M4,TIE Experimental M4,Star Wars Tie Experimental M4,Tigerar1,,exact,1.0,,https://sketchfab.com/3d-models/none-d77a7cd029a24141b62b5fabdc187527
Starships,type,Types/TIE Experimental M5,TIE Experimental M5,Star Wars Tie Experimental M5,Tigerar1,,exact,1.0,,https://sketchfab.com/3d-models/none-8ea45c8823da43e48d7c12e48592b76c
Starships,type,Types/TIE Heavy Bomber,TIE Heavy Bomber,Star Wars: TIE Heavy Bomber,Daniel,,exact,1.0,,https://sketchfab.com/3d-models/none-921702f17004479085bdf252aacb4078
Starships,type,Types/TIE Oppressor,TIE Oppressor,Star Wars: TIE Oppressor,Daniel,,exact,1.0,,https://sketchfab.com/3d-models/none-53ad3109b2b54a04a48ab4baa06c558b
Starships,type,Types/TIE Sentinel,TIE Sentinel,"""Pulsar Edge"" - Adox's Lightsaber",Adox,,weak,0.5,,https://sketchfab.com/3d-models/none-7d533ef0b0f942deaf3059692804c4d9
Starships,type,Types/TIE boarding craft,TIE boarding craft,Star Wars: TIE Boarding Craft,Daniel,,exact,1.0,,https://sketchfab.com/3d-models/none-ae10c444de094fc08990da3e08923950
Starships,type,Types/TIE crawler,TIE crawler,Star Wars Sandcrawler (exterior),tegnemaskin,,weak,0.5,,https://sketchfab.com/3d-models/none-b0d602dd705240638d09500054d67d66
Starships,type,Types/TIE crawler (Legends),TIE crawler,Star Wars Sandcrawler (exterior),tegnemaskin,,weak,0.5,,https://sketchfab.com/3d-models/none-b0d602dd705240638d09500054d67d66
Starships,type,Types/TIE fighter prototype,TIE fighter prototype,TIE Runner,gauvain_boiche,,weak,0.565,,https://sketchfab.com/3d-models/none-b209951dbdff45a297fcf212f0fc6bd7
Starships,type,Types/TIE lander,TIE lander,TIE/rlg Reaper ground attack lander,Rebus2077,,exact,1.0,,https://sketchfab.com/3d-models/none-42099d76950743be87ac5ceced33649f
Starships,type,Types/TIE lander (Legends),TIE lander,TIE/rlg Reaper ground attack lander,Rebus2077,,exact,1.0,,https://sketchfab.com/3d-models/none-42099d76950743be87ac5ceced33649f
Starships,type,Types/TIE starfighter,TIE starfighter,Star Wars: TIE Fighter,John Doe,,exact,1.0,,https://sketchfab.com/3d-models/none-a823acd4b7f243dd9ae4ab50a1a12b07
Starships,type,Types/TIE stealth,TIE stealth,TIE/Lq8 Multi-Role Stealth Starfighter gen 2,Rebus2077,,exact,1.0,,https://sketchfab.com/3d-models/none-efeada3d29434d129dc1f6588c725d33
Starships,type,Types/TIE torpedo,TIE torpedo,TIE-AAK (Analyzer Advanced Killler,StarwarsPerson786,,strong,0.769,,https://sketchfab.com/3d-models/none-3420833dfe85448e8fb347774ca6f3b8
Starships,type,Types/TIE-D Defender Elite,TIE/D Defender Elite,Star Wars: TIE/d Defender Elite,Daniel,,exact,1.0,,https://sketchfab.com/3d-models/none-d0d042b12b8c4a2993bfe7bee78c5953
Starships,type,Types/TIE-IN Interceptor Prototype,TIE/IN Interceptor Prototype,TIE Runner,gauvain_boiche,,weak,0.615,,https://sketchfab.com/3d-models/none-b209951dbdff45a297fcf212f0fc6bd7
Starships,type,Types/TIE-IN interceptor,TIE/IN interceptor,Star Wars: TIE/in Interceptor,Daniel,,exact,1.0,,https://sketchfab.com/3d-models/none-80171ec2930b4949836bcf24d9694c41
Starships,type,Types/TIE-IN interceptor (Legends),TIE/IN interceptor,Star Wars: TIE/in Interceptor,Daniel,,exact,1.0,,https://sketchfab.com/3d-models/none-80171ec2930b4949836bcf24d9694c41
Starships,type,Types/TIE-ca Punisher (Legends),TIE/ca Punisher,Star Wars: TIE/ca Punisher,Daniel,,exact,1.0,,https://sketchfab.com/3d-models/none-98946565eae44d499e4ff482d232a3b9
Starships,type,Types/TIE-gt,TIE/gt,Star Wars: TIE/gt Ground Targeting,Daniel,,exact,1.0,,https://sketchfab.com/3d-models/none-3a7f591de6534ed4a2336e64b1709b50
Starships,type,"Types/TIE-ph ""Phantom"" Multi-Role Stealth Starfighter","TIE/ph ""Phantom"" Multi-Role Stealth Starfighter",TIE/Lq8 Multi-Role Stealth Starfighter gen 2,Rebus2077,,exact,1.0,,https://sketchfab.com/3d-models/none-efeada3d29434d129dc1f6588c725d33
Starships,type,"Types/TIE-ph ""Phantom"" Multi-Role Stealth Starfighter (Legends)","TIE/ph ""Phantom"" Multi-Role Stealth Starfighter",TIE/Lq8 Multi-Role Stealth Starfighter gen 2,Rebus2077,,exact,1.0,,https://sketchfab.com/3d-models/none-efeada3d29434d129dc1f6588c725d33
Starships,type,Types/TIE-sa tactical bomber,TIE/sa tactical bomber,TIE/sa Bomber - Star Wars,Quiznos323,,weak,0.697,,https://sketchfab.com/3d-models/none-8529a54356724c959c5de37e9e397652
Starships,type,Types/TIE-sa tactical bomber (Legends),TIE/sa tactical bomber,TIE/sa Bomber - Star Wars,Quiznos323,,weak,0.697,,https://sketchfab.com/3d-models/none-8529a54356724c959c5de37e9e397652
Starships,type,Types/TIE-sh shuttle,TIE/sh shuttle,Star Wars: TIE/sh Shuttle,Daniel,,exact,1.0,,https://sketchfab.com/3d-models/none-9cc4cc2e78304a7ba6d2bd377a7ce7dd
Starships,type,Types/TIE-wing,TIE-wing,TIE/wb Wing Bomber,Rebus2077,,exact,1.0,,https://sketchfab.com/3d-models/none-e8accf81700943c5924a53525bb6695a
Starships,type,Types/TIE-x2 starfighter,TIE/x2 starfighter,TIE Advanced X2 MS-DOS,Warhammer_81,,exact,1.0,,https://sketchfab.com/3d-models/none-4321d17151f9409ca34cec4ffe4044f5
Starships,type,Types/TYE-wing,TYE-wing,TIE/wb Wing Bomber,Rebus2077,,weak,0.5,,https://sketchfab.com/3d-models/none-e8accf81700943c5924a53525bb6695a
Starships,type,Types/Tector,Tector,STAR WARS: Tector-class star desteroyr,borisszablodskii344,,exact,1.0,,https://sketchfab.com/3d-models/none-8d3e98ded34d4e8b97858b95c36488dc
Starships,type,Types/Tector-class,Tector-class,STAR WARS: Tector-class star desteroyr,borisszablodskii344,,exact,1.0,,https://sketchfab.com/3d-models/none-8d3e98ded34d4e8b97858b95c36488dc
Starships,type,Types/Thran-class vessel,Thran-class vessel,Venator-Class Star Destroyer,A308 Digital,,weak,0.565,,https://sketchfab.com/3d-models/none-5c2d88be90384395a2b4c23c7203e7d6
Starships,type,Types/Ton-Falk-class escort carrier,Ton-Falk-class escort carrier,Ton-Falk class Escort Carrier,gavinpgamer1,,exact,1.0,,https://sketchfab.com/3d-models/none-eb9ca03715024a7c8c1778591c749fee
Starships,type,Types/Trade Federation Freighter,Trade Federation Freighter,Trade Federation Light Freighter,CorelliaStar Shipyards,,exact,1.0,,https://sketchfab.com/3d-models/none-705db7935e794cdd81e3628ed2db9f09
Starships,type,Types/Trade Federation Troop Transport,Trade Federation Troop Transport,Trade Federation Landing Craft,Kuat-Entralla 3D Engineering,,weak,0.606,,https://sketchfab.com/3d-models/none-5ca9a2c89480421592cd65b82d2a028b
Starships,type,Types/Trade Federation cargo hauler,Trade Federation cargo hauler,Trade Federation Light Freighter,CorelliaStar Shipyards,,weak,0.606,,https://sketchfab.com/3d-models/none-705db7935e794cdd81e3628ed2db9f09
Starships,type,Types/Trade Federation ship (Sith world),Trade Federation ship,Trade federation ship,ANGELFOX47,,exact,1.0,,https://sketchfab.com/3d-models/none-1338737d49ca4911b3fd0e04d7b1b921
Starships,type,Types/Transport,Transport,Kei Truck Scout Transport,JohnMesplay,,strong,1.0,,https://sketchfab.com/3d-models/none-0cb4b243a9dd4d1ca1ab30a17f23ac81
Starships,type,Types/Transport (Legends),Transport,Kei Truck Scout Transport,JohnMesplay,,strong,1.0,,https://sketchfab.com/3d-models/none-0cb4b243a9dd4d1ca1ab30a17f23ac81
Starships,type,Types/Troop transport,Troop transport,Star Wars Empire Troop Transport | Andor,Losss,,exact,1.0,,https://sketchfab.com/3d-models/none-a33a4d5fceb74b929dbabb3cb5506b29
Starships,type,Types/Troop transport (Legends),Troop transport,Star Wars Empire Troop Transport | Andor,Losss,,exact,1.0,,https://sketchfab.com/3d-models/none-a33a4d5fceb74b929dbabb3cb5506b29
Starships,type,Types/V'sett-class fighter,V'sett-class fighter,V-19 Torrent Starfighter,A308 Digital,,weak,0.5,,https://sketchfab.com/3d-models/none-67804739c036405faea16120d31bc65a
Starships,type,Types/V-19 Torrent starfighter,V-19 Torrent starfighter,Star Wars V-19 Torrent,archfan,,exact,1.0,,https://sketchfab.com/3d-models/none-2a9045dac44b4f3a8c1c77b905aaa844
Starships,type,Types/V-19 Torrent starfighter (Legends),V-19 Torrent starfighter,Star Wars V-19 Torrent,archfan,,exact,1.0,,https://sketchfab.com/3d-models/none-2a9045dac44b4f3a8c1c77b905aaa844
Starships,type,Types/VCX-100 light freighter,VCX-100 light freighter,Star Wars Rebels: Ghost: VCX-100 (8K Textures),CGI Tutorials,,strong,0.769,,https://sketchfab.com/3d-models/none-8740b94179ba43a7ac6476973ca0c577
Starships,type,Types/VT-49 Decimator,VT-49 Decimator,Star Wars: VT-49 Decimator,Daniel,,exact,1.0,,https://sketchfab.com/3d-models/none-3d9103b8d13942a3a990a0f42f2f4c4a
Starships,type,Types/VT-49 Decimator (Legends),VT-49 Decimator,Star Wars: VT-49 Decimator,Daniel,,exact,1.0,,https://sketchfab.com/3d-models/none-3d9103b8d13942a3a990a0f42f2f4c4a
Starships,type,Types/Venator I-class Star Destroyer,Venator I-class Star Destroyer,Venator-Class Star Destroyer,A308 Digital,,weak,0.655,,https://sketchfab.com/3d-models/none-5c2d88be90384395a2b4c23c7203e7d6
Starships,type,Types/Venator-class Star Destroyer,Venator-class Star Destroyer,Venator-Class Star Destroyer,A308 Digital,,exact,1.0,,https://sketchfab.com/3d-models/none-5c2d88be90384395a2b4c23c7203e7d6
Starships,type,Types/Venator-class Star Destroyer (Legends),Venator-class Star Destroyer,Venator-Class Star Destroyer,A308 Digital,,exact,1.0,,https://sketchfab.com/3d-models/none-5c2d88be90384395a2b4c23c7203e7d6
Starships,type,Types/Victory I-class Star Destroyer,Victory I-class Star Destroyer,Victory I-class Star Destroyer (Legends),gavinpgamer1,,exact,1.0,,https://sketchfab.com/3d-models/none-d51b66b4ff6442349d70334f7137f929
Starships,type,Types/Victory I-class Star Destroyer (Legends),Victory I-class Star Destroyer,Victory I-class Star Destroyer (Legends),gavinpgamer1,,exact,1.0,,https://sketchfab.com/3d-models/none-d51b66b4ff6442349d70334f7137f929
Starships,type,Types/Victory-class Star Destroyer,Victory-class Star Destroyer,Victory I-class Star Destroyer (Legends),gavinpgamer1,,exact,1.0,,https://sketchfab.com/3d-models/none-d51b66b4ff6442349d70334f7137f929
Starships,type,Types/Victory-class Star Destroyer (Legends),Victory-class Star Destroyer,Victory I-class Star Destroyer (Legends),gavinpgamer1,,exact,1.0,,https://sketchfab.com/3d-models/none-d51b66b4ff6442349d70334f7137f929
Starships,type,Types/Vindicator-class heavy cruiser,Vindicator-class heavy cruiser,Vindicator-class Heavy Cruiser,gavinpgamer1,,exact,1.0,,https://sketchfab.com/3d-models/none-630466223c764e0cb235c7c32129d69b
Starships,type,Types/Vindicator-class heavy cruiser (Legends),Vindicator-class heavy cruiser,Vindicator-class Heavy Cruiser,gavinpgamer1,,exact,1.0,,https://sketchfab.com/3d-models/none-630466223c764e0cb235c7c32129d69b
Starships,type,Types/Walker 1,Walker 1,Desert Robot Gunslinger,TheAlex,,weak,0.5,,https://sketchfab.com/3d-models/none-13a462a231d344c78e9e2b135857ff52
Starships,type,Types/Wanderer (commuter starship),Wanderer,The Wanderer's Lightsaber,DMC_RELAX,,exact,1.0,,https://sketchfab.com/3d-models/none-f5acd77ecccf4d27a5db96f07b5120e9
Starships,type,Types/War Cruiser,War Cruiser,Star Wars: Gozanti-Class Cruiser,Daniel,,exact,1.0,,https://sketchfab.com/3d-models/none-6a587e545b1c48bea95480b49458ac63
Starships,type,Types/War cruiser (Canon),War cruiser,Star Wars: Gozanti-Class Cruiser,Daniel,,exact,1.0,,https://sketchfab.com/3d-models/none-6a587e545b1c48bea95480b49458ac63
Starships,type,Types/War cruiser (Legends),War cruiser,Star Wars: Gozanti-Class Cruiser,Daniel,,exact,1.0,,https://sketchfab.com/3d-models/none-6a587e545b1c48bea95480b49458ac63
Starships,type,Types/Warship,Warship,STAR WARS DROIDE B2 BY OSCAR CREATIVO,OSCAR CREATIVO,,exact,1.0,,https://sketchfab.com/3d-models/none-bb52ea58e9f04427b9b9bf4b829e0810
Starships,type,Types/Warship (Legends),Warship,STAR WARS DROIDE B2 BY OSCAR CREATIVO,OSCAR CREATIVO,,exact,1.0,,https://sketchfab.com/3d-models/none-bb52ea58e9f04427b9b9bf4b829e0810
Starships,type,Types/X-TIE Fighter,X-TIE Fighter,Tie-X,Baardus,,strong,0.87,,https://sketchfab.com/3d-models/none-0118607beaed4571b94615a611bab570
Starships,type,Types/X-fighter,X-fighter,X-wing starfighter | T-65C-A2,Alana G,,exact,1.0,,https://sketchfab.com/3d-models/none-2397144aa2314e8fb03bf131d8f56af4
Starships,type,Types/X-wing (tandem),X-wing,X-wing starfighter | T-65C-A2,Alana G,,exact,1.0,,https://sketchfab.com/3d-models/none-2397144aa2314e8fb03bf131d8f56af4
Starships,type,Types/Y-4 Transport,Y-4 Transport,star wars Y-45 armored AT transport hauler,honky,,weak,0.565,,https://sketchfab.com/3d-models/none-ec8f225a454d4ebeb88cccd6df7b0758
Starships,type,Types/Y-45 armored transport hauler,Y-45 armored transport hauler,star wars Y-45 armored AT transport hauler,honky,,exact,1.0,,https://sketchfab.com/3d-models/none-469838dec2164a7a94e9b99c2abbfe4d
Starships,type,Types/Y-TIE,Y-TIE,Qasar-Fire Cruiser-Carrier,Kuat-Entralla 3D Engineering,,weak,0.5,,https://sketchfab.com/3d-models/none-a506dd65a23d40efa85bcc5adba67285
Starships,type,Types/YT-1300 light freighter,YT-1300 light freighter,Star Wars Galaxies - YT1300 (Inside),Zorg_Sinister,,strong,0.769,,https://sketchfab.com/3d-models/none-400abf08c94e4b4e809fca0aa51a5e00
Starships,type,Types/YT-1300 light freighter (Legends),YT-1300 light freighter,Star Wars Galaxies - YT1300 (Inside),Zorg_Sinister,,strong,0.769,,https://sketchfab.com/3d-models/none-400abf08c94e4b4e809fca0aa51a5e00
Starships,type,Types/YT-2400 light freighter,YT-2400 light freighter,Star Wars: YT-2400 Light Freighter,Daniel,,exact,1.0,,https://sketchfab.com/3d-models/none-ccd2749df33641fba7a5326500abdbfb
Starships,type,Types/YT-2400 light freighter (Legends),YT-2400 light freighter,Star Wars: YT-2400 Light Freighter,Daniel,,exact,1.0,,https://sketchfab.com/3d-models/none-ccd2749df33641fba7a5326500abdbfb
Starships,type,Types/Yacht,Yacht,Star Wars: Personal Luxury Yacht 3000,Daniel,,strong,1.0,,https://sketchfab.com/3d-models/none-cb6dee6d3d964b69ba50c95b220e4f9e
Starships,type,Types/Yacht (Legends),Yacht,Star Wars: Personal Luxury Yacht 3000,Daniel,,strong,1.0,,https://sketchfab.com/3d-models/none-cb6dee6d3d964b69ba50c95b220e4f9e
Starships,type,Types/Z-95 Headhunter,Z-95 Headhunter,Star Wars: Z-95 Headhunter,Daniel,,exact,1.0,,https://sketchfab.com/3d-models/none-d2a5c2dfccbd445e8ec9bbee3e216b33
Starships,type,Types/Z-95 Headhunter (Legends),Z-95 Headhunter,Star Wars: Z-95 Headhunter,Daniel,,exact,1.0,,https://sketchfab.com/3d-models/none-d2a5c2dfccbd445e8ec9bbee3e216b33
Starships,type,Types/Z-95-AF4 Headhunter,Z-95-AF4 Headhunter,Incom Z-95-AF4 Headhunter,Warhammer_81,,exact,1.0,,https://sketchfab.com/3d-models/none-5a6781752e03414f8041fd672807e25c
Starships,type,Types/Z-95-AF4 Headhunter (Legends),Z-95-AF4 Headhunter,Incom Z-95-AF4 Headhunter,Warhammer_81,,exact,1.0,,https://sketchfab.com/3d-models/none-5a6781752e03414f8041fd672807e25c
Starships,type,Types/Z-95t Headhunter,Z-95t Headhunter,Star Wars: Z-95 Headhunter,Daniel,,weak,0.667,,https://sketchfab.com/3d-models/none-d2a5c2dfccbd445e8ec9bbee3e216b33
Starships,type,Types/Z-wing,Z-wing,Star Wars Galaxies - X-Wing(Luke/Red-Five),Zorg_Sinister,,weak,0.5,,https://sketchfab.com/3d-models/none-c9bb464489e14a83a3d018c68d6145ff
